1611316114.374816;2034;186;2200
1611316114.406747;1727;922;2200
1611316114.429523;1683;2000;2200
1611316114.455261;1655;3613;2200
1611316114.481601;1626;5184;2200
1611316114.503819;1600;6909;2200
1611316114.533222;1573;8285;2200
1611316114.559610;1548;8044;2200
1611316114.585039;1521;6702;2200
1611316114.608850;1495;5269;2200
1611316114.622937;1468;3432;2200
1611316114.656062;1441;1596;2200
1611316114.671974;1410;199;2200
1611316114.708233;1405;88;2200
1611316114.731318;1400;119;2200
1611316114.761425;1365;159;2200
1611316114.786714;1322;210;2200
1611316114.805774;1300;158;2200
1611316114.822927;1296;101;2200
1611316114.856462;1284;66;2200
1611316115.140274;931;76;2200
1611316127.100218;2120;163;2208
1611316127.126523;1759;707;2208
1611316127.156507;1702;2050;2208
1611316127.181740;1664;3904;2208
1611316127.204964;1627;6121;2208
1611316127.232113;1592;8052;2208
1611316127.249871;1558;7441;2208
1611316127.277106;1523;5827;2208
1611316127.303004;1489;3599;2208
1611316127.333251;1452;1274;2208
1611316127.371142;1409;460;2208
1611316127.381401;1376;425;2208
1611316127.395194;1346;359;2208
1611316127.433562;1324;285;2208
1611316127.445354;1313;212;2208
1611316127.478730;1310;223;2208
1611316127.497919;1307;237;2208
1611316127.530598;1303;236;2208
1611316127.560447;1301;211;2208
1611316127.585494;1296;182;2208
1611316127.611011;1293;126;2208
1611316127.632015;1280;65;2208
1611316141.132220;2211;120;2216
1611316141.162043;1908;248;2216
1611316141.184490;1713;759;2216
1611316141.201666;1670;2701;2216
1611316141.237788;1636;5732;2216
1611316141.253090;1601;8488;2216
1611316141.283882;1567;11409;2216
1611316141.307255;1535;11937;2216
1611316141.333173;1502;9465;2216
1611316141.357827;1469;6530;2216
1611316141.388699;1434;3067;2216
1611316141.400477;1392;615;2216
1611316141.435547;1361;338;2216
1611316141.459777;1333;423;2216
1611316141.485782;1307;377;2216
1611316141.515300;1283;289;2216
1611316141.537775;1265;208;2216
1611316141.566282;1255;165;2216
1611316141.583278;1252;165;2216
1611316141.615665;1246;175;2216
1611316141.634014;1244;166;2216
1611316141.665878;1243;164;2216
1611316141.691374;1241;149;2216
1611316141.716679;1239;128;2216
1611316141.734594;1237;89;2216
1611316155.990905;2201;104;2216
1611316156.019897;2008;177;2216
1611316156.041937;1789;396;2216
1611316156.070907;1725;583;2216
1611316156.091191;1682;1547;2216
1611316156.120785;1653;3082;2216
1611316156.138306;1627;4507;2216
1611316156.171175;1603;6424;2216
1611316156.192368;1579;7900;2216
1611316156.222489;1557;10205;2216
1611316156.247411;1535;12107;2216
1611316156.272359;1513;12014;2220
1611316156.297519;1490;10673;2220
1611316156.323177;1467;8696;2216
1611316156.341058;1444;6857;2216
1611316156.370634;1420;4730;2216
1611316156.392211;1398;2484;2216
1611316156.419806;1370;675;2216
1611316156.446041;1345;523;2218
1611316156.474032;1330;646;2216
1611316156.497463;1315;726;2216
1611316156.524900;1297;692;2218
1611316156.547002;1277;459;2216
1611316156.572244;1263;142;2216
1611316156.588336;1260;98;2216
1611316156.622957;1257;88;2216
1611316156.649513;1253;95;2216
1611316156.668860;1249;84;2216
1611316156.701274;1245;78;2216
1611316156.723369;1240;72;2222
1611316156.747537;1232;65;2220
1611316156.772231;1224;67;2216
1611316156.790170;1216;67;2216
1611316156.820871;1215;70;2218
1611316156.853188;1214;79;2216
1611316156.871635;1214;89;2216
1611316156.903428;1213;84;2216
1611316156.928655;1212;94;2216
1611316156.953136;1210;90;2216
1611316156.970988;1201;71;2216
1611316167.672062;2152;141;2224
1611316167.696498;1681;639;2224
1611316167.722782;1627;2355;2224
1611316167.747625;1594;4642;2224
1611316167.763841;1560;7387;2224
1611316167.795187;1528;10456;2224
1611316167.823242;1496;11775;2224
1611316167.848488;1461;9977;2224
1611316167.869403;1426;6695;2224
1611316167.893394;1391;3660;2224
1611316167.923651;1346;561;2224
1611316167.947516;1333;129;2224
1611316167.970773;1306;170;2224
1611316167.996983;1275;253;2224
1611316168.013606;1250;221;2224
1611316168.044812;1247;117;2224
1611316186.682391;1940;110;2232
1611316186.703264;1917;159;2232
1611316186.732417;1880;193;2232
1611316186.746760;1842;212;2232
1611316186.782767;1801;262;2232
1611316186.808088;1751;468;2232
1611316186.833316;1715;1075;2232
1611316186.846663;1687;1711;2232
1611316186.879824;1662;2513;2232
1611316186.904015;1636;3359;2232
1611316186.931290;1612;4320;2232
1611316186.958982;1588;5142;2232
1611316186.982052;1565;5205;2232
1611316187.005715;1541;4617;2232
1611316187.032153;1518;3827;2232
1611316187.048574;1495;2999;2232
1611316187.079345;1470;2025;2232
1611316187.107280;1440;1002;2232
1611316187.131215;1403;522;2232
1611316187.157948;1375;562;2232
1611316187.186013;1350;655;2232
1611316187.211404;1325;789;2232
1611316187.231400;1304;941;2232
1611316187.261635;1281;1062;2232
1611316187.281836;1260;1211;2232
1611316187.312419;1238;1196;2232
1611316187.333812;1218;1001;2232
1611316187.357647;1197;607;2232
1611316187.387137;1182;227;2232
1611316187.413370;1178;135;2232
1611316187.438337;1177;104;2232
1611316187.463329;1176;107;2232
1611316187.479510;1176;109;2232
1611316187.513903;1175;121;2232
1611316187.533828;1179;150;2232
1611316187.562042;1183;178;2232
1611316187.584463;1184;204;2232
1611316187.614587;1182;205;2232
1611316187.633576;1180;205;2232
1611316187.665031;1179;180;2232
1611316187.690353;1176;166;2232
1611316187.714720;1176;154;2232
1611316187.730069;1173;149;2232
1611316187.765918;1171;150;2232
1611316187.778582;1170;148;2232
1611316187.812204;1170;144;2232
1611316187.841720;1170;141;2232
1611316187.862261;1170;144;2232
1611316187.880755;1169;148;2232
1611316187.914352;1170;150;2232
1611316187.931283;1170;148;2232
1611316187.962109;1169;151;2232
1611316187.978627;1168;138;2232
1611316188.015892;1169;144;2232
1611316188.038848;1168;141;2232
1611316188.068391;1169;139;2232
1611316188.093774;1170;143;2232
1611316188.111178;1176;156;2232
1611316188.143974;1184;179;2232
1611316188.162338;1195;203;2232
1611316188.194550;1198;223;2232
1611316188.211890;1200;229;2232
1611316188.244895;1196;233;2232
1611316188.270041;1192;221;2232
1611316188.295224;1190;187;2232
1611316188.319467;1189;201;2232
1611316188.345362;1190;220;2232
1611316188.361842;1190;231;2232
1611316188.395302;1189;248;2232
1611316188.412690;1188;244;2232
1611316188.446824;1185;241;2232
1611316188.463834;1183;231;2232
1611316188.496532;1180;222;2232
1611316188.511798;1177;205;2232
1611316188.547382;1176;177;2232
1611316188.572495;1172;159;2232
1611316188.597057;1169;140;2232
1611316188.612730;1169;141;2232
1611316188.645328;1168;139;2232
1611316188.669082;1168;135;2232
1611316188.693626;1168;132;2232
1611316188.723185;1168;128;2232
1611316188.748111;1168;124;2232
1611316188.760103;1167;129;2232
1611316188.795458;1167;127;2232
1611316188.812824;1167;126;2232
1611316188.847686;1166;131;2232
1611316188.875637;1167;127;2232
1611316188.896250;1167;129;2232
1611316188.918935;1170;132;2232
1611316188.949942;1177;149;2232
1611316188.961305;1187;168;2232
1611316189.000993;1195;191;2232
1611316189.021902;1200;207;2232
1611316189.047768;1203;223;2232
1611316189.076807;1198;235;2232
1611316189.099412;1191;233;2232
1611316189.127400;1185;203;2232
1611316189.144412;1183;177;2232
1611316189.177168;1180;177;2232
1611316189.193583;1178;185;2232
1611316189.227945;1176;191;2232
1611316189.244561;1176;188;2232
1611316189.277559;1175;187;2232
1611316189.295747;1173;185;2232
1611316189.328732;1170;184;2232
1611316189.353434;1170;179;2232
1611316189.378913;1170;175;2232
1611316189.395075;1168;166;2232
1611316189.429648;1167;161;2232
1611316189.454755;1165;144;2232
1611316189.479642;1162;135;2232
1611316189.495472;1161;124;2232
1611316189.530735;1159;92;2232
1611316189.548118;1156;68;2232
1611316201.503409;1993;75;2232
1611316201.521044;1988;85;2232
1611316201.552162;1979;110;2232
1611316201.574136;1928;143;2232
1611316201.599862;1851;205;2232
1611316201.623034;1800;273;2232
1611316201.655012;1775;357;2232
1611316201.668247;1763;472;2232
1611316201.705011;1756;600;2232
1611316201.723143;1750;724;2232
1611316201.750968;1744;839;2232
1611316201.767465;1737;891;2232
1611316201.799758;1731;1008;2232
1611316201.831732;1724;1141;2232
1611316201.850363;1718;1259;2232
1611316201.880743;1712;1353;2232
1611316201.901559;1707;1570;2232
1611316201.922885;1701;1731;2232
1611316201.953840;1695;1882;2232
1611316201.982210;1689;2097;2232
1611316202.000268;1683;2377;2232
1611316202.026813;1677;2593;2232
1611316202.057322;1671;2770;2232
1611316202.076170;1666;3064;2232
1611316202.108066;1660;3147;2232
1611316202.133197;1654;3229;2232
1611316202.153052;1648;3427;2232
1611316202.182725;1643;3701;2232
1611316202.202591;1637;3775;2232
1611316202.233822;1631;4029;2232
1611316202.256289;1626;4483;2232
1611316202.277982;1620;4615;2232
1611316202.296507;1615;4827;2232
1611316202.334820;1610;5043;2232
1611316202.358137;1605;5071;2232
1611316202.384564;1599;5283;2232
1611316202.401160;1594;5090;2232
1611316202.433414;1589;5133;2232
1611316202.449976;1584;5040;2232
1611316202.482953;1578;5103;2232
1611316202.505676;1573;4802;2232
1611316202.537068;1567;4600;2232
1611316202.562142;1562;4602;2232
1611316202.583407;1557;4531;2232
1611316202.611872;1551;4334;2232
1611316202.633358;1546;4032;2232
1611316202.652060;1540;3893;2232
1611316202.685737;1535;3578;2232
1611316202.700980;1530;3599;2232
1611316202.733845;1525;3434;2232
1611316202.764221;1519;3233;2232
1611316202.788916;1514;3018;2232
1611316202.800691;1508;2682;2232
1611316202.833329;1503;2405;2232
1611316202.860662;1498;2066;2232
1611316202.889415;1492;2105;2232
1611316202.914662;1486;1840;2232
1611316202.935851;1480;1533;2232
1611316202.965425;1475;1200;2232
1611316202.989829;1468;893;2232
1611316203.015191;1462;620;2232
1611316203.035279;1454;480;2232
1611316203.065586;1446;377;2232
1611316203.086709;1436;307;2232
1611316203.116028;1427;255;2232
1611316203.133845;1418;227;2232
1611316203.165808;1410;220;2232
1611316203.182907;1404;214;2232
1611316203.217075;1398;212;2232
1611316203.233430;1392;215;2232
1611316203.267411;1385;212;2232
1611316203.286575;1380;209;2232
1611316203.317926;1372;201;2232
1611316203.333737;1367;190;2232
1611316203.367290;1361;184;2232
1611316203.386949;1354;179;2232
1611316203.415111;1349;170;2232
1611316203.443304;1345;163;2232
1611316203.466678;1338;156;2232
1611316203.483262;1334;142;2232
1611316203.517095;1330;138;2232
1611316203.535589;1326;129;2232
1611316203.566776;1322;130;2232
1611316203.592211;1321;121;2232
1611316203.616790;1319;119;2232
1611316203.633872;1316;123;2232
1611316203.670707;1315;120;2232
1611316203.696201;1310;124;2232
1611316203.721297;1306;128;2232
1611316203.746966;1303;124;2232
1611316203.765995;1301;117;2232
1611316203.782351;1299;117;2232
1611316203.817611;1296;123;2232
1611316203.847180;1294;109;2232
1611316203.872131;1291;104;2232
1611316203.888007;1289;103;2232
1611316203.922783;1287;99;2232
1611316203.948133;1284;95;2232
1611316203.965796;1278;84;2232
1611316203.998538;1272;74;2232
1611316204.017190;1262;67;2232
1611316204.049068;1259;73;2232
1611316204.069253;1254;73;2232
1611316204.098510;1252;74;2232
1611316204.124335;1251;74;2232
1611316204.146136;1249;79;2232
1611316204.174873;1248;81;2232
1611316204.199988;1247;84;2232
1611316204.219528;1246;85;2232
1611316204.250622;1245;85;2232
1611316204.267713;1245;87;2232
1611316204.301002;1244;86;2232
1611316204.325717;1243;91;2232
1611316204.351662;1242;88;2232
1611316204.369724;1241;90;2232
1611316204.401904;1240;94;2232
1611316204.422079;1239;93;2232
1611316204.449551;1239;95;2232
1611316204.472766;1238;90;2232
1611316204.498061;1237;92;2232
1611316204.527673;1236;95;2232
1611316204.549122;1235;86;2232
1611316204.569269;1235;89;2232
1611316204.603055;1234;91;2232
1611316204.620019;1233;90;2232
1611316204.650917;1233;89;2232
1611316204.664879;1232;91;2232
1611316204.704032;1232;91;2232
1611316204.714984;1232;96;2232
1611316204.748370;1232;104;2232
1611316204.775940;1233;112;2232
1611316204.802128;1234;126;2232
1611316204.829990;1236;139;2232
1611316204.849880;1239;148;2232
1611316204.880575;1241;155;2232
1611316204.901396;1244;150;2232
1611316204.930842;1243;152;2232
1611316204.956153;1243;146;2232
1611316204.980682;1241;140;2232
1611316205.000863;1240;140;2232
1611316205.031536;1237;133;2232
1611316205.050459;1236;129;2232
1611316205.081400;1235;120;2232
1611316205.102147;1235;113;2232
1611316205.132527;1234;98;2232
1611316205.147963;1234;96;2232
1611316205.181753;1233;88;2232
1611316205.208090;1233;89;2232
1611316205.233234;1232;88;2232
1611316205.249965;1232;89;2232
1611316205.282777;1232;90;2232
1611316205.300019;1232;84;2232
1611316205.334129;1231;84;2232
1611316205.355008;1231;85;2232
1611316205.384480;1231;90;2232
1611316205.401985;1231;87;2232
1611316205.435012;1230;89;2232
1611316205.460316;1229;88;2232
1611316205.484817;1225;91;2232
1611316205.497634;1225;96;2232
1611316205.532209;1225;94;2232
1611316205.556046;1224;95;2232
1611316205.581264;1224;96;2232
1611316205.602062;1224;98;2232
1611316205.636509;1225;94;2232
1611316205.661961;1224;102;2232
1611316205.686594;1225;98;2232
1611316205.712309;1224;97;2232
1611316205.737091;1224;98;2232
1611316205.762733;1223;96;2232
1611316205.783620;1223;100;2232
1611316205.813054;1223;97;2232
1611316205.837762;1223;98;2232
1611316205.863481;1224;97;2232
1611316205.884358;1224;101;2232
1611316205.913607;1224;100;2232
1611316205.938902;1225;95;2232
1611316205.963855;1226;98;2232
1611316205.980845;1227;99;2232
1611316206.013921;1228;102;2232
1611316206.033008;1230;102;2232
1611316206.065168;1230;101;2232
1611316206.090078;1231;98;2232
1611316206.115396;1232;98;2232
1611316206.132536;1233;101;2232
1611316206.164095;1233;100;2232
1611316206.187308;1234;102;2232
1611316206.214966;1233;97;2232
1611316206.230816;1232;94;2232
1611316206.265660;1231;95;2232
1611316206.281066;1230;91;2232
1611316206.317076;1229;88;2232
1611316206.335233;1227;85;2232
1611316206.367430;1225;81;2232
1611316206.380550;1223;73;2232
1611316206.417704;1206;64;2232
1611316210.493918;1934;151;2240
1611316210.525494;1817;387;2234
1611316210.550554;1776;1009;2234
1611316210.574989;1754;1611;2236
1611316210.597527;1734;2122;2240
1611316210.626147;1715;2991;2240
1611316210.643100;1695;4025;2238
1611316210.670409;1676;4792;2240
1611316210.695349;1657;5730;2238
1611316210.723281;1639;6784;2236
1611316210.751956;1621;7530;2234
1611316210.777668;1604;7023;2232
1611316210.802658;1586;6653;2234
1611316210.827992;1568;5820;2234
1611316210.844574;1551;5007;2232
1611316210.875480;1534;4130;2232
1611316210.898832;1517;3223;2232
1611316210.926233;1499;2275;2232
1611316210.949277;1481;950;2238
1611316210.974250;1459;360;2234
1611316211.003947;1442;291;2236
1611316211.029405;1423;263;2232
1611316211.047449;1404;269;2232
1611316211.079801;1388;251;2236
1611316211.095495;1374;239;2240
1611316211.127444;1356;207;2240
1611316211.151069;1347;152;2238
1611316211.178408;1343;123;2238
1611316211.199314;1340;102;2238
1611316211.226518;1338;104;2240
1611316211.256308;1335;104;2240
1611316211.276827;1332;103;2236
1611316211.296235;1329;99;2240
1611316211.328542;1326;94;2238
1611316211.345876;1323;84;2236
1611316211.376264;1319;78;2238
1611316211.407660;1309;74;2240
1611316211.426224;1305;71;2236
1611316211.457856;1302;75;2234
1611316211.478957;1300;79;2234
1611316211.508478;1297;79;2236
1611316211.532887;1296;81;2236
1611316211.558457;1295;86;2236
1611316211.583794;1294;87;2234
1611316211.608449;1293;84;2238
1611316211.632109;1291;79;2236
1611316211.659741;1289;72;2236
1611316212.961848;1883;79;2240
1611316212.995235;1881;106;2240
1611316213.008816;1860;142;2240
1611316213.042019;1818;214;2240
1611316213.071266;1769;426;2240
1611316213.095843;1748;1127;2240
1611316213.109427;1727;2033;2240
1611316213.146043;1710;2756;2240
1611316213.172402;1692;3776;2240
1611316213.191022;1675;5419;2240
1611316213.222035;1658;7180;2240
1611316213.242372;1641;8352;2240
1611316213.268995;1624;9977;2240
1611316213.297572;1609;11578;2240
1611316213.309122;1593;12726;2240
1611316213.341069;1578;12569;2240
1611316213.372963;1563;12022;2240
1611316213.395721;1547;11248;2240
1611316213.417022;1532;9731;2240
1611316213.448759;1517;8285;2240
1611316213.474137;1502;6703;2240
1611316213.491193;1487;4993;2240
1611316213.523571;1471;3354;2240
1611316213.549398;1456;1803;2240
1611316213.574570;1439;746;2240
1611316213.600118;1420;221;2240
1611316213.618731;1406;177;2240
1611316213.649762;1392;170;2240
1611316213.675577;1383;530;2240
1611316213.691378;1373;937;2240
1611316213.725418;1358;903;2240
1611316213.743483;1345;1088;2240
1611316213.772941;1331;830;2240
1611316213.794430;1314;478;2240
1611316213.823436;1298;175;2240
1611316213.852083;1286;141;2240
1611316213.874287;1284;107;2240
1611316215.943479;1935;111;2240
1611316215.964213;1869;153;2240
1611316215.989705;1793;197;2240
1611316216.006130;1724;305;2240
1611316216.040550;1683;717;2240
1611316216.070190;1665;1745;2240
1611316216.090298;1647;2834;2240
1611316216.115239;1630;3759;2240
1611316216.145105;1614;5192;2240
1611316216.160589;1597;7036;2240
1611316216.191663;1581;8214;2240
1611316216.220468;1564;9714;2240
1611316216.242438;1548;11556;2240
1611316216.270569;1533;13259;2240
1611316216.290186;1517;12868;2240
1611316216.321345;1501;11900;2240
1611316216.341707;1484;10790;2240
1611316216.371262;1468;9283;2240
1611316216.389286;1451;7706;2240
1611316216.422302;1435;6465;2240
1611316216.440077;1417;4828;2240
1611316216.472435;1402;2527;2240
1611316216.498209;1384;1028;2240
1611316216.523538;1362;606;2240
1611316216.542426;1346;631;2240
1611316216.573090;1330;636;2240
1611316216.589042;1318;642;2240
1611316216.623167;1309;800;2240
1611316216.644687;1302;859;2240
1611316216.674048;1291;873;2240
1611316216.688928;1273;617;2240
1611316216.721608;1263;484;2240
1611316216.746677;1254;337;2240
1611316216.770702;1249;272;2240
1611316216.800195;1253;244;2240
1611316216.822478;1256;250;2240
1611316216.839639;1254;271;2240
1611316216.875752;1254;289;2240
1611316216.891483;1253;300;2240
1611316216.921785;1253;303;2240
1611316216.946579;1252;307;2240
1611316216.970989;1253;301;2240
1611316216.994734;1250;296;2240
1611316217.026903;1245;282;2240
1611316217.038478;1244;265;2240
1611316217.076112;1244;254;2240
1611316217.093938;1240;227;2240
1611316217.122221;1237;212;2240
1611316217.152776;1232;169;2240
1611316217.172607;1231;121;2240
1611316217.203512;1228;95;2240
1611316217.222206;1211;63;2240
1611316253.228470;1925;107;2248
1611316253.241907;1838;166;2248
1611316253.277592;1709;379;2248
1611316253.304937;1660;1014;2248
1611316253.324821;1636;2070;2248
1611316253.342994;1613;3015;2246
1611316253.375045;1590;4324;2248
1611316253.403254;1568;5330;2248
1611316253.431329;1546;6473;2248
1611316253.456183;1524;7868;2248
1611316253.475060;1503;7798;2248
1611316253.506320;1480;6781;2248
1611316253.529870;1457;5763;2248
1611316253.556900;1434;4528;2248
1611316253.574975;1410;3335;2248
1611316253.607629;1386;1868;2248
1611316253.626701;1358;686;2248
1611316253.652629;1332;486;2246
1611316253.682750;1314;504;2248
1611316253.707447;1295;512;2248
1611316253.732846;1281;623;2248
1611316253.758305;1267;635;2248
1611316253.777569;1251;606;2248
1611316253.808538;1234;496;2246
1611316253.828809;1220;325;2248
1611316253.851536;1214;260;2248
1611316253.877137;1214;239;2248
1611316253.908931;1215;251;2248
1611316253.925105;1213;271;2248
1611316253.959388;1210;278;2248
1611316253.985383;1208;269;2248
1611316254.010219;1207;262;2248
1611316254.024685;1208;254;2248
1611316254.060993;1205;243;2248
1611316254.079519;1206;235;2248
1611316254.110955;1205;229;2248
1611316254.123775;1203;222;2248
1611316254.161289;1198;187;2248
1611316254.174431;1195;148;2248
1611316254.211756;1194;105;2248
1611316254.225373;1191;70;2248
1611316265.815654;671;204;2248
1611316265.841809;527;218;2248
1611316265.872317;488;160;2248
1611316265.899122;464;152;2248
1611316265.923873;439;188;2248
1611316265.948601;430;165;2248
1611316265.965811;422;174;2248
1611316265.999290;415;201;2248
1611316266.015276;407;373;2248
1611316266.042685;416;2183;2248
1611316266.068605;440;6863;2248
1611316266.100011;466;6991;2248
1611316266.116403;495;7032;2248
1611316266.150653;525;3866;2248
1611316266.176135;554;8607;2248
1611316266.200917;586;8187;2248
1611316266.215666;617;8662;2248
1611316266.251655;649;9605;2248
1611316266.268666;681;9199;2248
1611316266.297854;713;6356;2248
1611316266.326471;748;3736;2248
1611316266.348309;795;7923;2248
1611316266.363458;833;4003;2248
1611316266.397557;862;7558;2248
1611316266.416570;889;5997;2248
1611316266.447305;918;6752;2248
1611316266.478621;950;5785;2248
1611316266.492645;982;1661;2248
1611316266.528325;1015;418;2248
1611316266.548119;1016;90;2248
1611316268.664376;464;206;2248
1611316268.694206;459;135;2248
1611316268.716254;456;150;2248
1611316268.745090;465;210;2248
1611316268.764184;492;3951;2248
1611316268.794572;509;5809;2248
1611316268.812929;535;1508;2248
1611316268.844958;568;1852;2248
1611316268.862966;597;9860;2248
1611316268.895428;622;14194;2248
1611316268.914883;651;14209;2248
1611316268.946095;680;12145;2248
1611316268.964521;711;12345;2248
1611316268.996617;739;8861;2248
1611316269.012992;763;6484;2248
1611316269.046871;790;4317;2248
1611316269.072017;822;2741;2248
1611316269.097080;860;3492;2248
1611316269.112553;896;3383;2248
1611316269.145550;922;2922;2248
1611316269.165708;952;1331;2248
1611316269.193394;977;395;2248
1611316269.222677;994;222;2248
1611316269.248345;1006;149;2248
1611316269.270125;1009;86;2248
1611316275.939091;404;912;2248
1611316275.968613;389;1675;2248
1611316275.992772;388;3499;2248
1611316276.020571;396;2841;2248
1611316276.048502;400;1806;2248
1611316276.073575;394;1420;2248
1611316276.092531;389;1310;2248
1611316276.123261;387;1300;2248
1611316276.140974;388;1309;2248
1611316276.174322;388;1388;2248
1611316276.191273;388;1516;2248
1611316276.224527;386;1470;2248
1611316276.244695;386;2854;2248
1611316276.274862;389;9907;2248
1611316276.289885;404;5473;2248
1611316276.325167;413;8891;2248
1611316276.343505;423;7148;2248
1611316276.375433;444;12640;2248
1611316276.388936;467;13516;2248
1611316276.422065;491;11479;2248
1611316276.447553;515;9308;2248
1611316276.471942;539;7494;2248
1611316276.501338;563;6033;2248
1611316276.526379;588;4862;2248
1611316276.543055;614;4802;2248
1611316276.573301;640;4687;2248
1611316276.592339;665;3865;2248
1611316276.621874;692;2906;2248
1611316276.647352;720;2468;2248
1611316276.672364;748;2212;2248
1611316276.696407;780;9232;2248
1611316276.728028;808;6865;2248
1611316276.739694;834;4092;2248
1611316276.778679;858;5384;2248
1611316276.797203;879;5487;2248
1611316276.829387;900;6506;2248
1611316276.854073;922;6248;2248
1611316276.874797;949;3468;2248
1611316276.904561;977;1340;2248
1611316276.925595;1001;415;2248
1611316276.954840;1011;164;2248
1611316276.971604;1013;84;2248
1611316277.004822;1015;68;2248
1611316278.254654;403;434;2248
1611316278.289680;398;484;2248
1611316278.305218;397;444;2248
1611316278.339219;394;388;2248
1611316278.365379;393;395;2248
1611316278.390230;391;415;2248
1611316278.404632;389;460;2248
1611316278.441144;389;443;2248
1611316278.460569;390;430;2248
1611316278.487120;390;415;2248
1611316278.515780;391;405;2248
1611316278.537944;397;391;2248
1611316278.555206;394;472;2248
1611316278.591879;395;510;2248
1611316278.607338;403;452;2248
1611316278.638680;410;497;2248
1611316278.660887;420;670;2248
1611316278.686927;437;791;2248
1611316278.715095;457;933;2248
1611316278.742830;480;1671;2248
1611316278.756063;503;2000;2248
1611316278.789539;528;1778;2248
1611316278.813962;554;5312;2248
1611316278.840442;577;6697;2248
1611316278.868791;600;3712;2248
1611316278.890385;625;3261;2248
1611316278.919604;649;5894;2248
1611316278.938942;675;2619;2248
1611316278.969398;699;2825;2248
1611316278.987632;720;6964;2248
1611316279.019796;742;2917;2248
1611316279.037756;770;2117;2248
1611316279.069862;798;1939;2248
1611316279.086078;825;1917;2248
1611316279.120872;851;1957;2248
1611316279.139845;874;1374;2248
1611316279.171085;898;836;2248
1611316279.196002;922;410;2248
1611316279.221393;941;267;2248
1611316279.238205;956;164;2248
1611316279.271629;958;110;2248
1611316279.286832;962;75;2248
1611316282.595860;3490;164;2248
1611316284.932377;1863;349;2248
1611316284.948018;1769;1493;2248
1611316284.980974;1732;3088;2248
1611316285.013307;1698;4458;2248
1611316285.031096;1666;5697;2248
1611316285.063674;1636;5919;2248
1611316285.084905;1606;5028;2248
1611316285.113537;1575;3302;2248
1611316285.134031;1544;1471;2248
1611316285.163549;1512;248;2248
1611316285.182212;1511;74;2248
1611316285.214864;1505;104;2248
1611316285.235085;1499;116;2248
1611316285.258160;1489;74;2248
1611316286.675523;257;153;2248
1611316286.700755;266;121;2248
1611316286.864410;422;76;2248
1611316286.978580;497;1191;2248
1611316287.001570;532;984;2248
1611316287.013614;573;457;2248
1611316287.053726;611;692;2248
1611316287.070733;647;1049;2248
1611316287.102126;684;1224;2248
1611316287.128708;723;1143;2248
1611316287.146657;762;756;2248
1611316287.179478;804;439;2248
1611316287.197480;837;231;2248
1611316287.229791;842;92;2248
1611316288.055061;1776;640;2248
1611316288.081759;1742;1648;2248
1611316288.096453;1709;2828;2248
1611316288.131640;1676;4534;2248
1611316288.161423;1645;6384;2248
1611316288.179767;1615;8189;2248
1611316288.211433;1585;7680;2248
1611316288.229842;1556;6370;2248
1611316288.261488;1527;4700;2248
1611316288.284120;1498;2863;2248
1611316288.312343;1466;755;2248
1611316288.329211;1446;174;2248
1611316288.357637;1424;161;2248
1611316288.388216;1399;187;2248
1611316288.405221;1382;137;2248
1611316288.438241;1376;68;2248
1611316306.866243;2394;98;2248
1611316306.896069;2044;180;2248
1611316306.915020;1630;519;2248
1611316306.946172;1580;2206;2248
1611316306.965022;1548;5009;2248
1611316306.986527;1515;7988;2248
1611316307.014510;1481;11248;2248
1611316307.046895;1446;11938;2248
1611316307.065509;1410;9065;2250
1611316307.097716;1374;5698;2248
1611316307.114722;1338;2391;2248
1611316307.141301;1299;297;2248
1611316307.172370;1273;219;2248
1611316307.197720;1257;149;2248
1611316307.220380;1254;114;2248
1611316307.248309;1249;76;2248
1611316307.264738;1243;63;2248
1611316307.298434;1233;73;2248
1611316307.513830;1131;84;2248
1611316310.712037;417;307;2254
1611316310.743452;414;252;2250
1611316310.772773;414;193;2250
1611316310.798649;408;246;2250
1611316310.819862;407;206;2250
1611316310.844731;408;201;2250
1611316310.865485;407;287;2250
1611316310.894019;410;474;2250
1611316310.919127;424;428;2252
1611316310.943718;414;398;2256
1611316310.967964;419;2792;2248
1611316310.993211;444;7250;2252
1611316311.025125;476;4938;2252
1611316311.046471;511;5140;2248
1611316311.075763;545;8379;2256
1611316311.096464;581;4631;2256
1611316311.125881;618;2832;2252
1611316311.145183;657;2083;2256
1611316311.176596;696;1757;2252
1611316311.195296;736;1512;2256
1611316311.219998;776;1285;2256
1611316311.251944;821;2616;2256
1611316311.276402;862;6386;2250
1611316311.302172;894;5507;2254
1611316311.327346;926;3546;2252
1611316311.352972;960;3051;2248
1611316311.377206;996;2858;2250
1611316311.395602;1034;989;2248
1611316311.421322;1057;247;2248
1611316311.446295;1053;73;2250
1611316335.512375;2739;93;2256
1611316335.546348;2288;176;2256
1611316335.565902;1725;724;2256
1611316335.595977;1674;2035;2256
1611316335.622796;1647;3385;2256
1611316335.643092;1622;5706;2256
1611316335.672974;1597;7500;2256
1611316335.692825;1573;9764;2256
1611316335.722860;1550;11018;2256
1611316335.743154;1527;10372;2256
1611316335.767157;1503;9066;2256
1611316335.792300;1479;7032;2256
1611316335.823665;1454;4493;2256
1611316335.840876;1428;2247;2256
1611316335.873888;1398;524;2256
1611316335.894891;1388;136;2256
1611316335.924099;1384;121;2256
1611316335.941884;1350;222;2256
1611316335.975474;1323;246;2256
1611316335.992456;1301;197;2256
1611316336.025952;1297;100;2256
1611316340.985401;2054;141;2256
1611316341.006498;1872;252;2256
1611316341.035280;1754;382;2256
1611316341.059973;1698;1000;2256
1611316341.085744;1665;3099;2256
1611316341.110913;1635;5357;2256
1611316341.135244;1607;7913;2256
1611316341.153867;1579;10376;2256
1611316341.185850;1551;13226;2256
1611316341.199924;1525;13133;2256
1611316341.234643;1498;11198;2256
1611316341.261569;1470;8285;2256
1611316341.287197;1441;5486;2256
1611316341.311526;1413;2245;2256
1611316341.337566;1380;398;2256
1611316341.355271;1356;327;2256
1611316341.385549;1330;303;2256
1611316341.409871;1308;250;2256
1611316341.432968;1286;208;2256
1611316341.462995;1283;107;2256
1611316342.134983;367;433;2256
1611316342.167813;310;488;2256
1611316342.188211;300;595;2256
1611316342.218743;300;489;2256
1611316342.235810;298;389;2256
1611316342.268459;298;344;2256
1611316342.291105;297;312;2256
1611316342.313608;297;211;2256
1611316342.344101;297;224;2256
1611316342.369891;300;321;2256
1611316342.385696;306;384;2256
1611316342.420039;311;344;2256
1611316342.438382;305;327;2256
1611316342.470741;313;289;2256
1611316342.490110;323;239;2256
1611316342.517913;336;291;2256
1611316342.543395;364;814;2256
1611316342.570730;389;3811;2256
1611316342.595394;410;7863;2256
1611316342.621437;435;7350;2256
1611316342.637024;461;4599;2256
1611316342.671724;489;3388;2256
1611316342.687195;517;6495;2256
1611316342.719324;541;9569;2256
1611316342.743503;568;10586;2256
1611316342.768538;594;10769;2256
1611316342.797180;623;13107;2256
1611316342.818919;649;11167;2256
1611316342.840517;684;7848;2256
1611316342.871454;724;9594;2256
1611316342.887893;751;16588;2256
1611316342.919534;777;11006;2256
1611316342.943747;803;8128;2256
1611316342.972407;830;10119;2256
1611316342.994706;857;8386;2256
1611316343.018835;884;3244;2256
1611316343.049503;916;803;2256
1611316343.071841;939;207;2256
1611316343.099823;938;68;2256
1611316344.428610;463;262;2256
1611316344.455081;422;401;2256
1611316344.480121;420;297;2256
1611316344.509429;419;242;2256
1611316344.534512;416;253;2256
1611316344.557507;415;303;2256
1611316344.584852;417;249;2256
1611316344.599722;415;259;2256
1611316344.635381;413;278;2256
1611316344.657083;413;307;2256
1611316344.683918;411;538;2256
1611316344.710939;425;1424;2256
1611316344.736593;445;8423;2256
1611316344.753614;470;5483;2256
1611316344.786085;494;3988;2256
1611316344.800345;518;2966;2256
1611316344.833767;542;6900;2256
1611316344.849412;565;9790;2256
1611316344.887350;591;7832;2256
1611316344.904462;617;10213;2256
1611316344.937616;643;12185;2256
1611316344.955247;669;12577;2256
1611316344.987823;697;12069;2256
1611316345.000101;724;9218;2256
1611316345.035921;754;6173;2256
1611316345.051740;796;5911;2256
1611316345.084971;826;10681;2256
1611316345.112166;851;11458;2256
1611316345.138809;875;8839;2256
1611316345.153769;899;6741;2256
1611316345.183585;925;8144;2256
1611316345.214454;952;6203;2256
1611316345.235771;981;2301;2256
1611316345.264549;1007;657;2256
1611316345.285151;1024;206;2256
1611316345.315426;1017;69;2256
1611316346.568797;2027;98;2256
1611316346.598455;1958;148;2256
1611316346.623885;1830;260;2256
1611316346.649575;1742;655;2256
1611316346.666585;1713;1746;2256
1611316346.697424;1688;3667;2256
1611316346.724512;1663;5618;2256
1611316346.750412;1638;7358;2256
1611316346.775227;1613;9239;2256
1611316346.800288;1590;10900;2256
1611316346.817531;1567;12012;2256
1611316346.848383;1544;10407;2256
1611316346.873125;1520;8780;2256
1611316346.898040;1497;6704;2256
1611316346.923359;1473;4491;2256
1611316346.950592;1449;2306;2256
1611316346.966576;1421;619;2256
1611316347.001760;1395;340;2256
1611316347.026835;1371;327;2256
1611316347.053944;1352;340;2256
1611316347.064577;1333;302;2256
1611316347.098178;1315;261;2256
1611316347.123641;1302;207;2256
1611316347.147557;1294;166;2256
1611316347.178063;1291;164;2256
1611316347.198831;1287;176;2256
1611316347.219153;1284;180;2256
1611316347.253662;1284;179;2256
1611316347.278684;1283;176;2256
1611316347.303885;1280;163;2256
1611316347.328802;1276;149;2256
1611316347.353925;1273;145;2256
1611316347.378605;1271;113;2256
1611316347.404199;1264;80;2256
1611316387.166688;1792;243;2256
1611316387.202517;1713;778;2256
1611316387.214200;1679;2383;2256
1611316387.250498;1647;4439;2256
1611316387.273456;1614;6335;2256
1611316387.300703;1583;8115;2256
1611316387.314784;1553;9287;2256
1611316387.348988;1523;8032;2256
1611316387.372528;1492;5970;2256
1611316387.399029;1461;3745;2256
1611316387.428184;1427;1361;2256
1611316387.448879;1392;357;2256
1611316387.468375;1359;346;2256
1611316387.500108;1334;428;2256
1611316387.517957;1309;423;2256
1611316387.548108;1284;281;2256
1611316387.580117;1266;212;2256
1611316387.601805;1257;162;2256
1611316387.627069;1254;150;2256
1611316387.655639;1250;170;2256
1611316387.680616;1247;176;2256
1611316387.705596;1244;168;2256
1611316387.730584;1243;168;2256
1611316387.749952;1240;156;2256
1611316387.781599;1239;139;2256
1611316387.799901;1236;129;2256
1611316387.832276;1235;91;2256
1611316387.851079;1214;63;2256
1611316389.518286;603;213;2256
1611316389.543624;574;154;2256
1611316389.568615;571;75;2256
1611316389.579390;493;314;2256
1611316389.613712;484;1836;2256
1611316389.645390;505;14006;2256
1611316389.665154;519;5910;2256
1611316389.695640;542;6360;2256
1611316389.712462;565;5886;2256
1611316389.745356;589;5667;2256
1611316389.763564;619;5849;2256
1611316389.795510;644;8284;2256
1611316389.821512;670;8369;2256
1611316389.845762;695;7919;2256
1611316389.862228;720;6025;2256
1611316389.897231;748;6584;2256
1611316389.914218;771;5741;2256
1611316389.946800;793;5752;2256
1611316389.963378;817;4988;2256
1611316389.998091;854;7103;2256
1611316390.022805;882;10236;2256
1611316390.047900;903;13449;2256
1611316390.062808;924;8335;2256
1611316390.098361;946;5289;2256
1611316390.118046;969;4564;2256
1611316390.147837;994;4601;2256
1611316390.171834;1018;5369;2256
1611316390.199069;1044;2665;2256
1611316390.221905;1069;1057;2256
1611316390.249335;1085;338;2256
1611316390.270734;1085;113;2256
1611316391.729075;448;226;2256
1611316391.759569;423;368;2256
1611316391.778764;415;416;2256
1611316391.810180;417;339;2256
1611316391.829257;417;303;2256
1611316391.860492;415;319;2256
1611316391.878043;413;352;2256
1611316391.911258;414;305;2256
1611316391.928257;414;287;2256
1611316391.961178;414;296;2256
1611316391.978630;415;319;2256
1611316392.011694;411;427;2256
1611316392.029219;414;465;2256
1611316392.061592;419;528;2256
1611316392.078837;426;818;2256
1611316392.112163;442;3212;2256
1611316392.133133;465;8211;2256
1611316392.159543;486;9395;2256
1611316392.187605;509;7904;2256
1611316392.213262;533;8675;2256
1611316392.227826;558;5184;2256
1611316392.263175;585;12898;2256
1611316392.280072;612;9990;2258
1611316392.310853;637;10088;2256
1611316392.335290;662;9832;2258
1611316392.361381;689;10151;2256
1611316392.382375;714;9078;2256
1611316392.413494;740;4549;2256
1611316392.434713;770;4091;2256
1611316392.463795;803;6478;2256
1611316392.483617;828;5348;2256
1611316392.511792;850;8705;2256
1611316392.527257;871;9026;2256
1611316392.562024;894;6768;2256
1611316392.590714;918;9172;2256
1611316392.615801;942;8047;2256
1611316392.630966;967;2900;2256
1611316392.663494;991;866;2256
1611316392.688534;1014;291;2256
1611316392.713838;1014;86;2256
1611316400.306258;2443;118;2256
1611316400.338825;2022;198;2260
1611316400.362612;1627;503;2262
1611316400.388135;1579;1819;2264
1611316400.414768;1550;4528;2264
1611316400.442977;1519;7734;2258
1611316400.468819;1488;10732;2264
1611316400.489475;1457;13104;2264
1611316400.518870;1423;12301;2262
1611316400.538542;1389;9428;2260
1611316400.569410;1356;6252;2262
1611316400.591558;1324;2808;2264
1611316400.619906;1288;485;2264
1611316400.639957;1259;397;2260
1611316400.669307;1239;232;2264
1611316400.686799;1221;173;2258
1611316400.719938;1212;130;2256
1611316400.745648;1209;74;2256
1611316400.769721;1205;76;2262
1611316400.787487;1192;74;2256
1611316400.936267;1061;78;2256
1611316400.972610;1065;81;2256
1611316400.989654;1048;72;2256
1611316402.256114;1781;436;2260
1611316402.281187;1727;1602;2264
1611316402.306324;1692;2934;2264
1611316402.320506;1659;4939;2262
1611316402.353757;1628;6696;2264
1611316402.369271;1597;8504;2264
1611316402.403851;1568;7934;2264
1611316402.420935;1539;6711;2264
1611316402.450651;1510;4690;2262
1611316402.482267;1481;2535;2264
1611316402.503104;1443;514;2260
1611316402.521384;1428;140;2264
1611316402.553488;1403;153;2258
1611316402.571924;1373;183;2262
1611316402.602435;1339;256;2262
1611316402.631213;1318;190;2264
1611316402.654015;1309;84;2264
1611316407.516182;1953;228;2264
1611316407.541685;1741;1205;2264
1611316407.566806;1699;2328;2264
1611316407.580678;1668;4021;2264
1611316407.616501;1636;5758;2264
1611316407.639631;1606;7665;2264
1611316407.667547;1577;8613;2264
1611316407.682699;1548;7524;2264
1611316407.718333;1519;5832;2264
1611316407.736985;1491;4109;2264
1611316407.764109;1461;2053;2264
1611316407.793433;1427;351;2264
1611316407.818240;1411;142;2264
1611316407.830969;1386;164;2264
1611316407.866331;1358;180;2264
1611316407.881171;1329;222;2264
1611316407.915092;1303;235;2264
1611316407.932458;1300;113;2264
1611316407.966602;1291;71;2264
1611316408.182713;810;73;2264
1611316409.882420;383;797;2264
1611316409.896631;370;452;2264
1611316409.930795;363;428;2264
1611316409.955993;364;346;2264
1611316409.979476;363;307;2264
1611316410.008289;362;340;2264
1611316410.029805;362;491;2264
1611316410.045088;365;358;2264
1611316410.081188;366;335;2264
1611316410.095981;367;353;2264
1611316410.130009;373;527;2264
1611316410.146274;372;557;2264
1611316410.179924;373;514;2264
1611316410.209399;374;798;2264
1611316410.231910;385;2756;2264
1611316410.257311;402;13891;2264
1611316410.281908;421;10645;2264
1611316410.311479;444;5783;2264
1611316410.329430;469;5845;2264
1611316410.362135;495;6744;2264
1611316410.381665;524;9092;2264
1611316410.407010;550;4600;2264
1611316410.436488;576;4102;2264
1611316410.462004;601;3230;2264
1611316410.481740;625;12367;2264
1611316410.512830;652;15353;2264
1611316410.531782;676;12493;2264
1611316410.562414;701;3496;2264
1611316410.585988;730;1901;2264
1611316410.613787;767;5624;2264
1611316410.630786;797;7860;2264
1611316410.660752;817;8260;2264
1611316410.688528;839;7424;2264
1611316410.714602;861;4939;2264
1611316410.738482;884;4064;2264
1611316410.764343;908;4430;2264
1611316410.781219;932;3293;2264
1611316410.812108;961;1191;2264
1611316410.835814;994;384;2264
1611316410.861074;999;119;2264
1611316410.878009;994;69;2264
1611316410.915372;970;61;2264
1611316422.468267;2092;88;2264
1611316422.486607;2020;138;2264
1611316422.518889;1837;273;2264
1611316422.538744;1728;652;2264
1611316422.568716;1697;2125;2264
1611316422.587522;1670;3963;2264
1611316422.618261;1644;6141;2264
1611316422.639690;1616;8426;2264
1611316422.662314;1590;10827;2264
1611316422.694742;1564;12385;2264
1611316422.719909;1539;11232;2264
1611316422.736105;1513;9215;2264
1611316422.770482;1488;7168;2264
1611316422.787219;1462;4795;2264
1611316422.820966;1435;2054;2264
1611316422.837055;1400;576;2264
1611316422.871288;1373;423;2264
1611316422.888284;1347;352;2264
1611316422.920496;1326;244;2264
1611316422.934601;1317;135;2264
1611316422.971509;1314;107;2264
1611316422.996461;1310;82;2264
1611316423.021923;1305;78;2264
1611316423.036829;1301;77;2264
1611316423.069063;1296;70;2264
1611316423.094201;1292;66;2264
1611316423.117719;1287;68;2264
1611316423.146862;1279;63;2264
1611316423.172971;1275;68;2264
1611316423.194492;1272;68;2264
1611316423.221332;1270;69;2264
1611316423.235816;1258;64;2264
1611316423.268166;1232;61;2264
1611316423.902361;1925;103;2264
1611316423.920714;1868;160;2264
1611316423.953331;1772;306;2264
1611316423.967191;1715;616;2264
1611316424.001097;1687;2138;2264
1611316424.024120;1661;3605;2264
1611316424.053635;1634;5304;2264
1611316424.068370;1608;7588;2264
1611316424.104306;1582;10182;2264
1611316424.125398;1557;12277;2264
1611316424.153007;1532;11124;2264
1611316424.169314;1506;9163;2264
1611316424.201644;1481;6908;2264
1611316424.217173;1455;4429;2264
1611316424.253042;1431;1689;2264
1611316424.275986;1397;230;2264
1611316424.305800;1372;196;2264
1611316424.321362;1344;226;2264
1611316424.355977;1320;211;2264
1611316424.367967;1306;143;2264
1611316424.405704;1303;84;2264
1611316424.417734;1300;101;2264
1611316424.451644;1298;120;2264
1611316424.476163;1287;141;2264
1611316424.505611;1276;138;2264
1611316424.528459;1274;117;2264
1611316424.556635;1271;96;2264
1611316424.582662;1260;77;2264
1611316424.607599;1254;70;2264
1611316424.632786;1251;70;2264
1611316424.654102;1242;66;2264
1611316424.683151;1239;74;2264
1611316424.707378;1238;84;2264
1611316424.733546;1238;91;2264
1611316424.751365;1237;94;2264
1611316424.783481;1236;83;2264
1611316428.016084;410;1842;2264
1611316428.048939;409;2000;2264
1611316428.080766;408;2116;2264
1611316428.105974;408;2247;2264
1611316428.130611;408;2439;2264
1611316428.149488;409;2176;2264
1611316428.181868;408;3078;2264
1611316428.202593;423;5438;2264
1611316428.225448;451;7951;2264
1611316428.250540;487;10627;2264
1611316428.281759;517;7145;2264
1611316428.298682;549;8672;2264
1611316428.332550;582;6590;2264
1611316428.348286;617;6219;2264
1611316428.382794;654;3800;2264
1611316428.398309;692;3835;2264
1611316428.432640;738;8388;2264
1611316428.453718;778;8289;2264
1611316428.483018;813;2980;2264
1611316428.498243;845;8485;2264
1611316428.533881;877;15949;2264
1611316428.558911;910;9133;2264
1611316428.581816;946;1943;2264
1611316428.597737;980;336;2264
1611316428.631989;980;70;2264
1611316440.538121;2602;108;2264
1611316440.558471;2085;200;2264
1611316440.588728;1618;820;2264
1611316440.605416;1570;2503;2264
1611316440.639743;1540;4472;2264
1611316440.656832;1510;7122;2264
1611316440.689451;1481;9737;2264
1611316440.705939;1451;12169;2264
1611316440.739552;1420;10997;2264
1611316440.754730;1388;9055;2264
1611316440.790546;1357;6186;2264
1611316440.810838;1327;3057;2264
1611316440.837767;1296;787;2264
1611316440.860906;1266;488;2264
1611316440.888022;1241;400;2264
1611316440.915956;1216;346;2264
1611316440.938226;1200;314;2264
1611316440.955478;1188;272;2264
1611316440.991488;1181;231;2264
1611316441.006866;1176;232;2264
1611316441.038532;1173;237;2264
1611316441.055854;1171;229;2264
1611316441.085925;1168;218;2264
1611316441.109897;1165;204;2264
1611316441.142021;1164;179;2264
1611316441.157983;1160;147;2264
1611316441.193061;1158;91;2264
1611316461.221544;357;1795;2264
1611316461.239106;361;2636;2264
1611316461.274916;362;2559;2264
1611316461.290001;361;2114;2264
1611316461.320772;359;1967;2264
1611316461.343372;358;1528;2264
1611316461.370676;359;2117;2264
1611316461.394426;360;2715;2264
1611316461.425545;361;2580;2264
1611316461.437905;361;2321;2264
1611316461.472033;360;3040;2264
1611316461.497133;363;3780;2264
1611316461.523218;369;3894;2264
1611316461.536460;378;5965;2264
1611316461.574398;395;11349;2264
1611316461.601990;422;8000;2264
1611316461.622169;450;10858;2264
1611316461.651726;479;8830;2264
1611316461.674631;507;6885;2264
1611316461.702283;538;6969;2264
1611316461.724612;569;7188;2264
1611316461.752387;602;5096;2264
1611316461.772262;632;4896;2264
1611316461.803600;664;5017;2264
1611316461.820620;694;4842;2264
1611316461.847568;729;8193;2264
1611316461.878706;768;11132;2264
1611316461.903181;800;7089;2264
1611316461.929540;833;5468;2264
1611316461.954202;862;6108;2264
1611316461.972404;883;8640;2264
1611316462.003908;911;6630;2264
1611316462.023033;942;4274;2264
1611316462.054188;974;2070;2264
1611316462.075343;1005;654;2264
1611316462.100451;1015;143;2264
1611316466.634962;463;432;2264
1611316466.660421;455;467;2264
1611316466.685269;454;423;2264
1611316466.700288;456;321;2264
1611316466.735748;455;309;2264
1611316466.755030;450;382;2264
1611316466.782982;452;384;2264
1611316466.811311;453;297;2264
1611316466.833686;455;284;2264
1611316466.850785;457;425;2264
1611316466.886775;465;515;2264
1611316466.901098;458;639;2264
1611316466.933517;459;933;2264
1611316466.950884;471;6727;2264
1611316466.984742;490;10141;2264
1611316467.006095;512;5108;2264
1611316467.037066;535;5952;2264
1611316467.060315;559;4530;2264
1611316467.088235;583;6971;2264
1611316467.104806;609;5823;2264
1611316467.134060;636;5302;2264
1611316467.150132;661;6551;2264
1611316467.184114;687;6868;2264
1611316467.199743;714;6607;2264
1611316467.234361;741;6362;2264
1611316467.264200;768;5096;2264
1611316467.289561;795;3677;2264
1611316467.314721;834;6405;2264
1611316467.335792;869;5043;2264
1611316467.365182;891;5408;2264
1611316467.382616;915;3781;2264
1611316467.415172;938;1807;2264
1611316467.437750;963;1594;2264
1611316467.462539;989;1741;2264
1611316467.490793;1013;1434;2264
1611316467.515203;1036;642;2264
1611316467.541058;1051;212;2264
1611316467.566242;1049;76;2264
1611316475.443167;393;641;2264
1611316475.461345;389;1043;2264
1611316475.493153;387;1129;2264
1611316475.513209;387;946;2264
1611316475.536366;385;1939;2264
1611316475.568927;402;7941;2264
1611316475.594254;429;5181;2264
1611316475.619241;438;3342;2264
1611316475.644400;495;2666;2264
1611316475.661046;442;702;2264
1611316475.693613;395;749;2264
1611316475.715600;414;987;2264
1611316475.745001;472;845;2264
1611316475.764135;439;1382;2264
1611316475.795212;429;1821;2264
1611316475.809700;466;2429;2264
1611316475.845603;503;2645;2264
1611316475.871026;541;1253;2264
1611316475.893625;587;7518;2264
1611316475.909477;625;3979;2264
1611316475.943551;664;3555;2264
1611316475.968308;703;2553;2264
1611316475.989729;739;9450;2264
1611316476.021750;777;2051;2264
1611316476.042715;823;2381;2264
1611316476.062616;863;6525;2264
1611316476.097344;896;8327;2264
1611316476.111226;929;6464;2264
1611316476.142371;964;3285;2264
1611316476.169498;999;764;2264
1611316476.193269;1032;360;2264
1611316476.216635;1034;116;2264
1611316479.405909;1729;231;2264
1611316479.438583;1651;1371;2264
1611316479.467020;1613;3707;2264
1611316479.494596;1577;6538;2264
1611316479.507724;1542;9487;2264
1611316479.538792;1507;12629;2264
1611316479.555292;1471;11211;2264
1611316479.589906;1434;8584;2264
1611316479.613657;1396;5367;2264
1611316479.645570;1356;1254;2264
1611316479.670744;1318;357;2264
1611316479.692019;1293;357;2264
1611316479.721145;1270;453;2264
1611316479.746265;1243;348;2264
1611316479.771381;1241;108;2264
1611316479.791573;1237;86;2264
1611316479.822070;1233;81;2264
1611316479.839088;1225;73;2264
1611316479.872136;1221;68;2264
1611316479.888233;1218;77;2264
1611316479.921668;1216;81;2264
1611316479.939882;1214;83;2264
1611316479.972707;1204;82;2264
1611316513.892481;1923;87;2264
1611316513.910986;1920;101;2264
1611316513.942412;1909;127;2264
1611316513.960715;1868;175;2264
1611316513.993697;1820;254;2264
1611316514.011306;1782;391;2264
1611316514.028265;1757;865;2264
1611316514.062524;1736;1793;2264
1611316514.093379;1716;2613;2264
1611316514.119148;1697;3513;2264
1611316514.144229;1677;5207;2264
1611316514.162060;1658;6495;2264
1611316514.194466;1640;7841;2264
1611316514.214819;1622;8873;2264
1611316514.239456;1605;9136;2264
1611316514.270054;1587;8608;2264
1611316514.295176;1569;7447;2264
1611316514.311210;1551;6253;2264
1611316514.345274;1533;4709;2264
1611316514.371163;1516;3221;2264
1611316514.394991;1498;1496;2264
1611316514.410662;1477;318;2264
1611316514.446529;1475;95;2264
1611316514.464859;1470;104;2264
1611316514.492866;1466;117;2264
1611316514.521615;1461;100;2264
1611316514.544326;1456;119;2264
1611316514.560517;1420;162;2264
1611316514.597210;1385;203;2264
1611316514.610792;1367;151;2264
1611316514.644234;1355;134;2264
1611316514.661520;1352;106;2264
1611316514.692973;1346;70;2264
1611316514.722409;1342;74;2264
1611316514.744129;1336;73;2264
1611316514.761593;1326;63;2264
1611316514.999816;1211;73;2264
1611316515.016164;1209;71;2264
1611316515.044585;1213;86;2264
1611316515.075154;1207;76;2264
1611316515.096673;1208;82;2264
1611316523.303014;427;112;2264
1611316523.323595;426;132;2264
1611316523.353639;426;93;2264
1611316523.378844;426;72;2264
1611316523.403915;426;62;2264
1611316523.419340;426;79;2264
1611316523.555792;424;92;2264
1611316523.575899;424;105;2264
1611316523.604372;427;201;2264
1611316523.620413;438;4077;2264
1611316523.654756;453;8666;2264
1611316523.679893;471;8259;2264
1611316523.705855;490;11032;2264
1611316523.719895;512;10760;2264
1611316523.754565;532;4646;2264
1611316523.776546;557;1573;2264
1611316523.803377;584;1031;2264
1611316523.829533;604;1544;2264
1611316523.853657;626;2398;2264
1611316523.872085;648;3604;2264
1611316523.905334;671;5345;2264
1611316523.919642;691;6119;2264
1611316523.953060;712;5028;2264
1611316523.971715;738;3970;2264
1611316524.003269;775;10800;2264
1611316524.032593;795;12927;2264
1611316524.053277;816;3603;2264
1611316524.073081;837;8918;2264
1611316524.105119;859;7838;2264
1611316524.121616;882;6861;2264
1611316524.152799;904;5954;2264
1611316524.184183;925;6381;2264
1611316524.203063;953;3269;2264
1611316524.229159;995;1477;2264
1611316524.258906;1057;601;2264
1611316524.284132;1106;280;2264
1611316524.309677;1116;137;2264
1611316524.334841;1117;81;2264
1611316524.737717;377;166;2264
1611316524.762683;340;279;2264
1611316524.787832;333;193;2264
1611316524.804793;328;169;2264
1611316524.835458;325;164;2264
1611316524.863307;321;176;2264
1611316524.887801;318;220;2264
1611316524.910686;320;278;2264
1611316524.938133;321;202;2264
1611316524.957406;321;185;2264
1611316524.989325;322;182;2264
1611316525.002149;322;214;2264
1611316525.035858;325;278;2264
1611316525.052456;338;471;2264
1611316525.086768;353;2253;2264
1611316525.116756;374;6970;2264
1611316525.136476;391;4535;2264
1611316525.165428;411;3807;2264
1611316525.188120;429;11063;2264
1611316525.202192;450;8322;2264
1611316525.235578;471;5952;2264
1611316525.252291;494;4408;2264
1611316525.288231;516;3801;2264
1611316525.303669;539;3451;2264
1611316525.337105;561;3423;2264
1611316525.357491;583;3403;2264
1611316525.391660;607;4273;2264
1611316525.416797;629;4867;2264
1611316525.436540;649;4114;2264
1611316525.467037;671;2103;2264
1611316525.489842;700;803;2264
1611316525.517695;727;533;2264
1611316525.542748;753;435;2264
1611316525.567657;768;257;2264
1611316525.585113;1525;2198;2264
1611316525.618418;1568;6135;2264
1611316525.635916;1542;6669;2264
1611316525.668170;1514;5674;2264
1611316525.691797;1486;4164;2264
1611316525.719277;1457;2371;2264
1611316525.738144;1424;738;2264
1611316525.769036;1400;183;2264
1611316525.785290;1373;178;2264
1611316525.819576;1349;175;2264
1611316525.844457;1326;160;2264
1611316525.869763;1322;121;2264
1611316525.885463;1318;93;2264
1611316525.918284;1313;90;2264
1611316525.933968;1308;94;2264
1611316525.966584;1303;85;2264
1611316525.995638;1284;68;2264
1611316526.118846;1133;66;2264
1611316526.142121;1133;76;2264
1611316526.167373;1136;73;2264
1611316529.234267;1890;128;2264
1611316529.267199;1761;489;2264
1611316529.291539;1695;1611;2264
1611316529.316467;1657;2895;2264
1611316529.331880;1623;5077;2264
1611316529.366673;1590;7075;2264
1611316529.384130;1558;9460;2264
1611316529.415206;1527;8996;2264
1611316529.439420;1495;7492;2264
1611316529.464102;1463;5421;2264
1611316529.487353;1430;3226;2264
1611316529.517931;1401;1025;2264
1611316529.537224;1370;639;2264
1611316529.568614;1352;998;2264
1611316529.581753;1330;2633;2264
1611316529.617077;1303;1797;2264
1611316529.631731;1261;314;2264
1611316529.666807;1258;105;2264
1611316529.690659;1256;86;2264
1611316529.718763;1253;83;2264
1611316529.730521;1249;70;2264
1611316529.770025;1246;70;2264
1611316529.790842;1243;68;2264
1611316529.817134;1236;75;2264
1611316529.831470;1227;75;2264
1611316529.866576;1225;75;2264
1611316529.892514;1207;63;2264
1611316535.229846;1961;112;2264
1611316535.252924;1881;163;2264
1611316535.280136;1762;322;2264
1611316535.293496;1707;606;2264
1611316535.330539;1683;1582;2264
1611316535.352127;1663;2940;2264
1611316535.376382;1641;4886;2264
1611316535.400970;1619;6442;2264
1611316535.430686;1598;8050;2264
1611316535.443677;1577;9669;2264
1611316535.479029;1557;11106;2264
1611316535.502376;1537;11434;2264
1611316535.528440;1517;9934;2264
1611316535.557651;1496;8424;2264
1611316535.578001;1476;6490;2264
1611316535.601846;1455;4845;2264
1611316535.632405;1434;3054;2264
1611316535.657663;1413;1375;2264
1611316535.677036;1386;275;2264
1611316535.707870;1363;222;2264
1611316535.730756;1343;207;2264
1611316535.758068;1325;169;2264
1611316535.777134;1310;162;2264
1611316535.808601;1291;192;2264
1611316535.828255;1279;142;2264
1611316535.858828;1276;116;2264
1611316535.883864;1268;73;2264
1611316535.909275;1265;84;2264
1611316535.928550;1256;63;2264
1611316535.959429;1248;79;2264
1611316535.977146;1244;71;2264
1611316537.662924;2089;111;2264
1611316537.690960;1899;197;2264
1611316537.720741;1731;377;2264
1611316537.742514;1678;984;2264
1611316537.760768;1652;2220;2264
1611316537.791459;1629;3241;2264
1611316537.812197;1606;4543;2264
1611316537.841046;1583;6414;2264
1611316537.872589;1562;7875;2264
1611316537.894724;1540;9198;2264
1611316537.917292;1518;8901;2264
1611316537.947515;1496;7776;2264
1611316537.959946;1473;6177;2264
1611316537.992837;1451;4743;2264
1611316538.020726;1428;3041;2264
1611316538.044263;1407;1422;2264
1611316538.073089;1379;357;2264
1611316538.095588;1360;283;2264
1611316538.123834;1342;255;2264
1611316538.142466;1326;245;2264
1611316538.173638;1310;198;2264
1611316538.191697;1291;201;2264
1611316538.223709;1283;131;2264
1611316538.249172;1280;117;2264
1611316538.273593;1277;88;2264
1611316538.290974;1273;88;2264
1611316538.324929;1270;86;2264
1611316538.344396;1266;71;2264
1611316538.374722;1261;63;2264
1611316538.399423;1246;60;2264
1611316538.475195;1095;71;2264
1611316538.491369;1102;85;2264
1611316538.526214;1108;90;2264
1611316538.540270;1112;82;2264
1611316538.573824;1117;93;2264
1611316538.598042;1120;79;2264
1611316548.136368;399;1479;2264
1611316548.151315;397;2137;2264
1611316548.187182;399;2135;2264
1611316548.212162;398;2110;2264
1611316548.232200;396;2112;2264
1611316548.249479;394;2227;2264
1611316548.284104;394;2464;2264
1611316548.308117;395;2521;2264
1611316548.332293;396;2424;2264
1611316548.363446;397;2210;2264
1611316548.383346;397;2054;2264
1611316548.402296;397;2184;2264
1611316548.436313;397;2860;2264
1611316548.451371;403;3116;2264
1611316548.482529;411;3964;2264
1611316548.514587;425;7670;2264
1611316548.533384;446;10661;2264
1611316548.559782;470;8786;2264
1611316548.589576;495;8746;2264
1611316548.614265;520;4547;2264
1611316548.640322;546;2207;2264
1611316548.664740;573;6892;2264
1611316548.684752;602;3948;2264
1611316548.715449;633;2850;2264
1611316548.735072;661;2636;2264
1611316548.759203;690;2864;2264
1611316548.784434;716;5735;2264
1611316548.815285;745;7339;2264
1611316548.833020;781;11140;2264
1611316548.866499;810;12394;2264
1611316548.882952;836;10750;2264
1611316548.916835;862;3913;2264
1611316548.933397;883;2682;2264
1611316548.967055;908;2313;2264
1611316548.983999;933;9326;2264
1611316549.014203;959;6204;2264
1611316549.031254;986;2086;2264
1611316549.067981;1015;454;2264
1611316549.093290;1016;128;2264
1611316564.057736;1827;178;2264
1611316564.087623;1647;768;2264
1611316564.104589;1615;1840;2264
1611316564.138488;1589;3048;2264
1611316564.163083;1564;4333;2264
1611316564.188236;1540;5590;2264
1611316564.203563;1516;7025;2264
1611316564.239499;1492;8103;2266
1611316564.258698;1468;7470;2264
1611316564.288979;1442;6151;2264
1611316564.314636;1416;4794;2264
1611316564.339056;1390;3340;2264
1611316564.362803;1363;1615;2264
1611316564.389864;1332;359;2264
1611316564.405344;1329;110;2266
1611316564.436391;1325;103;2264
1611316564.460532;1319;96;2264
1611316564.487108;1313;93;2264
1611316564.515340;1307;88;2264
1611316564.536414;1299;80;2264
1611316564.555638;1293;90;2264
1611316564.591064;1287;118;2268
1611316564.602728;1259;140;2270
1611316564.636418;1225;164;2268
1611316564.652149;1200;182;2272
1611316564.684756;1183;209;2266
1611316564.710459;1173;224;2272
1611316564.742017;1168;222;2270
1611316564.763231;1165;219;2272
1611316564.789005;1167;227;2272
1611316564.813686;1164;215;2272
1611316564.837189;1162;210;2264
1611316564.867478;1159;201;2268
1611316564.886384;1158;186;2266
1611316564.918693;1156;145;2266
1611316564.938280;1155;120;2264
1611316564.968527;1155;100;2264
1611316564.984884;1153;75;2268
1611316585.485440;2389;61;2268
1611316585.518430;2389;63;2272
1611316585.541875;2393;60;2270
1611316585.573358;2393;63;2268
1611316585.585554;2394;64;2270
1611316585.621292;2395;60;2272
1611316585.640723;2395;60;2272
1611316585.673464;2396;66;2272
1611316585.686168;2397;61;2272
1611316585.871786;2414;66;2272
1611316585.900402;2415;76;2272
1611316585.925865;2415;62;2268
1611316586.001654;2422;63;2272
1611316586.063966;2439;65;2272
1611316586.101096;2439;66;2272
1611316586.126862;2439;61;2272
1611316586.151997;2439;61;2272
1611316586.170362;2439;66;2272
1611316586.201576;2440;69;2272
1611316586.219485;2441;72;2272
1611316586.245782;2442;71;2272
1611316586.271030;2443;70;2272
1611316586.296286;2444;67;2272
1611316586.328051;2445;72;2272
1611316586.353187;2451;70;2266
1611316586.367652;2452;78;2272
1611316586.402407;2458;73;2272
1611316586.417700;2459;80;2272
1611316586.451152;2465;85;2272
1611316586.474306;2466;90;2272
1611316586.501201;2479;86;2272
1611316586.524530;2480;82;2272
1611316586.554608;2488;79;2272
1611316586.577420;2491;81;2272
1611316586.604765;2493;80;2266
1611316586.629466;2505;83;2272
1611316586.655007;2505;80;2272
1611316586.669356;2515;80;2272
1611316586.700802;2515;80;2272
1611316586.726445;2519;81;2272
1611316586.750578;2529;77;2272
1611316586.780728;2528;80;2272
1611316586.803720;2527;74;2272
1611316586.828332;2537;72;2270
1611316586.853066;2536;74;2272
1611316586.869236;2543;81;2272
1611316586.902115;2557;83;2272
1611316586.926435;2563;83;2272
1611316586.951648;2576;77;2272
1611316586.979457;2575;69;2272
1611316587.007284;2577;67;2272
1611316587.032581;2595;70;2272
1611316587.057586;2601;70;2272
1611316587.082144;2608;68;2272
1611316587.104262;2608;73;2272
1611316587.132979;2618;83;2272
1611316587.156504;2625;83;2272
1611316587.182956;2621;85;2272
1611316587.203151;2639;81;2272
1611316587.233225;2648;77;2268
1611316587.251473;2662;74;2272
1611316587.284392;2670;69;2272
1611316587.308838;2672;67;2272
1611316587.334007;2679;69;2272
1611316587.352379;2678;67;2272
1611316587.385184;2679;71;2272
1611316587.404977;2705;84;2272
1611316587.435342;2735;80;2272
1611316587.460193;2756;72;2272
1611316587.485182;2750;61;2272
1611316587.938080;2810;66;2272
1611316587.960202;2874;70;2266
1611316587.986028;2935;67;2272
1611316588.156419;1886;152;2272
1611316588.189633;1755;328;2272
1611316588.214908;1683;912;2272
1611316588.235136;1648;3004;2272
1611316588.265190;1614;6248;2272
1611316588.286069;1580;9226;2272
1611316588.315815;1548;12484;2270
1611316588.332852;1516;13094;2266
1611316588.365759;1484;10468;2272
1611316588.383625;1452;7016;2272
1611316588.415899;1418;3269;2272
1611316588.438684;1378;618;2268
1611316588.465475;1345;356;2270
1611316588.484555;1313;356;2272
1611316588.516122;1286;297;2272
1611316588.536454;1259;271;2272
1611316588.567141;1239;251;2272
1611316588.588807;1231;219;2272
1611316588.617459;1226;222;2272
1611316588.632527;1227;252;2270
1611316588.667612;1224;255;2272
1611316588.684524;1224;253;2272
1611316588.718282;1225;269;2272
1611316588.736364;1229;288;2272
1611316588.765901;1228;279;2272
1611316588.787618;1223;248;2272
1611316588.818606;1220;208;2272
1611316588.834022;1214;157;2272
1611316588.868728;1214;115;2272
1611316588.885560;1200;81;2268
1611316589.891200;1863;125;2272
1611316589.919743;1790;401;2272
1611316589.950659;1741;1340;2272
1611316589.966257;1704;2924;2272
1611316590.001107;1668;5209;2272
1611316590.026610;1634;7479;2272
1611316590.051417;1602;10160;2272
1611316590.065527;1571;10529;2272
1611316590.101813;1539;9415;2272
1611316590.123237;1508;7003;2272
1611316590.148868;1477;4370;2272
1611316590.177478;1446;1087;2272
1611316590.199166;1412;550;2272
1611316590.220250;1384;518;2272
1611316590.252691;1359;388;2272
1611316590.266128;1336;168;2272
1611316590.298803;1332;107;2272
1611316590.323375;1327;80;2272
1611316590.348497;1315;71;2272
1611316590.475811;1063;71;2272
1611316590.501604;1058;68;2272
1611316590.516341;1061;80;2272
1611316590.982054;362;2026;2272
1611316590.998057;360;2317;2272
1611316591.030798;358;2231;2272
1611316591.051264;356;2410;2272
1611316591.079502;356;2688;2272
1611316591.101235;357;2718;2272
1611316591.133059;358;2798;2272
1611316591.152584;360;2578;2272
1611316591.180237;360;3104;2272
1611316591.203011;368;4724;2272
1611316591.229848;382;7923;2272
1611316591.252042;409;10356;2272
1611316591.284709;435;9372;2272
1611316591.307228;465;6669;2272
1611316591.335155;498;6223;2272
1611316591.358083;533;10112;2272
1611316591.381742;564;8795;2272
1611316591.396932;595;7589;2272
1611316591.430832;629;6824;2272
1611316591.449329;660;6538;2272
1611316591.481766;689;7882;2272
1611316591.497879;731;10143;2272
1611316591.532178;768;7411;2272
1611316591.554310;797;4373;2272
1611316591.586972;824;10090;2272
1611316591.612011;853;7949;2272
1611316591.630393;882;7673;2272
1611316591.662442;911;3158;2272
1611316591.681742;946;713;2272
1611316591.708618;949;117;2272
1611316613.648236;430;320;2272
1611316613.662564;421;179;2272
1611316613.695843;416;169;2272
1611316613.720115;414;149;2272
1611316613.745358;414;117;2272
1611316613.775913;414;106;2272
1611316613.796356;414;421;2272
1611316613.813355;434;512;2272
1611316613.846891;432;275;2272
1611316613.877219;437;2541;2272
1611316613.896844;464;8165;2272
1611316613.927405;496;8002;2272
1611316613.946373;531;5395;2272
1611316613.977251;572;7698;2272
1611316613.996716;606;8326;2272
1611316614.027975;642;8982;2272
1611316614.045855;679;8497;2272
1611316614.077925;714;6639;2272
1611316614.095729;748;5292;2272
1611316614.123491;791;4133;2272
1611316614.146316;833;6082;2272
1611316614.178833;868;4639;2272
1611316614.196539;901;2621;2272
1611316614.229089;933;3075;2272
1611316614.249048;970;1571;2272
1611316614.278958;1002;368;2272
1611316614.295538;1000;83;2272
