s;1612518936.040999;2256
d;804;84
d;834;75
d;886;78
d;939;80
d;992;79
d;1050;77
d;1094;77
d;1128;78
d;1178;79
d;1237;74
d;1238;84
d;1258;76
d;1292;77
d;1331;75
d;1371;73
d;1392;77
e;1612518936.192844;2256
s;1612518942.568548;2264
d;1005;61
d;1059;66
d;1109;69
d;1157;69
d;1201;64
d;1244;67
e;1612518942.622397;2264
s;1612518942.799771;2264
d;888;127
d;890;176
d;894;204
d;896;171
d;896;130
d;895;83
e;1612518942.860112;2264
s;1612518949.339007;2264
d;1390;281
d;1379;291
d;1373;296
d;1373;306
d;1374;301
d;1376;290
d;1376;270
d;1379;240
d;1379;197
d;1378;150
d;1376;108
d;1372;70
e;1612518949.471931;2264
s;1612518952.516865;2264
d;1395;84
d;1383;81
d;1389;83
d;1377;84
d;1375;77
d;1382;75
d;1382;82
e;1612518952.592746;2264
s;1612518952.625227;2264
d;1397;79
d;1388;82
e;1612518952.638409;2264
s;1612518952.654895;2264
d;1394;82
d;1391;81
d;1397;82
d;1390;79
d;1392;78
e;1612518952.706461;2264
s;1612518952.707669;2264
d;1395;78
e;1612518952.725266;2264
s;1612518952.725266;2264
d;1385;79
d;1398;78
e;1612518952.756261;2264
s;1612518952.889115;2264
d;1397;82
d;1395;79
d;1399;75
e;1612518952.927851;2264
s;1612518962.358194;2264
d;1373;185
d;1046;319
d;817;431
d;736;339
d;703;236
d;679;207
d;657;202
d;637;194
d;608;215
d;574;261
d;537;383
d;496;648
d;469;1071
d;458;1709
d;451;2955
d;445;2267
d;447;1177
d;437;2973
d;428;3632
d;421;4582
d;427;1888
d;435;1589
d;438;1676
d;438;1893
d;438;2163
d;438;2325
d;439;2438
d;439;2557
d;439;2619
d;440;2657
d;441;2694
d;443;2924
d;446;3259
d;449;3154
d;450;2628
d;449;1458
d;462;408
d;474;91
d;553;76
d;608;85
d;691;84
d;750;78
d;769;79
d;829;78
d;876;79
d;884;83
d;908;79
d;932;81
d;995;81
d;1003;83
d;1000;78
d;1050;83
d;1101;84
d;1150;82
d;1190;82
d;1204;79
d;1212;85
d;1225;78
d;1238;78
d;1243;84
d;1238;77
d;1247;74
d;1241;84
d;1241;79
d;1277;79
d;1310;78
d;1351;78
d;1359;75
d;1368;81
e;1612518963.055448;2264
s;1612518967.141255;2264
d;512;237
d;366;2915
d;347;5462
d;336;1138
d;335;614
d;337;128
e;1612518967.210656;2264
s;1612518967.336044;2264
d;430;449
d;426;111
d;477;62
d;560;77
d;593;77
d;653;83
d;722;79
d;758;81
d;812;80
d;841;79
d;875;78
d;918;78
d;969;81
d;1009;80
d;1017;82
d;1057;78
d;1075;78
d;1105;78
d;1133;81
d;1163;86
d;1209;80
d;1212;82
d;1208;78
d;1212;81
d;1235;79
d;1289;84
d;1324;83
d;1357;79
d;1385;80
e;1612518967.635726;2264
s;1612518967.637902;2264
d;1391;79
e;1612518967.655249;2264
s;1612518967.671736;2264
d;1397;70
d;1373;69
d;1348;62
e;1612518967.691149;2264
s;1612518969.138111;2264
d;785;689
d;589;1170
d;562;1399
d;543;1462
d;527;1509
d;509;1521
d;494;1494
d;479;1470
d;463;1429
d;448;1346
d;433;1254
d;419;1319
d;409;1103
d;407;3428
d;399;5131
d;391;2446
d;385;3147
d;374;2385
d;363;2909
d;353;7386
d;350;8265
d;349;8322
d;348;8212
d;347;8188
d;347;8299
d;346;8211
d;345;8026
d;344;7639
d;343;6857
d;343;6642
d;342;6661
d;342;6483
d;342;6802
d;341;7169
d;341;7428
d;340;7616
d;340;7959
d;340;7825
d;339;7457
d;339;7082
d;339;6974
d;339;7100
d;339;7140
d;338;7101
d;338;6994
d;338;7032
d;338;7190
d;338;7719
d;338;8150
d;338;8075
d;338;7970
d;338;7906
d;338;7597
d;339;7619
d;339;8018
d;337;7397
d;337;6518
d;337;6348
d;339;6828
d;340;7111
d;341;7319
d;342;7114
d;343;6908
d;344;6728
d;344;4872
d;345;1756
d;356;605
d;410;73
d;506;72
d;555;75
d;634;77
d;680;77
d;745;78
d;764;82
d;807;72
d;828;74
d;886;80
d;906;77
d;929;76
d;964;80
d;980;79
d;1047;76
d;1096;78
d;1151;79
d;1182;72
d;1221;81
d;1233;77
d;1253;77
d;1246;74
d;1262;80
d;1250;81
d;1234;83
d;1250;82
d;1300;78
d;1314;79
d;1352;84
d;1380;78
e;1612518970.114569;2264
s;1612518971.491409;2264
d;575;94
d;511;309
d;462;382
d;439;350
d;428;240
e;1612518971.529159;2264
s;1612518971.863762;2264
d;441;185
d;435;60
d;496;62
d;574;69
d;642;75
d;714;75
d;785;78
d;847;77
d;900;74
d;961;80
d;992;76
d;1019;75
d;1028;77
d;1070;73
d;1127;83
d;1161;75
d;1202;74
d;1253;74
d;1292;77
d;1316;79
d;1341;69
d;1387;74
e;1612518972.085510;2264
s;1612518972.087154;2264
d;1396;75
e;1612518972.105418;2264
s;1612518976.052251;2264
d;1348;235
d;1357;208
d;1347;114
d;1277;75
d;1288;208
d;1335;253
d;1372;285
d;1396;307
e;1612518976.140124;2264
s;1612518976.341637;2264
d;1293;391
d;830;399
d;866;185
d;1363;174
e;1612518976.369252;2264
s;1612518977.103199;2264
d;1289;173
d;1027;231
d;681;476
d;511;864
d;476;1022
d;468;798
d;467;1525
d;456;6283
d;446;5109
d;439;1821
d;434;485
d;435;194
d;435;139
d;435;112
d;435;104
d;435;102
d;435;99
d;435;118
d;431;321
d;425;302
d;424;160
d;425;131
d;425;119
d;426;108
d;426;108
d;426;106
d;427;104
d;427;105
d;427;107
d;427;112
d;427;126
d;426;159
d;425;163
d;425;125
d;425;111
d;425;108
d;425;107
d;426;102
d;425;106
d;425;105
d;425;121
d;424;233
d;421;254
d;421;139
d;422;113
d;422;110
d;422;115
d;423;130
d;423;146
d;423;133
d;424;104
d;424;94
d;425;103
d;426;101
d;431;277
d;428;777
d;825;359
e;1612518977.675297;2264
s;1612518978.832267;2264
d;1108;525
d;813;533
d;718;452
d;694;249
d;683;207
d;666;221
d;645;272
d;626;297
d;612;287
d;601;263
d;589;297
d;562;640
d;538;1620
d;525;3790
d;516;7090
d;508;10604
d;501;11844
d;494;11120
d;487;9730
d;481;8306
d;476;7126
d;471;5685
d;468;5770
d;464;6415
d;459;6776
d;455;6565
d;452;6228
d;450;5789
d;449;5335
d;449;4904
d;451;4710
d;453;4807
d;454;5085
d;454;5228
d;454;5162
d;454;5106
d;454;5160
d;453;5276
d;453;5357
d;453;5320
d;453;5343
d;453;5367
d;453;5356
d;453;5345
d;453;5495
d;453;5604
d;453;5530
d;453;5404
d;453;5311
d;454;5242
d;454;5225
d;454;5267
d;455;5490
d;454;5870
d;453;6090
d;451;6049
d;450;5693
d;449;5123
d;449;4617
d;450;4126
d;452;3412
d;453;2051
d;495;964
d;1172;476
e;1612518979.478119;2264
s;1612518980.774497;2264
d;526;554
d;494;971
d;481;1000
d;475;2034
d;463;2578
d;453;2070
d;454;369
d;455;98
e;1612518980.846010;2264
s;1612518980.935044;2264
d;463;128
d;463;66
e;1612518980.947216;2264
s;1612518982.261401;2264
d;481;13989
d;191;4429
d;170;4275
d;166;4876
d;166;3838
d;169;2421
d;172;2471
d;175;2868
d;178;3264
d;178;2952
d;178;3452
d;177;11022
d;177;9810
d;176;7812
d;172;10716
d;159;4394
d;152;5117
d;148;5557
d;146;5097
d;144;3967
d;142;5983
d;140;2848
d;145;1719
d;158;2823
d;165;9473
d;160;11524
d;158;5674
d;86;1795
d;1279;315
e;1612518982.555310;2264
s;1612519012.409135;2264
d;873;116
d;867;228
d;863;418
d;868;457
d;879;390
d;890;380
d;903;398
d;914;539
d;920;2206
d;926;4605
d;936;6208
d;949;6540
d;962;6319
d;974;5921
d;986;4389
d;998;2348
d;1010;720
d;1011;144
d;1013;107
d;1259;202
e;1612519012.618248;2260
s;1612519014.100996;2264
d;1338;185
d;1215;202
d;1094;232
d;996;269
d;930;302
d;890;337
d;870;370
d;861;392
d;855;410
d;851;430
d;850;465
d;852;475
d;851;475
d;850;474
d;853;477
d;854;472
d;853;472
d;852;464
d;851;477
d;853;491
d;854;517
d;852;549
d;853;588
d;855;575
d;857;626
d;858;625
d;861;751
d;866;2489
d;871;4795
d;879;5738
d;887;7445
d;896;6113
d;904;4291
d;918;1352
d;927;560
d;939;482
d;956;544
d;970;606
d;982;593
d;994;663
d;1013;1133
d;1027;4210
d;1038;7469
d;1045;11491
d;1054;12887
d;1063;13854
d;1070;13510
d;1077;6547
d;1250;1166
e;1612519014.601893;2264
s;1612519016.884848;2264
d;1357;158
d;1314;160
d;1267;164
d;1243;154
d;1227;144
d;1211;143
d;1195;146
d;1170;158
d;1125;177
d;1068;201
d;1005;249
d;920;621
d;893;1596
d;898;2202
d;904;2473
d;912;3053
d;920;3059
d;930;2194
d;940;1381
d;948;864
d;956;306
d;961;228
d;968;218
d;976;210
d;984;201
d;992;189
d;1001;191
d;1019;263
d;1062;697
d;1086;1165
d;1095;1316
d;1103;1390
d;1104;1283
d;1087;1275
d;1081;949
d;1302;362
e;1612519017.249815;2264
s;1612519021.187216;2256
d;1298;207
d;1054;232
d;854;261
d;723;270
d;635;284
d;577;300
d;537;317
d;508;357
d;484;455
d;465;575
d;455;1022
d;447;1046
d;439;675
d;435;429
d;429;528
d;423;650
d;415;600
d;407;744
d;401;851
d;399;803
d;396;732
d;395;690
d;394;667
d;394;686
d;393;727
d;393;773
d;392;877
d;392;859
d;390;808
d;390;802
d;389;803
d;390;793
d;388;786
d;388;766
d;389;751
d;389;827
d;388;912
d;388;913
d;387;916
d;388;817
d;388;691
d;389;646
d;389;654
d;389;651
d;387;655
d;389;659
d;390;666
d;390;689
d;390;757
d;391;859
d;391;856
d;389;683
d;391;591
d;392;512
d;394;480
d;397;486
d;399;482
d;401;482
d;426;358
d;1165;303
e;1612519021.782482;2256
s;1612519022.937626;2262
d;646;71
d;643;98
d;638;139
d;633;133
d;628;84
d;624;75
d;618;89
d;612;122
d;563;235
d;451;1338
d;434;4342
d;429;5243
d;421;4969
d;410;2312
d;400;1564
d;396;761
d;395;229
d;395;103
e;1612519023.129577;2256
s;1612519023.169326;2262
d;402;89
d;401;84
d;400;60
e;1612519023.200312;2256
s;1612519023.330946;2256
d;387;96
e;1612519023.331979;2256
s;1612519023.441510;2256
d;404;80
d;404;79
d;403;64
e;1612519023.469966;2256
s;1612519024.653065;2256
d;666;99
d;664;103
d;660;123
d;630;243
d;566;654
d;536;1366
d;523;1617
d;514;1175
d;508;789
d;503;591
d;492;621
d;491;245
d;493;75
e;1612519024.790775;2258
s;1612519024.836843;2256
d;866;118
d;848;96
e;1612519024.861283;2256
s;1612519024.891370;2256
d;519;77
d;519;62
e;1612519024.911343;2256
s;1612519024.923626;2256
d;503;150
d;489;342
d;475;427
d;467;613
d;465;2190
d;459;3884
d;457;4633
d;456;4788
d;455;4428
d;452;2735
d;448;1077
d;453;268
d;454;80
e;1612519025.054020;2256
s;1612519035.642930;2256
d;1088;518
d;673;631
d;518;850
d;465;1174
d;444;1604
d;424;1976
d;415;2474
d;415;3087
d;415;3836
d;416;4558
d;416;5308
d;417;6007
d;418;6451
d;420;6691
d;421;6707
d;422;6769
d;423;6788
d;424;6881
d;425;6860
d;426;6777
d;427;6620
d;429;6467
d;430;6165
d;431;5982
d;433;5541
d;435;5117
d;437;4676
d;440;4313
d;442;4347
d;445;4601
d;447;4922
d;450;5194
d;454;5305
d;458;5389
d;461;5302
d;464;5174
d;467;5122
d;469;5071
d;471;5031
d;473;4918
d;475;4847
d;477;4915
d;479;5044
d;481;5027
d;482;4862
d;484;4450
d;487;3841
d;490;3103
d;499;2357
d;523;1590
d;566;866
d;1199;447
e;1612519036.167197;2256
s;1612519055.706148;2256
d;1390;277
d;1041;283
d;852;265
d;736;265
d;660;265
d;614;260
d;574;277
d;547;270
d;527;270
d;511;352
d;487;1338
d;470;1777
d;455;1275
d;448;1057
d;441;2447
d;431;992
d;427;480
d;423;449
d;426;305
d;438;346
d;444;368
d;442;272
d;437;226
d;431;245
d;426;281
d;425;268
d;424;258
d;422;260
d;422;264
d;423;248
d;422;243
d;421;233
d;421;228
d;422;219
d;421;217
d;421;241
d;420;258
d;421;227
d;421;213
d;422;209
d;422;215
d;423;209
d;422;194
d;421;198
d;422;201
d;427;258
d;433;290
d;434;272
d;433;237
d;431;225
d;430;195
d;430;161
d;431;112
d;720;218
d;1370;292
e;1612519056.249209;2256
s;1612519058.726169;2256
d;554;327
d;539;318
d;528;296
d;520;281
d;515;235
d;515;113
e;1612519058.781142;2256
s;1612519058.881219;2256
d;493;208
d;492;108
e;1612519058.901719;2256
s;1612519059.179869;2256
d;487;2034
d;473;2714
d;497;1459
d;1298;482
e;1612519059.229415;2256
s;1612519062.939240;2256
d;999;576
d;595;1144
d;559;1669
d;543;1990
d;530;2073
d;516;2166
d;502;2488
d;488;2957
d;475;3223
d;463;3330
d;451;3054
d;443;2939
d;434;2322
d;426;1595
d;422;1693
d;414;1820
d;405;3264
d;395;4908
d;388;5906
d;385;5940
d;384;5847
d;383;5834
d;383;5797
d;383;5975
d;382;6504
d;381;6768
d;380;6881
d;379;7037
d;379;7097
d;378;7019
d;378;6983
d;377;6953
d;377;6344
d;377;6104
d;377;6424
d;377;6309
d;377;6121
d;377;6078
d;378;5992
d;378;5888
d;379;5738
d;380;5782
d;379;5939
d;379;5709
d;379;5139
d;379;3578
d;391;1506
d;915;494
e;1612519063.430712;2256
s;1612519065.232873;2256
d;479;579
d;439;3203
d;426;3857
d;419;1288
d;414;1259
d;405;1000
d;398;411
d;399;77
e;1612519065.304572;2256
s;1612519065.336242;2256
d;400;77
e;1612519065.351893;2256
s;1612519065.605210;2256
d;404;136
d;404;144
d;403;125
d;402;69
e;1612519065.646050;2256
s;1612519067.309360;2256
d;834;596
d;647;706
d;593;688
d;568;723
d;552;784
d;537;852
d;523;939
d;509;1020
d;497;1115
d;485;1402
d;475;2052
d;466;2469
d;458;2951
d;448;4154
d;439;5621
d;430;4641
d;421;3081
d;415;2606
d;413;2343
d;412;2272
d;411;2220
d;410;2282
d;409;2255
d;409;2230
d;408;2245
d;408;2241
d;407;2224
d;406;2180
d;406;2117
d;406;2058
d;407;2034
d;407;2019
d;408;2030
d;408;1931
d;407;1357
d;410;1120
d;410;1544
d;408;1146
d;417;4921
d;416;11878
d;411;3869
d;0;638
d;0;182
d;423;378
d;1026;879
d;1124;1077
d;1142;1065
d;1155;1021
d;1169;992
d;1179;783
d;1185;470
d;1186;274
d;1191;132
d;1383;179
e;1612519067.854840;2256
s;1612519068.616568;2256
d;714;2777
d;610;9102
d;594;13221
d;584;3356
d;571;3817
d;559;3931
d;546;3082
d;534;7355
d;525;2301
d;527;271
d;528;86
d;532;66
d;507;646
d;477;1010
d;475;267
d;475;137
d;475;109
d;476;71
d;477;88
d;452;591
d;452;126
d;453;78
d;453;154
d;454;172
d;455;126
d;454;91
d;454;84
d;453;69
e;1612519068.910676;2256
s;1612519069.129157;2256
d;450;201
d;452;203
d;454;189
d;453;200
d;453;161
d;453;84
d;453;70
e;1612519069.210013;2256
s;1612519070.471763;2256
d;1176;219
d;1037;197
d;860;258
d;703;339
d;590;512
d;525;894
d;503;1036
d;496;641
d;491;490
d;482;467
d;473;356
d;466;299
d;451;639
d;436;4820
d;425;2508
d;419;1895
d;405;2108
d;393;874
d;392;214
d;392;106
d;393;141
d;399;300
d;403;314
d;403;168
d;403;105
e;1612519070.722450;2256
s;1612519070.960755;2256
d;407;149
d;409;175
d;408;151
d;408;128
d;407;100
d;406;75
d;406;153
d;400;214
d;730;217
d;1386;300
e;1612519071.065006;2256
s;1612519072.716419;2256
d;1073;257
d;633;646
d;488;2099
d;475;630
d;469;438
d;465;370
d;465;149
e;1612519072.784458;2256
s;1612519072.848688;2256
d;483;81
d;483;79
d;483;73
d;484;67
d;484;63
d;483;65
d;483;73
d;483;67
d;483;72
d;483;63
d;484;64
d;484;60
d;484;63
d;483;63
e;1612519072.989799;2256
s;1612519073.058776;2256
d;489;66
d;490;73
d;490;71
d;489;80
d;489;77
d;489;64
e;1612519073.104169;2256
s;1612519073.444331;2256
d;1239;237
d;1382;370
d;1260;231
d;1193;114
d;1065;165
d;1214;267
d;1326;262
e;1612519073.513476;2256
s;1612519073.600028;2256
d;0;86
d;0;182
d;583;320
d;1026;340
d;1299;472
e;1612519073.648161;2256
s;1612519073.779184;2256
d;1355;190
d;1248;177
d;1290;84
d;1258;86
d;1080;174
d;1119;60
d;1101;79
d;1311;177
e;1612519073.867475;2256
s;1612519088.254403;2256
d;936;149
d;934;154
d;930;222
d;925;392
d;927;1665
d;935;2400
d;944;4223
d;954;5238
d;964;4997
d;977;3347
d;994;2189
d;1009;3386
d;1020;5272
d;1032;6997
d;1046;7567
d;1059;7720
d;1072;6684
d;1084;4603
d;1096;2494
d;1113;1492
d;1131;1676
d;1138;1986
d;1131;1736
d;1115;839
e;1612519088.497386;2256
s;1612519093.810259;2256
d;1056;1593
d;255;6440
d;211;9394
d;210;10727
d;216;11963
d;222;12261
d;223;12428
d;221;10377
d;219;6185
d;223;2331
d;109;517
e;1612519093.914210;2256
s;1612519093.930199;2256
d;278;6038
d;202;14446
d;193;4090
d;190;3022
d;188;3534
d;187;7740
d;202;4818
d;213;6427
d;208;6156
d;203;3487
d;200;2486
d;203;3104
d;211;1834
d;237;541
d;1243;259
e;1612519094.094035;2256
s;1612519096.222228;2256
d;1358;359
d;1326;380
d;1311;396
d;1310;403
d;1310;398
d;1312;399
d;1315;407
d;1317;400
d;1322;403
d;1326;402
d;1329;404
d;1331;407
d;1337;414
d;1339;421
d;1341;428
d;1340;404
d;1332;338
d;1328;363
d;1319;266
d;1315;417
d;1323;651
d;1324;579
d;1324;594
d;1325;704
d;1326;666
d;1329;695
d;1330;606
d;1331;559
d;1335;642
d;1339;688
d;1340;619
d;1341;574
d;1341;468
d;1339;390
d;1336;321
d;1331;287
d;1327;267
d;1320;232
d;1316;208
d;1312;121
d;1323;94
e;1612519096.641773;2256
s;1612519101.542626;2256
d;962;74
d;961;78
d;962;77
d;962;102
d;961;159
d;964;268
d;969;364
d;976;438
d;983;426
d;990;398
d;995;342
d;1004;368
d;1012;299
d;1018;250
d;1021;193
d;1021;132
d;1022;110
d;1024;100
d;1026;101
d;1027;97
d;1030;97
d;1032;93
d;1035;82
d;1038;82
d;1041;95
d;1054;175
d;1083;217
d;1090;167
d;1177;190
e;1612519101.836879;2256
s;1612519103.527752;2256
d;967;75
d;967;90
d;968;96
d;968;96
d;968;100
d;968;98
d;968;97
d;967;101
d;966;183
d;966;170
d;967;269
d;971;274
d;976;273
d;984;260
d;989;229
d;995;218
d;1005;262
d;1032;931
d;1045;2088
d;1054;3013
d;1063;4057
d;1073;4944
d;1082;5971
d;1091;6423
d;1101;5336
d;1110;4528
d;1119;3758
d;1129;2619
d;1138;1536
d;1145;761
d;1145;275
d;1144;165
d;1143;165
d;1343;211
e;1612519103.870227;2256
s;1612519110.648603;2256
d;419;128
d;390;368
d;363;508
d;351;364
d;344;261
d;340;213
d;338;141
d;336;61
e;1612519110.735913;2256
s;1612519110.785299;2256
d;295;142
d;296;154
d;295;133
d;295;104
d;294;94
d;294;89
d;294;83
d;294;82
d;293;73
d;293;92
d;293;88
d;293;103
d;292;86
d;292;74
d;291;67
d;290;65
d;290;66
d;289;67
d;289;73
d;289;85
d;289;93
d;288;64
e;1612519111.001014;2256
s;1612519111.067147;2256
d;318;6040
d;317;2727
d;772;526
d;1384;281
e;1612519111.106190;2256
s;1612519116.463794;2256
d;1352;304
d;979;385
d;783;465
d;698;516
d;659;575
d;639;639
d;625;713
d;611;800
d;599;903
d;589;988
d;579;1119
d;569;1281
d;561;1420
d;553;1474
d;545;1445
d;538;1431
d;532;1626
d;524;1669
d;517;1805
d;511;1846
d;506;1733
d;501;1700
d;497;1828
d;492;2204
d;486;2651
d;482;3027
d;478;3106
d;476;3049
d;474;2964
d;473;2873
d;472;2787
d;471;2734
d;471;2738
d;471;2799
d;471;2883
d;471;2951
d;470;2977
d;470;2986
d;470;2986
d;470;2990
d;469;2982
d;469;2982
d;469;2972
d;469;2965
d;469;2956
d;469;2946
d;469;2986
d;468;3041
d;468;3011
d;469;2958
d;469;2919
d;470;2925
d;470;2912
d;470;2890
d;471;2868
d;471;2854
d;471;2840
d;472;2825
d;472;2840
d;472;2865
d;472;2879
d;472;2864
d;473;2925
d;473;2923
d;472;2829
d;472;2690
d;473;2527
d;475;2393
d;476;2305
d;479;2281
d;480;2218
d;481;1958
d;481;1398
d;482;844
d;539;609
d;1274;378
e;1612519117.241449;2256
s;1612519141.360890;2256
d;926;80
d;925;95
d;923;152
d;898;1954
d;899;6908
d;910;8779
d;922;10537
d;936;5080
d;956;2581
d;982;3057
d;999;6014
d;1016;7686
d;1034;6841
d;1052;4462
d;1073;2288
d;1106;1834
d;1120;1699
d;1095;969
d;1203;476
e;1612519141.548985;2256
s;1612519150.314041;2256
d;1168;344
d;834;384
d;686;367
d;613;349
d;564;394
d;534;427
d;511;493
d;491;502
d;475;484
d;458;442
d;434;561
d;413;746
d;398;992
d;389;1124
d;381;1055
d;375;975
d;367;1018
d;364;3000
d;357;6097
d;352;8984
d;349;8448
d;350;5917
d;351;4342
d;352;3807
d;352;3834
d;352;5425
d;350;8035
d;349;8743
d;349;8815
d;349;8845
d;349;8839
d;348;8891
d;348;9056
d;348;9466
d;348;9624
d;348;9542
d;348;9381
d;348;9362
d;348;9381
d;348;9404
d;348;9407
d;348;9399
d;348;9471
d;348;9517
d;348;9501
d;348;9488
d;348;9766
d;348;10051
d;347;9439
d;346;6790
d;349;3894
d;353;3162
d;353;3297
d;350;3209
d;345;1166
d;343;666
d;346;465
d;348;422
d;348;415
d;352;432
d;433;223
d;1179;285
e;1612519150.936116;2256
s;1612519152.135530;2256
d;1108;377
d;814;445
d;703;380
d;644;383
d;608;404
d;582;467
d;560;576
d;543;663
d;524;992
d;509;2236
d;498;2854
d;490;1907
d;491;2245
d;482;2815
d;468;1979
d;457;1156
d;452;1120
d;449;1072
d;446;1054
d;445;1065
d;444;1069
d;444;1057
d;443;1063
d;442;1083
d;442;1087
d;441;1085
d;440;1085
d;441;1083
d;440;1071
d;439;1072
d;439;1090
d;439;1104
d;440;1089
d;440;1066
d;440;1060
d;440;1063
d;441;1067
d;442;1081
d;441;1091
d;440;1068
d;441;979
d;441;809
d;446;487
d;1062;385
e;1612519152.584042;2256
s;1612519156.401624;2256
d;1319;182
d;1155;189
d;1004;199
d;911;184
d;813;198
d;668;300
d;526;643
d;478;775
d;459;2885
d;444;6638
d;445;4135
d;439;2001
d;427;1227
d;421;3039
d;417;5114
d;413;6133
d;409;5148
d;409;3679
d;410;3042
d;410;3431
d;409;4144
d;409;4472
d;409;4525
d;409;4532
d;408;4563
d;408;4641
d;408;4719
d;407;4788
d;407;4820
d;406;4898
d;406;5023
d;406;5297
d;406;5360
d;405;5285
d;405;5279
d;405;5278
d;405;5197
d;405;5141
d;405;5142
d;405;5169
d;405;5209
d;405;5313
d;406;5400
d;406;5455
d;406;5563
d;405;5472
d;404;4735
d;404;3814
d;406;3571
d;407;3998
d;408;4420
d;409;4211
d;411;3998
d;412;3464
d;416;1906
d;657;723
e;1612519156.957147;2256
s;1612519159.420305;2256
d;1304;171
d;1145;187
d;1070;165
d;1004;165
d;893;190
d;695;318
d;500;855
d;461;1448
d;447;1415
d;438;1294
d;430;1691
d;421;1429
d;413;633
d;411;263
d;410;194
d;409;178
d;409;159
d;409;126
d;409;119
d;408;106
d;408;162
d;402;477
d;398;386
d;397;245
d;397;186
d;398;160
d;397;157
d;398;155
d;398;154
d;398;154
d;398;165
d;398;173
d;397;176
d;396;260
d;396;256
d;394;192
d;394;181
d;394;161
d;394;149
d;394;158
d;394;158
d;394;157
d;393;175
d;394;338
d;392;241
d;393;186
d;393;189
d;394;182
d;395;179
d;395;180
d;396;154
d;396;134
d;396;130
d;397;147
d;398;175
d;402;218
d;406;249
d;986;291
e;1612519160.007781;2256
s;1612519161.074709;2256
d;460;272
d;443;358
d;441;181
e;1612519161.114455;2256
s;1612519161.460626;2256
d;480;817
d;414;1273
d;410;1528
d;577;754
d;1378;360
e;1612519161.516841;2256
s;1612519163.439287;2256
d;1167;204
d;818;327
d;575;488
d;469;650
d;433;857
d;421;1015
d;411;881
d;405;664
d;400;600
d;397;579
d;394;561
d;391;547
d;390;531
d;390;515
d;390;511
d;388;522
d;386;554
d;384;541
d;384;519
d;383;521
d;383;526
d;382;519
d;383;515
d;382;516
d;383;472
d;382;536
d;382;563
d;381;559
d;381;500
d;384;475
d;384;471
d;383;461
d;384;451
d;386;438
d;386;470
d;387;587
d;388;639
d;387;464
d;388;402
d;392;367
d;393;332
d;656;283
d;1341;299
e;1612519163.868541;2256
s;1612519165.149694;2256
d;658;102
d;662;115
d;1289;276
e;1612519165.184423;2256
s;1612519173.630452;2256
d;627;97
d;624;91
d;620;75
d;616;88
d;611;87
d;605;141
d;544;270
d;491;338
d;470;270
d;463;208
d;452;241
d;445;218
d;439;182
d;433;185
d;424;204
d;417;204
d;412;191
d;410;172
d;408;158
d;407;170
d;404;206
d;397;256
d;393;221
d;392;210
d;390;203
d;389;188
d;389;192
d;389;181
d;388;174
d;388;179
d;386;190
d;388;268
d;388;217
d;388;176
d;389;177
d;389;182
d;388;190
d;388;191
d;388;193
d;388;199
d;388;196
d;389;188
d;389;170
d;389;156
d;390;144
d;396;409
d;396;726
d;457;823
d;637;614
d;1393;323
e;1612519174.130800;2256
s;1612519174.395384;2256
d;930;153
d;933;260
d;938;640
d;951;1672
d;962;2061
d;973;1989
d;987;1077
d;996;397
d;997;142
d;999;135
d;1002;155
d;1011;169
d;1014;146
d;1032;187
d;1089;396
d;1142;792
d;1159;1005
d;1136;862
d;1220;368
e;1612519174.584840;2256
s;1612519182.942658;2256
d;1391;538
d;1009;604
d;904;794
d;885;963
d;883;1099
d;883;1191
d;884;1162
d;883;1124
d;882;1093
d;881;1089
d;881;1090
d;881;1127
d;880;1163
d;881;1208
d;881;1235
d;881;1239
d;882;1250
d;882;1250
d;883;1234
d;884;1239
d;883;1235
d;883;1262
d;884;1266
d;883;1236
d;883;1272
d;884;1396
d;885;1520
d;888;1638
d;892;1739
d;898;1796
d;905;2082
d;915;2293
d;924;2136
d;936;1727
d;946;1437
d;958;1366
d;970;1289
d;983;1243
d;998;1155
d;1011;1054
d;1025;1050
d;1042;1172
d;1063;2151
d;1079;2458
d;1090;4033
d;1098;3897
d;1095;3209
d;1143;1284
e;1612519183.427490;2256
s;1612519188.716268;2256
d;1164;4977
d;258;4903
d;205;5025
d;196;2080
d;192;783
d;0;515
d;99;664
d;209;1270
d;211;1347
d;205;1432
d;191;1649
d;177;2000
d;169;2008
d;169;2279
d;205;6461
d;215;8188
d;210;10272
d;202;12878
d;194;10839
d;189;3483
d;182;3102
d;175;7686
d;118;1126
d;805;252
e;1612519188.957014;2256
s;1612519195.183316;2256
d;1222;196
d;1014;215
d;878;206
d;790;195
d;762;159
d;746;153
d;734;146
d;721;140
d;709;138
d;698;147
d;677;161
d;641;180
d;605;193
d;568;213
d;538;227
d;514;245
d;498;250
d;489;227
d;483;224
d;476;227
d;473;223
d;470;223
d;468;217
d;468;220
d;467;215
d;467;213
d;466;219
d;465;217
d;467;239
d;467;236
d;466;222
d;467;214
d;467;200
d;466;204
d;468;203
d;468;212
d;467;215
d;468;220
d;466;239
d;466;243
d;466;246
d;465;227
d;465;219
d;466;203
d;467;186
d;469;178
d;470;173
d;477;536
d;473;2809
d;468;4584
d;465;3013
d;477;1489
d;510;986
d;552;661
d;1002;454
e;1612519195.736078;2256
s;1612519201.552351;2256
d;565;257
d;546;68
d;552;199
d;993;337
d;1221;353
d;1302;272
d;1371;405
e;1612519201.619456;2256
s;1612519201.670488;2256
d;1384;207
d;1326;143
d;1262;125
d;1098;170
d;1014;159
d;874;171
d;1067;374
d;1357;715
e;1612519201.749797;2256
s;1612519202.149225;2256
d;929;69
d;929;78
d;929;67
e;1612519202.184257;2256
s;1612519202.388804;2256
d;915;72
d;915;91
d;914;109
d;909;174
d;893;336
d;880;892
d;884;1750
d;893;2253
d;900;1705
d;913;1349
d;928;551
d;943;486
d;956;548
d;970;841
d;973;5144
d;983;8669
d;997;10573
d;1013;9608
d;1028;8897
d;1043;5405
d;1057;2420
d;1063;251
d;1086;126
e;1612519202.621588;2256
s;1612519225.705149;2256
d;1367;158
d;1237;175
d;1059;205
d;856;265
d;693;338
d;602;383
d;548;530
d;524;695
d;516;617
d;511;685
d;503;1151
d;496;1134
d;489;1521
d;483;1541
d;481;1927
d;474;2428
d;469;1409
d;466;573
d;464;464
d;462;429
d;459;468
d;457;398
d;455;380
d;455;359
d;455;350
d;455;337
d;456;390
d;455;461
d;453;436
d;452;413
d;451;402
d;449;383
d;449;369
d;448;379
d;448;370
d;449;365
d;448;362
d;448;360
d;447;362
d;448;358
d;448;408
d;444;561
d;442;491
d;445;409
d;447;396
d;445;383
d;445;381
d;444;370
d;444;344
d;444;343
d;445;342
d;446;332
d;447;328
d;447;327
d;447;319
d;447;312
d;446;305
d;446;306
d;447;316
d;448;367
d;447;388
d;447;368
d;447;350
d;448;336
d;449;326
d;449;297
d;450;276
d;451;254
d;454;205
d;454;130
d;819;234
e;1612519226.412492;2256
s;1612519233.385046;2256
d;1350;365
d;823;660
d;667;799
d;627;819
d;608;776
d;586;1043
d;568;1198
d;555;1322
d;538;1834
d;528;3795
d;529;6777
d;516;3120
d;500;2539
d;487;3796
d;473;3273
d;463;5959
d;457;7457
d;452;7359
d;449;6597
d;446;5924
d;445;5538
d;444;5396
d;445;5494
d;445;5640
d;444;5371
d;443;4536
d;443;4411
d;443;4407
d;442;4239
d;442;4400
d;441;4641
d;441;5007
d;440;4464
d;440;4613
d;441;4529
d;441;5223
d;441;5257
d;441;5299
d;441;5316
d;441;5379
d;441;5694
d;441;6357
d;440;6641
d;439;6327
d;438;5700
d;438;5207
d;438;4636
d;439;4325
d;440;4492
d;440;3750
d;439;1243
d;784;401
e;1612519233.908414;2256
s;1612519242.591135;2256
d;1127;1875
d;243;8913
d;182;5103
d;171;2162
d;167;910
d;162;768
d;157;526
d;184;535
d;210;1643
d;205;2454
d;199;2458
d;186;2411
d;158;2830
d;149;2708
d;140;928
d;172;116
d;696;616
d;869;1332
d;884;1706
d;894;1817
d;907;1389
d;919;858
d;936;1521
d;949;4178
d;961;7322
d;974;9854
d;987;11577
d;1003;10432
d;1016;8199
d;1030;5478
d;1043;3060
d;1059;1132
d;1065;268
d;1109;160
e;1612519242.947448;2256
s;1612519245.442661;2256
d;1311;469
d;997;460
d;869;425
d;803;357
d;774;254
d;764;176
d;757;160
d;753;149
d;748;144
d;743;150
d;732;163
d;725;153
d;712;163
d;690;182
d;665;189
d;639;201
d;617;204
d;590;225
d;563;245
d;536;292
d;511;385
d;488;701
d;476;1294
d;465;2100
d;456;3235
d;443;9388
d;426;8352
d;417;5015
d;408;2145
d;406;1153
d;414;714
d;418;649
d;418;712
d;416;836
d;408;1005
d;399;1092
d;391;886
d;393;724
d;398;717
d;399;734
d;401;804
d;402;873
d;401;819
d;401;772
d;400;755
d;401;689
d;407;557
d;413;409
d;411;583
d;394;1099
d;392;2102
d;390;2304
d;390;2172
d;390;2183
d;391;2191
d;391;2214
d;391;2196
d;390;2177
d;390;2154
d;389;2112
d;389;2067
d;390;1484
d;397;876
d;394;895
d;390;1029
d;389;1101
d;387;1186
d;386;1195
d;386;1128
d;387;1086
d;386;1048
d;388;1029
d;391;1106
d;409;1422
d;422;1692
d;422;1642
d;412;1317
d;406;1167
d;407;1155
d;407;1087
d;402;981
d;398;894
d;398;890
d;399;866
d;400;848
d;398;811
d;399;818
d;398;788
d;400;799
d;401;811
d;402;798
d;402;822
d;402;847
d;402;873
d;400;904
d;394;908
d;390;968
d;387;1013
d;384;959
d;381;842
d;381;831
d;376;873
d;376;684
d;380;554
d;385;509
d;396;722
d;399;829
d;395;805
d;391;632
d;388;350
d;387;331
d;390;511
d;392;525
d;389;479
d;406;549
d;450;811
d;462;882
d;463;816
d;462;708
d;459;621
d;470;707
d;477;706
d;479;634
d;480;614
d;483;570
d;481;542
d;480;455
d;481;405
d;482;416
d;476;547
d;462;652
d;466;521
d;627;561
e;1612519246.771379;2256
s;1612519246.822233;2256
d;1022;423
d;676;470
e;1612519246.846629;2256
s;1612519247.539265;2256
d;231;8860
d;152;4853
d;145;4687
d;142;3912
d;152;1673
d;176;9141
d;175;3745
d;170;4327
d;166;3989
d;161;5582
d;160;1463
d;149;6404
d;139;5581
d;135;6132
d;131;5281
d;128;4917
d;128;4881
d;146;1707
d;156;3915
d;152;6234
d;146;5536
d;142;5407
d;139;5805
d;136;5545
d;134;4608
d;134;3050
d;133;1840
d;127;1048
d;127;621
d;801;249
e;1612519247.834409;2256
s;1612519248.381067;2256
d;366;7675
d;284;11267
d;274;11311
d;269;5903
d;273;1428
d;292;1938
d;295;2866
d;293;3327
d;290;2579
d;297;1367
d;407;504
d;1220;314
e;1612519248.505368;2256
s;1612519248.505368;2256
d;610;1252
d;277;3695
d;254;5092
d;249;5277
d;247;3953
d;256;1769
d;261;946
d;260;641
d;256;429
d;249;345
d;247;178
d;475;206
e;1612519248.638590;2256
s;1612519248.959835;2256
d;637;541
d;601;1144
d;589;1344
d;581;1954
d;574;1096
d;570;517
d;571;130
e;1612519249.040767;2256
s;1612519251.055687;2256
d;260;5897
d;160;5270
d;156;5512
d;150;4683
d;149;1973
d;493;522
d;1298;263
d;592;5426
d;191;5679
d;153;4406
d;138;5510
d;134;5280
d;140;3441
d;156;7968
d;151;3930
d;150;1275
d;84;996
d;0;515
d;0;144
d;416;263
d;1171;280
e;1612519251.261801;2256
s;1612519251.891276;2256
d;1268;242
d;1027;270
d;873;281
d;780;281
d;733;240
d;700;241
d;673;261
d;653;270
d;636;290
d;615;345
d;593;447
d;575;669
d;559;1050
d;550;1587
d;544;2321
d;539;2995
d;534;3467
d;525;2766
d;520;2281
d;515;1740
d;512;1182
d;510;713
d;510;421
d;510;296
d;512;236
d;511;195
d;512;148
d;512;144
d;516;193
d;522;248
d;523;284
d;523;284
d;522;254
d;518;240
d;514;227
d;512;199
d;511;194
d;508;205
d;507;193
d;506;180
d;506;174
d;506;160
d;506;164
d;506;152
d;506;139
d;507;129
d;507;119
d;507;114
d;507;113
d;508;114
d;509;109
d;510;112
d;510;135
d;510;142
d;510;134
d;510;110
d;511;101
d;511;98
d;512;88
d;512;87
d;513;88
d;514;97
d;514;106
d;514;115
d;515;123
d;515;123
d;515;125
d;515;148
d;517;196
d;523;251
d;528;296
d;530;339
d;526;376
d;520;369
d;517;317
d;513;244
d;513;164
d;513;114
d;514;87
d;517;66
d;542;127
d;1233;284
e;1612519252.718439;2256
s;1612519256.255106;2256
d;1183;217
d;1167;147
d;1326;185
e;1612519256.277051;2256
s;1612519285.220748;2256
d;659;107
d;678;154
d;748;196
d;784;172
d;842;208
d;908;263
d;999;753
d;1027;2145
d;1040;3405
d;1056;3591
d;1071;3120
d;1087;2373
d;1101;1424
d;1110;579
d;1109;145
d;1148;146
e;1612519285.390875;2256
s;1612519294.913842;2256
d;420;62
d;420;68
d;420;62
e;1612519294.947752;2256
s;1612519295.107674;2256
d;445;164
d;459;148
d;1290;325
e;1612519295.139110;2256
s;1612519295.784273;2256
d;1329;203
d;1098;214
d;910;227
d;740;274
d;627;299
d;560;294
d;523;263
d;456;768
d;427;1986
d;417;2636
d;407;3968
d;396;5627
d;391;3610
d;382;4441
d;372;1267
d;370;516
d;366;302
d;365;213
d;370;248
d;375;264
d;375;217
d;373;256
d;367;266
d;362;238
d;362;272
d;362;252
d;362;234
d;362;232
d;360;229
d;360;221
d;361;209
d;360;206
d;361;210
d;360;209
d;362;226
d;361;246
d;361;182
d;361;170
d;361;166
d;361;171
d;362;181
d;363;205
d;363;201
d;363;204
d;368;295
d;378;367
d;381;336
d;378;279
d;375;220
d;375;152
d;376;116
d;771;262
e;1612519296.309991;2256
s;1612519298.494200;2256
d;622;81
d;620;96
d;617;93
d;613;96
d;609;106
d;604;105
d;598;110
d;592;119
d;566;181
d;482;486
d;444;503
d;435;264
d;424;369
d;410;778
d;399;597
d;394;221
d;392;177
d;390;156
d;389;147
d;385;175
d;380;196
d;378;175
d;375;206
d;372;261
d;370;284
d;367;281
d;365;272
d;364;269
d;362;250
d;363;241
d;362;236
d;361;235
d;361;235
d;360;249
d;360;216
d;359;205
d;359;206
d;360;207
d;361;196
d;362;190
d;363;196
d;363;218
d;363;261
d;362;218
d;362;174
d;363;162
d;363;151
d;364;140
d;365;142
d;609;221
d;1361;316
e;1612519299.007779;2256
s;1612519299.935001;2256
d;1347;200
d;1135;214
d;955;233
d;791;285
d;651;418
d;582;482
d;546;529
d;525;595
d;508;709
d;491;998
d;474;2214
d;460;3380
d;451;3615
d;445;3094
d;438;3061
d;430;3417
d;424;1831
d;419;1435
d;413;3053
d;405;5978
d;400;7180
d;397;7159
d;395;6712
d;394;6378
d;394;6474
d;394;6645
d;394;6882
d;394;6903
d;394;6842
d;394;7140
d;393;7466
d;393;7581
d;392;7598
d;392;7603
d;391;7604
d;391;7586
d;391;7588
d;390;7584
d;390;7564
d;390;7556
d;390;7545
d;390;7613
d;389;7616
d;389;7520
d;389;7445
d;389;7417
d;389;7391
d;389;7387
d;389;7408
d;389;7412
d;389;7407
d;389;7438
d;389;7482
d;389;7497
d;389;7292
d;388;6678
d;388;6194
d;389;6156
d;390;6074
d;392;5963
d;394;5874
d;397;5630
d;398;4715
d;398;3001
d;417;1429
d;951;506
e;1612519300.608146;2256
s;1612519303.034071;2256
d;583;76
d;552;262
d;508;503
d;486;569
d;471;691
d;461;612
d;455;584
d;445;1940
d;432;1609
d;430;449
d;431;195
d;431;137
d;431;109
d;431;101
d;431;104
d;431;114
d;428;191
d;426;219
d;425;166
d;425;144
d;425;139
d;425;135
d;425;135
d;424;137
d;424;139
d;424;132
d;424;133
d;424;122
d;423;132
d;423;152
d;422;155
d;422;137
d;422;150
d;422;142
d;421;129
d;421;110
d;422;123
d;422;122
d;422;122
d;422;127
d;423;118
d;423;114
d;423;113
d;424;103
d;425;71
d;1032;304
e;1612519303.509560;2256
s;1612519324.605278;2256
d;646;204
d;637;168
d;625;176
d;601;211
d;573;256
d;544;294
d;524;257
d;523;121
d;507;229
d;454;1796
d;434;1029
d;416;2835
d;412;1298
d;410;535
d;405;336
d;405;145
e;1612519324.771267;2256
s;1612519324.806070;2256
d;423;90
d;421;123
d;419;92
d;419;73
d;418;67
e;1612519324.857975;2254
s;1612519325.053270;2248
d;400;92
d;400;89
d;400;79
d;400;71
d;399;80
d;399;85
d;400;100
d;731;235
e;1612519325.120605;2254
s;1612519347.622132;2248
d;1050;7992
d;212;11064
d;158;3951
d;152;3890
d;149;6280
d;148;8924
d;149;7494
d;150;4080
d;148;2267
d;161;1217
d;169;2342
d;166;3309
d;162;3804
d;159;3874
d;155;1984
d;888;348
e;1612519347.789217;2248
s;1612519347.805327;2248
d;712;2216
d;166;5198
d;134;5840
d;130;6077
d;128;6720
d;126;8339
d;127;10515
d;128;11827
d;132;6804
d;138;4991
d;140;2205
d;143;1564
d;141;1558
d;138;1317
d;136;1022
d;136;983
d;136;861
d;136;816
d;134;729
d;134;628
d;134;682
d;131;786
d;128;488
d;925;272
e;1612519348.048995;2248
s;1612519354.331441;2250
d;1295;212
d;1185;206
d;1116;193
d;1060;198
d;1017;198
d;980;205
d;957;199
d;935;209
d;920;208
d;909;215
d;902;219
d;896;219
d;892;219
d;889;226
d;886;233
d;886;226
d;885;223
d;886;218
d;888;203
d;887;205
d;887;200
d;887;208
d;886;219
d;873;500
d;866;714
d;869;697
d;873;1163
d;876;1924
d;880;5180
d;887;12755
d;899;6731
d;906;3365
d;914;3799
d;921;11765
d;933;7414
d;951;6063
d;961;8832
d;970;11729
d;979;14140
d;991;14079
d;1003;11928
d;1014;9875
d;1025;7600
d;1037;5574
d;1051;4080
d;1073;4209
d;1088;3447
d;1097;3267
d;1098;2861
d;1094;2633
d;1095;1638
e;1612519354.857893;2248
s;1612519360.749164;2248
d;874;278
d;868;221
d;866;232
d;868;334
d;875;653
d;881;2020
d;886;7922
d;894;9437
d;909;4697
d;929;1600
d;941;2624
d;949;7634
d;960;12242
d;973;13443
d;988;11182
d;1003;9566
d;1017;7372
d;1030;4626
d;1046;2161
d;1072;2838
d;1090;2876
d;1088;2952
d;1085;2004
e;1612519360.979788;2248
s;1612519382.728024;2248
d;1326;704
d;769;967
d;685;1634
d;663;2560
d;648;3364
d;637;3984
d;626;4283
d;616;4211
d;605;4222
d;594;3979
d;585;3189
d;578;2097
d;572;1270
d;562;975
d;551;1005
d;541;923
d;530;1062
d;514;2366
d;500;4093
d;489;4993
d;479;5285
d;469;6166
d;459;7688
d;450;8823
d;440;9218
d;430;9416
d;420;7853
d;415;7955
d;407;6933
d;399;5473
d;394;9477
d;385;3508
d;374;13134
d;367;13088
d;362;12685
d;367;10809
d;376;10225
d;381;10484
d;381;13419
d;377;15515
d;369;15588
d;360;15310
d;351;14663
d;345;12478
d;342;9965
d;338;5142
d;339;1788
d;342;1090
d;347;973
d;352;1002
d;354;1085
d;356;1011
d;355;1040
d;353;1048
d;351;991
d;350;897
d;350;764
d;355;565
d;359;1052
d;347;5245
d;341;8991
d;337;7457
d;340;4170
d;345;2784
d;347;2279
d;357;1587
d;385;927
d;418;722
d;433;671
d;430;947
d;413;1017
d;406;921
d;381;1281
d;361;1399
d;356;847
d;369;605
d;400;750
d;427;1099
d;418;1029
d;393;786
d;367;717
d;367;908
d;368;1322
d;365;2061
d;361;2702
d;355;2474
d;353;2021
d;357;1712
d;360;1301
d;371;1064
d;375;1176
d;370;1068
d;364;865
d;355;873
d;347;1045
d;340;1143
d;338;858
d;341;788
d;341;923
d;343;1198
d;347;1443
d;352;1630
d;354;1832
d;350;2010
d;345;1898
d;341;1530
d;338;1158
d;339;878
d;344;617
d;347;622
d;358;901
d;366;851
d;373;687
d;374;588
d;374;546
d;371;572
d;364;1160
d;355;1951
d;357;1037
d;351;975
d;349;816
d;347;588
d;347;467
d;359;281
d;1161;313
e;1612519383.982527;2248
s;1612519386.007233;2248
d;1111;256
d;975;205
d;866;209
d;776;216
d;694;240
d;625;280
d;571;326
d;533;383
d;507;446
d;489;527
d;475;616
d;464;707
d;454;860
d;444;1595
d;434;2044
d;427;2067
d;424;828
d;429;881
d;420;2141
d;410;2150
d;403;2007
d;392;1543
d;386;1598
d;381;1237
d;379;1043
d;379;893
d;378;819
d;378;992
d;376;1044
d;375;892
d;375;858
d;373;762
d;375;655
d;375;630
d;375;609
d;375;616
d;375;639
d;374;638
d;374;649
d;373;672
d;373;717
d;373;755
d;373;799
d;374;954
d;372;1048
d;371;897
d;372;720
d;374;692
d;374;685
d;373;688
d;373;673
d;374;661
d;375;661
d;376;672
d;377;664
d;375;462
d;375;188
d;377;75
d;403;60
e;1612519386.597732;2248
s;1612519386.613744;2248
d;413;496
d;1357;434
e;1612519386.646528;2248
s;1612519399.600258;2248
d;1191;486
d;961;629
d;897;778
d;883;979
d;882;1178
d;881;1323
d;882;1377
d;883;1373
d;883;1309
d;883;1266
d;881;1252
d;881;1298
d;881;1364
d;880;1422
d;880;1486
d;880;1527
d;879;1549
d;879;1572
d;880;1597
d;880;1621
d;880;1647
d;881;1671
d;881;1682
d;881;1653
d;882;1566
d;882;1477
d;882;1346
d;881;1290
d;880;1341
d;880;1461
d;881;1601
d;883;1740
d;885;1818
d;887;1863
d;889;1967
d;893;2034
d;899;2063
d;908;2156
d;920;2091
d;933;2067
d;945;2186
d;959;2440
d;971;5030
d;982;8309
d;994;11684
d;1008;12459
d;1022;12448
d;1036;10329
d;1050;6832
d;1064;3241
d;1080;1199
d;1092;738
d;1076;457
e;1612519400.133874;2248
s;1612519411.283417;2248
d;951;181
d;949;278
d;952;459
d;962;2099
d;971;3272
d;979;3608
d;988;3996
d;999;4089
d;1012;4276
d;1025;5420
d;1036;8702
d;1047;11460
d;1057;14136
d;1068;15646
d;1080;13928
d;1091;11295
d;1101;8229
d;1116;6363
d;1140;5316
d;1158;3635
d;1173;4326
d;1181;4258
d;1181;4231
d;1182;2627
e;1612519411.522921;2248
s;1612519414.909655;2248
d;943;916
d;735;875
d;690;703
d;691;156
d;691;100
d;689;115
d;686;125
d;682;146
d;668;172
d;643;202
d;612;227
d;582;260
d;544;442
d;506;1034
d;493;1714
d;482;1127
d;475;617
d;468;544
d;465;553
d;462;557
d;459;548
d;460;550
d;458;548
d;456;553
d;455;623
d;453;638
d;452;604
d;451;578
d;451;553
d;450;509
d;451;452
d;451;421
d;453;509
d;453;538
d;451;482
d;451;424
d;451;372
d;453;360
d;453;357
d;455;357
d;457;434
d;458;518
d;456;628
d;457;404
d;459;342
d;462;305
d;466;225
d;1125;365
e;1612519415.394136;2248
s;1612519421.102422;2248
d;1316;178
d;1131;190
d;953;204
d;763;249
d;598;319
d;498;372
d;447;401
d;423;410
d;410;413
d;404;458
d;400;606
d;398;635
d;396;576
d;395;590
d;394;591
d;392;803
d;392;1001
d;392;848
d;391;885
d;391;684
d;392;601
d;392;582
d;394;582
d;393;601
d;394;670
d;395;662
d;394;537
d;397;469
d;400;413
d;513;286
d;1362;345
e;1612519421.403048;2248
s;1612519425.313191;2248
d;657;1195
d;598;1331
d;577;1286
d;558;1317
d;541;1526
d;524;1809
d;509;2092
d;495;2311
d;481;2471
d;468;2441
d;456;2084
d;442;2150
d;426;3738
d;417;5324
d;412;6006
d;408;6359
d;405;6548
d;403;6581
d;401;6667
d;400;6534
d;399;6303
d;398;6480
d;397;6553
d;397;6542
d;396;6518
d;396;6496
d;395;6493
d;395;6474
d;395;6446
d;395;6309
d;394;5481
d;396;5102
d;396;6052
d;395;6531
d;396;6562
d;396;6444
d;397;6308
d;398;6075
d;399;5455
d;398;3030
d;669;913
e;1612519425.729552;2248
s;1612519428.119832;2248
d;1212;329
d;826;384
d;673;321
d;607;257
d;553;301
d;497;536
d;458;942
d;446;883
d;439;637
d;431;924
d;420;2283
d;409;2027
d;413;1274
d;408;1470
d;396;903
d;389;979
d;385;947
d;382;877
d;379;778
d;380;711
d;378;683
d;377;733
d;377;869
d;378;1037
d;376;979
d;375;937
d;373;955
d;374;964
d;372;966
d;372;959
d;372;949
d;372;945
d;372;942
d;372;1016
d;371;1074
d;371;978
d;371;961
d;371;946
d;370;930
d;372;928
d;372;924
d;372;918
d;373;936
d;372;979
d;372;965
d;373;920
d;372;824
d;372;709
d;375;608
d;379;554
d;382;373
d;1054;345
e;1612519428.649528;2248
s;1612519430.591821;2248
d;846;613
d;596;890
d;549;959
d;531;978
d;517;928
d;505;723
d;498;434
d;493;307
d;478;477
d;449;1295
d;436;2277
d;425;2593
d;415;2300
d;407;1731
d;399;1127
d;394;634
d;389;402
d;387;370
d;385;362
d;385;236
d;387;175
d;387;143
d;388;125
d;387;139
d;387;180
d;385;272
d;384;228
d;383;208
d;382;198
d;382;196
d;382;190
d;381;190
d;381;188
d;380;195
d;380;200
d;379;203
d;380;248
d;377;321
d;378;215
d;380;201
d;380;213
d;378;260
d;376;246
d;378;234
d;389;294
d;395;270
d;396;221
d;395;209
d;392;259
d;627;254
e;1612519431.096160;2248
s;1612519435.481529;2248
d;1047;496
d;748;534
d;641;516
d;587;604
d;553;816
d;529;1108
d;514;1436
d;501;1733
d;487;2013
d;475;2397
d;463;2874
d;452;3276
d;443;3328
d;434;2765
d;428;2141
d;421;2409
d;411;3277
d;401;4475
d;397;5188
d;395;5410
d;393;5413
d;392;5611
d;391;5979
d;390;6342
d;388;6521
d;388;7061
d;387;7855
d;385;7743
d;384;7077
d;384;7186
d;384;8046
d;383;8333
d;382;8254
d;382;8035
d;382;8039
d;382;8130
d;382;7368
d;382;7175
d;382;5933
d;384;5633
d;384;7388
d;383;8065
d;384;8418
d;383;8437
d;382;8211
d;381;7211
d;381;6400
d;382;5947
d;384;5915
d;386;5933
d;387;5732
d;388;4863
d;394;6746
d;393;7189
d;682;1377
e;1612519436.029509;2248
s;1612519466.836733;2248
d;484;525
d;475;620
d;467;1413
d;450;1329
d;443;481
d;443;204
e;1612519466.887209;2248
s;1612519466.904487;2248
d;373;424
d;377;135
e;1612519466.937744;2248
s;1612519470.505793;2248
d;1319;181
d;1054;237
d;796;328
d;607;534
d;518;2699
d;502;1106
d;498;527
d;489;397
d;481;450
d;476;478
d;470;484
d;467;479
d;464;461
d;463;450
d;462;488
d;459;871
d;452;1131
d;450;880
d;453;613
d;455;563
d;454;543
d;453;538
d;453;533
d;453;528
d;453;501
d;454;512
d;453;530
d;453;549
d;453;601
d;452;554
d;452;503
d;453;499
d;455;490
d;454;477
d;454;471
d;455;492
d;455;505
d;456;561
d;455;484
d;455;430
d;458;430
d;460;424
d;460;320
d;714;286
e;1612519470.941252;2248
s;1612519476.401108;2248
d;588;193
d;864;231
d;1104;278
d;1287;367
d;1389;456
e;1612519476.459626;2248
s;1612519476.641543;2248
d;1397;82
e;1612519476.661237;2248
s;1612519479.391913;2248
d;919;79
d;919;87
d;918;83
d;918;85
d;918;62
d;917;134
d;902;304
d;894;650
d;894;7471
d;906;8768
d;915;6186
d;928;3578
d;944;1089
d;957;747
d;973;795
d;984;2869
d;997;4150
d;1013;4468
d;1029;4253
d;1046;3667
d;1063;2377
d;1097;2414
d;1117;2180
d;1120;2360
d;1106;1679
d;1289;539
e;1612519479.650793;2248
s;1612519492.671609;2248
d;1396;160
d;1270;171
d;1056;214
d;833;268
d;682;299
d;608;257
d;563;254
d;528;272
d;501;315
d;482;351
d;472;366
d;465;372
d;462;387
d;459;403
d;456;414
d;455;414
d;453;423
d;452;466
d;451;555
d;450;631
d;448;646
d;446;567
d;442;542
d;443;510
d;444;485
d;443;470
d;445;459
d;445;488
d;446;502
d;446;560
d;445;534
d;444;487
d;446;444
d;447;442
d;446;439
d;447;433
d;448;443
d;448;459
d;447;482
d;447;466
d;448;449
d;449;431
d;449;389
d;450;372
d;452;361
d;456;363
d;458;355
d;460;344
d;465;271
d;722;284
e;1612519493.179955;2248
s;1612519507.408536;2248
d;1165;259
d;1030;203
d;1011;111
d;992;81
d;974;103
d;955;115
d;936;132
d;917;147
d;872;165
d;810;180
d;720;220
d;572;501
d;491;998
d;474;1441
d;470;2170
d;469;2420
d;466;2650
d;450;8290
d;433;2914
d;423;1460
d;423;748
d;421;599
d;419;498
d;419;408
d;418;345
d;418;397
d;417;516
d;416;480
d;416;463
d;415;445
d;416;431
d;415;415
d;414;415
d;414;421
d;412;410
d;413;415
d;413;422
d;413;423
d;413;428
d;412;450
d;414;645
d;411;614
d;410;455
d;411;407
d;412;388
d;412;380
d;411;370
d;414;370
d;414;386
d;413;423
d;413;444
d;413;455
d;412;411
d;414;324
d;415;253
d;417;176
d;691;241
e;1612519507.990887;2248
s;1612519509.975883;2248
d;1329;359
d;1119;231
d;1101;75
e;1612519509.997444;2248
s;1612519510.119764;2248
d;607;207
d;603;151
d;574;199
d;562;168
d;559;101
e;1612519510.169752;2248
s;1612519510.428936;2248
d;734;200
d;675;184
d;663;133
d;653;73
e;1612519510.469050;2248
s;1612519513.849437;2248
d;649;68
d;648;85
d;645;144
d;605;290
d;552;581
d;525;835
d;515;726
d;514;395
d;513;273
d;514;102
d;517;63
e;1612519513.956470;2248
s;1612519514.416894;2248
d;579;64
e;1612519514.420351;2248
s;1612519516.873705;2248
d;409;433
d;401;319
d;397;197
d;402;65
e;1612519516.924783;2248
s;1612519517.396829;2248
d;456;776
d;431;829
d;829;496
e;1612519517.430466;2248
s;1612519518.360643;2248
d;1084;531
d;597;7688
d;560;6787
d;552;5217
d;544;7072
d;535;8801
d;525;10473
d;516;12813
d;507;14268
d;499;16257
d;490;15183
d;482;11273
d;474;7023
d;467;5185
d;466;1521
d;463;662
d;455;710
d;443;1454
d;433;1908
d;426;3051
d;421;4285
d;418;6329
d;407;7141
d;402;2213
d;398;1202
d;394;772
d;391;456
d;389;230
d;389;114
d;389;79
e;1612519518.668845;2248
s;1612519518.700849;2248
d;407;451
d;410;778
d;409;945
d;404;850
d;398;641
d;392;435
d;388;292
d;383;247
d;378;228
d;373;231
d;370;229
d;367;219
d;367;227
d;367;226
d;366;216
d;365;205
d;365;197
d;364;185
d;364;181
d;364;176
d;364;174
d;365;176
d;364;170
d;364;163
d;365;162
d;364;159
d;365;151
d;365;144
d;365;149
d;364;161
d;364;159
d;364;154
d;364;150
d;364;150
d;365;145
d;365;146
d;365;146
d;364;140
d;364;137
d;364;142
d;364;132
d;363;126
d;363;118
d;363;163
d;369;258
d;383;374
d;397;488
d;403;531
d;403;499
d;398;456
d;395;392
d;389;338
d;384;261
d;381;205
d;379;170
d;377;194
d;376;210
d;435;194
d;1322;356
e;1612519519.299422;2248
s;1612519530.436043;2248
d;1298;215
d;1205;187
d;1168;162
d;1152;131
d;1137;128
d;1123;133
d;1110;133
d;1096;141
d;1084;148
d;1053;167
d;1022;173
d;1002;164
d;985;164
d;969;165
d;951;171
d;934;177
d;913;199
d;893;215
d;874;255
d;859;313
d;849;366
d;845;537
d;842;1022
d;847;1338
d;852;2184
d;860;2087
d;868;1942
d;879;1296
d;892;1086
d;903;1676
d;911;3032
d;919;5025
d;927;7154
d;937;9809
d;948;11049
d;959;10562
d;967;9443
d;977;7283
d;987;4665
d;998;2439
d;1013;766
d;1027;370
d;1034;308
d;1165;308
e;1612519530.877418;2248
s;1612519532.624065;2248
d;923;136
d;923;123
d;924;184
d;926;200
d;932;418
d;939;1506
d;945;2166
d;954;2571
d;963;2178
d;973;2273
d;987;2126
d;1004;3197
d;1015;5680
d;1024;8426
d;1035;10767
d;1047;11802
d;1059;10640
d;1071;9039
d;1082;7139
d;1094;4773
d;1105;2667
d;1116;890
d;1123;407
d;1129;481
d;1096;421
d;1168;323
e;1612519532.894017;2248
s;1612519535.021099;2248
d;1376;94
d;1352;101
d;1328;100
d;1307;108
d;1286;103
d;1266;100
d;1248;99
d;1230;96
d;1213;99
d;1197;102
d;1181;103
d;1167;103
d;1154;101
d;1141;103
d;1129;96
d;1117;98
d;1105;111
d;1095;106
d;1085;109
d;1075;110
d;1066;102
d;1058;105
d;1049;112
d;1041;124
d;1021;166
d;956;290
d;904;472
d;885;505
d;879;666
d;880;2070
d;884;2764
d;890;4761
d;898;6861
d;906;7965
d;913;14030
d;922;9635
d;935;5046
d;948;4644
d;955;7950
d;962;14142
d;972;3856
d;981;3353
d;990;3456
d;1001;3062
d;1012;2523
d;1022;2110
d;1029;10750
d;1038;8817
d;1051;5336
d;1066;2475
d;1089;1758
d;1105;4191
d;1111;3661
d;1111;3658
d;1117;3103
d;1222;624
e;1612519535.585712;2248
s;1612519537.715337;2248
d;1345;377
d;1121;418
d;1027;495
d;994;544
d;984;579
d;978;647
d;974;753
d;972;877
d;973;978
d;974;1056
d;975;1107
d;976;1120
d;975;1120
d;975;1119
d;975;1131
d;974;1141
d;974;1149
d;974;1146
d;975;1154
d;974;1156
d;974;1142
d;975;1142
d;974;1138
d;973;1147
d;974;1154
d;974;1158
d;974;1166
d;974;1168
d;974;1169
d;974;1179
d;974;1188
d;974;1189
d;975;1195
d;975;1182
d;976;1128
d;977;1061
d;978;962
d;978;859
d;979;766
d;980;716
d;977;759
d;975;854
d;974;969
d;974;1027
d;976;1066
d;979;1103
d;978;1212
d;980;1363
d;981;1558
d;985;1588
d;989;1716
d;995;1746
d;1003;1843
d;1013;1733
d;1024;1503
d;1034;1564
d;1044;1633
d;1055;1659
d;1066;1689
d;1075;1947
d;1085;4519
d;1095;6338
d;1104;7983
d;1114;9408
d;1125;9121
d;1136;8835
d;1147;8082
d;1157;6313
d;1167;4573
d;1178;2913
d;1189;1496
d;1197;833
d;1203;672
d;1204;519
d;1185;331
e;1612519538.474419;2248
s;1612519541.358534;2248
d;950;63
d;950;74
d;949;79
d;949;80
d;949;77
d;948;72
d;948;79
d;947;109
d;945;156
d;944;141
d;943;132
d;940;192
d;934;249
d;931;364
d;930;1331
d;933;4309
d;941;3887
d;948;4406
d;954;4137
d;963;2440
d;972;1175
d;980;961
d;988;691
d;1001;455
d;1008;416
d;1017;562
d;1021;2084
d;1029;3586
d;1036;4643
d;1044;5854
d;1054;6631
d;1064;6679
d;1073;6262
d;1082;5923
d;1091;4577
d;1100;3016
d;1109;1910
d;1118;1030
d;1127;556
d;1139;569
d;1141;514
d;1132;514
d;1102;482
d;1113;343
e;1612519541.804639;2248
s;1612519543.594334;2248
d;291;13674
d;205;5593
d;192;2753
d;186;7411
d;187;3715
d;189;1818
d;213;1431
d;218;8286
d;207;15787
d;190;4303
d;176;3610
d;170;3438
d;166;6871
d;176;7008
d;189;7277
d;189;5069
d;191;3912
d;186;3896
d;180;4091
d;175;4196
d;171;3905
d;167;2975
d;167;1815
d;165;738
d;549;217
d;1217;268
e;1612519543.859267;2248
s;1612519548.416176;2248
d;952;97
d;948;168
d;940;232
d;934;258
d;931;352
d;931;652
d;938;1084
d;944;2050
d;952;2101
d;960;1755
d;970;1346
d;981;694
d;991;459
d;1004;433
d;1016;492
d;1029;1118
d;1037;4234
d;1048;5646
d;1059;6804
d;1073;6025
d;1087;5368
d;1100;4641
d;1112;2994
d;1124;1627
d;1133;564
d;1135;239
d;1167;186
e;1612519548.690123;2248
s;1612519550.657151;2248
d;1302;216
d;1199;211
d;1132;204
d;1079;207
d;1043;204
d;1017;199
d;996;203
d;980;202
d;969;200
d;961;205
d;956;205
d;952;206
d;950;193
d;946;192
d;946;194
d;945;194
d;944;183
d;942;182
d;941;192
d;941;191
d;941;192
d;940;181
d;941;181
d;940;177
d;940;173
d;940;173
d;941;173
d;941;185
d;940;226
d;933;307
d;933;334
d;934;337
d;936;330
d;941;388
d;945;683
d;948;2216
d;957;4407
d;968;6830
d;977;7841
d;987;8618
d;998;9573
d;1009;8564
d;1022;6517
d;1033;5125
d;1044;3823
d;1055;2572
d;1066;1509
d;1075;737
d;1080;278
d;1083;196
d;1087;180
d;1091;172
d;1095;168
d;1097;156
d;1108;140
e;1612519551.214828;2248
s;1612519556.281661;2248
d;987;86
d;987;171
d;990;455
d;996;648
d;1000;558
d;1003;339
d;1007;484
d;1013;519
d;1019;449
d;1024;422
d;1029;577
d;1032;545
d;1038;716
d;1045;501
d;1052;545
d;1058;757
d;1062;1095
d;1066;1328
d;1070;1547
d;1073;2514
d;1075;4166
d;1079;5750
d;1085;6782
d;1089;8441
d;1093;10008
d;1098;10713
d;1103;11332
d;1109;11398
d;1115;10575
d;1121;9561
d;1127;8838
d;1132;8673
d;1138;8125
d;1143;6979
d;1148;5955
d;1153;5107
d;1158;4005
d;1162;2931
d;1166;2070
d;1170;1302
d;1169;590
d;1162;224
d;1200;127
d;1255;148
e;1612519556.729850;2248
s;1612519565.123198;2248
d;1042;510
d;905;630
d;868;724
d;859;852
d;856;993
d;854;1174
d;855;1321
d;855;1437
d;856;1502
d;856;1527
d;854;1565
d;854;1612
d;854;1655
d;854;1699
d;854;1708
d;855;1633
d;855;1541
d;854;1495
d;853;1493
d;852;1523
d;851;1663
d;851;1817
d;852;1847
d;853;1835
d;852;1832
d;852;1840
d;852;1847
d;852;1856
d;852;1866
d;851;1888
d;852;1908
d;852;1929
d;852;1951
d;852;1951
d;853;1947
d;853;1876
d;854;1760
d;855;1606
d;855;1482
d;855;1367
d;854;1321
d;852;1371
d;851;1486
d;852;1615
d;853;1738
d;854;1834
d;856;1899
d;857;1932
d;859;1961
d;860;2058
d;861;2888
d;865;2832
d;869;3444
d;874;3536
d;881;3638
d;888;3418
d;897;2397
d;905;1978
d;913;1941
d;922;1915
d;930;1913
d;938;2802
d;945;5180
d;952;6639
d;959;7473
d;968;7976
d;977;7309
d;987;6890
d;996;6815
d;1005;6222
d;1013;5001
d;1021;3762
d;1030;2481
d;1041;1292
e;1612519565.873648;2248
s;1612519565.896353;2248
d;1213;693
e;1612519565.898740;2248
s;1612519568.972896;2248
d;419;1092
d;420;360
e;1612519568.991833;2248
s;1612519569.047983;2248
d;304;239
d;327;1694
d;325;8568
d;314;5687
d;304;1702
d;296;1782
d;288;2611
d;286;1179
d;279;254
d;278;72
e;1612519569.138686;2248
s;1612519569.173499;2248
d;248;93
d;254;270
d;256;272
d;256;143
d;256;152
d;256;274
d;257;302
d;256;219
d;256;165
d;256;155
d;255;160
d;255;120
d;255;116
d;254;83
d;254;96
d;254;82
d;253;68
e;1612519569.353081;2248
s;1612519569.403493;2248
d;242;121
d;243;101
d;243;89
d;243;76
d;243;82
d;244;134
d;244;102
d;248;168
d;281;470
d;290;565
d;288;378
d;281;273
d;276;185
d;275;84
d;275;83
e;1612519569.544701;2248
s;1612519570.647541;2248
d;968;118
d;969;147
d;971;165
d;973;161
d;974;158
d;977;195
d;983;251
d;990;317
d;996;445
d;1004;956
d;1010;1697
d;1015;2789
d;1021;4570
d;1027;5403
d;1032;5160
d;1037;4498
d;1043;3085
d;1051;1726
d;1055;413
d;1054;136
d;1055;123
d;1056;154
d;1067;203
d;1083;248
d;1096;254
d;1102;237
d;1106;234
d;1115;276
d;1127;320
d;1138;342
d;1146;365
d;1156;392
d;1164;475
d;1176;786
d;1188;2337
d;1197;5002
d;1203;3359
d;1208;4953
d;1211;4586
d;1211;4983
d;1210;3428
d;1212;2620
d;1202;1410
d;1383;271
e;1612519571.104851;2248
s;1612519577.533168;2248
d;951;69
e;1612519577.534208;2248
s;1612519577.550172;2248
d;942;68
d;943;72
d;943;69
d;943;72
d;943;72
d;944;75
d;944;83
d;944;104
d;945;116
d;945;150
d;944;155
d;945;190
d;945;224
d;946;235
d;950;307
d;951;385
d;953;433
d;957;586
d;962;630
d;964;611
d;966;636
d;968;622
d;970;561
d;972;467
d;975;454
d;977;338
d;979;238
d;981;209
d;983;206
d;985;185
d;986;170
d;988;171
d;990;169
d;991;161
d;992;158
d;994;158
d;996;164
d;997;151
d;998;147
d;999;134
d;1001;130
d;1002;128
d;1003;135
d;1005;136
d;1006;142
d;1008;142
d;1010;154
d;1014;164
d;1018;165
d;1022;159
d;1025;165
d;1029;164
d;1032;162
d;1034;155
d;1036;153
d;1037;149
d;1039;147
d;1041;143
d;1042;135
d;1043;125
d;1045;122
d;1048;117
d;1050;111
d;1051;104
d;1053;107
d;1054;117
d;1056;120
d;1058;111
d;1059;109
d;1060;113
d;1062;123
d;1063;122
d;1095;127
d;1156;142
d;1269;160
e;1612519578.318516;2248
s;1612519581.988858;2248
d;1309;274
d;1210;168
d;1178;71
d;1146;95
d;1112;150
d;1081;130
d;1050;81
d;1021;64
d;992;75
d;964;66
e;1612519582.092025;2248
s;1612519582.109119;2248
d;372;1281
d;365;1691
d;360;5558
d;347;2992
d;339;3549
d;331;3012
d;326;580
d;324;180
d;323;66
e;1612519582.200932;2248
s;1612519582.233709;2248
d;454;97
d;400;241
d;344;403
d;319;426
d;308;405
d;305;339
d;302;294
d;301;281
d;299;273
d;297;260
d;298;240
d;300;228
d;299;218
d;298;227
d;297;266
d;297;167
d;296;176
d;296;151
d;296;146
d;296;150
d;296;149
d;297;157
d;297;163
d;298;199
d;297;243
d;297;161
d;296;64
e;1612519582.503707;2248
s;1612519582.539823;2248
d;306;482
d;308;580
d;323;339
d;1135;305
e;1612519582.572802;2248
s;1612519585.903098;2248
d;1118;519
d;626;872
d;536;1095
d;515;1292
d;500;1497
d;486;1674
d;473;1808
d;459;1907
d;447;1995
d;434;2120
d;422;2312
d;411;2657
d;400;3168
d;390;3665
d;381;4042
d;374;3950
d;368;4229
d;362;4972
d;357;5404
d;353;5392
d;350;5363
d;348;5273
d;347;5121
d;347;5198
d;347;5479
d;346;5535
d;346;5539
d;345;5710
d;344;5788
d;343;5726
d;343;5691
d;342;5746
d;342;5814
d;342;5779
d;341;5832
d;341;5736
d;341;5784
d;341;6128
d;342;6176
d;342;6179
d;342;6126
d;342;6035
d;342;5936
d;343;5689
d;344;5576
d;344;5606
d;344;5541
d;344;5201
d;344;4771
d;345;3921
d;345;1972
d;347;452
e;1612519586.424089;2248
s;1612519586.448685;2248
d;968;92
d;969;85
d;970;92
d;971;97
d;972;94
d;972;95
d;972;95
d;973;96
d;973;93
d;974;90
d;974;97
d;974;92
d;974;102
d;974;96
d;974;97
d;975;94
d;975;95
d;976;93
d;976;91
d;977;97
d;977;102
d;977;90
d;977;96
d;977;95
d;978;93
d;978;96
d;978;107
d;978;98
d;979;100
d;979;96
d;979;107
d;979;105
d;979;106
d;979;102
d;979;97
d;979;92
d;978;96
d;978;112
d;978;118
d;978;110
d;978;104
d;978;106
d;978;97
d;978;96
d;978;96
d;977;93
d;977;90
d;977;86
d;978;80
d;978;85
d;977;83
d;977;80
d;967;83
d;966;76
d;967;80
d;967;76
d;967;70
d;967;77
d;967;76
d;967;73
d;967;73
d;967;69
d;967;75
d;967;73
d;967;74
d;967;75
d;967;73
d;967;72
d;967;76
d;966;69
d;954;80
d;951;76
d;951;78
d;942;72
d;943;76
d;944;71
d;945;75
d;946;75
d;947;74
d;947;76
d;947;78
d;948;72
d;949;68
d;950;64
d;951;65
d;952;70
d;952;74
d;952;70
d;952;70
d;952;71
d;953;65
d;954;76
d;954;74
d;955;75
d;955;75
d;955;71
d;955;72
d;955;75
d;956;68
d;955;76
d;956;72
d;957;72
d;957;74
d;958;69
d;958;69
d;958;69
d;959;68
d;959;63
d;958;72
d;948;70
d;950;69
d;950;71
d;951;69
d;951;69
d;952;72
d;953;71
d;954;67
d;955;73
d;955;72
d;955;72
d;955;72
d;943;70
d;944;71
d;945;71
d;945;70
d;946;72
d;946;71
d;947;67
d;947;67
d;948;69
d;948;71
d;949;69
d;950;70
d;951;68
d;952;74
d;952;70
d;953;69
d;954;74
d;955;63
d;955;69
d;955;69
d;956;67
d;956;68
d;957;69
d;957;67
d;958;70
d;958;67
d;958;68
d;958;71
d;957;69
d;957;69
d;958;71
d;958;66
d;958;62
d;959;65
d;959;72
d;959;74
d;959;70
d;959;73
d;958;62
d;959;73
d;959;75
d;959;74
d;959;67
d;959;71
d;959;62
d;959;78
d;959;70
d;960;68
d;960;77
d;960;70
d;960;74
d;961;73
d;960;73
d;960;73
d;961;65
d;961;69
d;962;70
d;962;72
d;962;73
d;962;70
d;962;69
d;963;73
d;962;74
d;962;73
d;962;71
d;962;70
d;961;65
d;961;71
d;961;71
d;961;73
d;961;69
d;962;71
d;962;70
d;961;69
d;961;68
d;959;69
d;882;215
d;686;552
d;586;966
d;558;1253
d;543;1477
d;529;1691
d;515;1929
d;502;2170
d;489;2399
d;477;2605
d;465;2794
d;454;2973
d;444;3200
d;433;3480
d;424;3798
d;416;3757
d;410;3633
d;404;3512
d;397;4149
d;391;5549
d;386;6357
d;382;6358
d;379;6100
d;377;5897
d;376;5871
d;376;6152
d;375;6708
d;373;7013
d;373;7059
d;372;7140
d;371;7193
d;370;7228
d;370;7235
d;369;7236
d;369;7176
d;368;7037
d;368;7114
d;368;7205
d;368;7164
d;368;7074
d;368;7018
d;368;6969
d;368;6940
d;369;6893
d;369;6795
d;370;6696
d;370;6801
d;371;6970
d;371;7135
d;370;7092
d;370;6651
d;370;6013
d;371;5410
d;375;5218
d;377;5336
d;379;5290
d;381;4408
d;381;2589
d;383;791
d;397;97
e;1612519589.035302;2248
s;1612519589.053706;2248
d;960;71
d;960;75
d;960;72
d;960;68
d;953;71
d;951;73
d;951;78
d;952;74
d;952;72
d;953;71
d;953;75
d;953;71
d;953;72
d;953;67
d;953;70
d;953;71
d;954;70
d;955;72
d;955;67
d;954;74
d;954;78
d;955;73
d;954;70
d;955;68
d;955;70
d;955;73
d;956;67
d;957;72
d;957;75
d;958;75
d;957;64
d;957;71
d;958;65
d;958;71
d;958;72
d;958;66
d;958;70
d;958;68
d;958;65
d;958;67
d;958;71
d;958;75
d;958;72
d;959;73
d;958;68
d;958;73
d;958;75
d;959;72
d;958;65
d;958;64
d;958;71
d;959;75
d;959;69
d;959;70
d;959;74
d;959;70
d;959;73
d;959;70
d;959;74
d;959;75
d;959;73
d;960;70
d;960;70
d;950;79
d;951;69
d;952;71
d;936;70
d;931;71
d;932;74
d;933;69
d;934;70
d;936;65
d;937;65
d;938;75
d;939;73
d;941;73
d;942;74
d;943;76
d;944;73
d;945;73
d;946;70
d;947;72
d;948;69
d;949;70
d;950;74
d;950;70
d;950;69
d;951;67
d;952;65
d;952;71
d;953;68
d;953;70
d;954;76
d;953;75
d;953;71
d;953;74
d;953;74
d;954;72
d;955;76
d;955;73
d;955;74
d;955;68
d;955;71
d;955;71
d;955;69
d;955;70
d;955;71
d;955;70
d;955;75
d;955;70
d;955;68
d;955;71
d;956;71
d;956;69
d;957;71
d;957;71
d;957;66
d;958;70
d;958;69
d;959;64
d;959;68
d;959;73
d;959;73
d;959;70
d;959;70
d;959;68
d;960;69
d;959;74
d;960;73
d;959;76
d;960;79
d;960;70
d;961;69
d;961;70
d;952;73
d;953;70
d;953;70
d;953;69
d;954;71
d;954;74
d;954;73
d;954;71
d;955;71
d;955;72
d;955;72
d;955;73
d;955;69
d;955;67
d;956;69
d;955;72
d;956;70
d;956;70
d;956;69
d;956;70
d;956;69
d;956;67
d;956;75
d;956;72
d;956;70
d;956;78
d;957;76
d;957;71
d;957;71
d;958;71
d;959;69
d;959;75
d;959;72
d;960;70
d;960;73
d;960;72
d;960;76
d;960;73
d;960;68
d;960;69
d;960;78
d;961;73
d;960;73
d;960;74
d;960;70
d;960;76
d;960;67
d;960;79
d;961;67
d;960;70
d;959;72
d;960;69
d;960;76
d;960;76
d;960;66
d;960;72
d;960;71
d;960;66
d;961;73
d;961;71
d;961;72
d;961;67
d;960;72
d;961;69
d;961;77
d;961;68
d;961;67
d;960;71
d;961;69
d;961;67
d;961;68
d;961;68
d;961;72
d;961;70
d;960;76
d;960;74
d;960;73
d;959;77
d;960;75
d;960;70
d;957;67
d;949;68
d;936;87
d;920;114
d;902;137
d;856;167
d;769;205
d;665;259
d;587;289
d;535;308
d;500;339
d;473;387
d;452;457
d;436;531
d;426;588
d;416;632
d;408;869
d;400;1899
d;391;1860
d;382;1806
d;373;1327
d;374;640
d;374;527
d;371;510
d;369;499
d;368;515
d;368;570
d;366;796
d;363;863
d;361;709
d;362;678
d;360;688
d;359;684
d;359;680
d;359;683
d;359;677
d;359;663
d;358;634
d;358;688
d;357;724
d;357;617
d;359;526
d;358;510
d;358;522
d;358;521
d;358;541
d;360;542
d;362;542
d;363;551
d;362;522
d;364;488
d;365;463
d;368;414
d;371;330
d;371;102
e;1612519591.759440;2248
s;1612519591.775647;2248
d;948;72
d;949;77
d;950;77
d;951;74
d;952;80
d;953;77
d;953;77
d;953;79
d;953;76
d;953;77
d;953;72
d;954;80
d;954;83
d;955;81
d;955;79
d;955;82
d;955;80
d;955;81
d;955;80
d;956;81
d;957;80
d;957;81
d;957;83
d;957;79
d;957;76
d;957;76
d;957;84
d;957;74
d;957;80
d;957;80
d;957;77
d;948;80
d;948;80
d;949;78
d;949;79
d;950;78
d;950;80
d;951;80
d;951;77
d;952;77
d;953;80
d;953;81
d;953;76
d;953;76
d;954;77
d;954;73
d;955;77
d;955;73
d;955;74
d;956;79
d;956;78
d;957;72
d;957;72
d;957;74
d;957;70
d;958;74
d;958;76
d;958;72
d;958;75
d;958;75
d;958;76
d;958;79
d;958;79
d;958;77
d;959;77
d;959;71
d;959;76
d;960;73
d;960;79
d;960;83
d;960;83
d;960;86
d;960;93
d;960;95
d;960;90
d;960;99
d;960;98
d;959;106
d;959;114
d;959;123
d;959;134
d;957;165
d;957;143
d;957;139
d;957;138
d;957;137
d;957;140
d;957;156
d;956;196
d;956;251
d;956;281
d;956;628
d;957;699
d;957;862
d;958;1031
d;960;1042
d;961;1364
d;964;1284
d;966;1601
d;968;1990
d;968;2876
d;971;2604
d;974;2185
d;976;2379
d;978;2504
d;980;3103
d;980;4197
d;983;3460
d;986;2439
d;988;2259
d;990;2396
d;992;1926
d;989;899
d;977;280
d;973;148
d;960;90
d;943;95
d;926;113
d;907;124
d;889;147
d;861;156
d;829;159
d;776;174
d;720;183
d;659;199
d;600;217
d;550;234
d;514;236
d;488;234
d;468;231
d;450;240
d;432;273
d;418;315
d;405;347
d;395;391
d;385;435
d;381;476
d;377;498
d;374;490
d;373;477
d;370;454
d;367;443
d;367;459
d;368;502
d;368;698
d;367;908
d;364;847
d;364;684
d;365;660
d;363;673
d;363;688
d;362;693
d;361;680
d;361;693
d;361;708
d;360;713
d;360;721
d;359;720
d;359;728
d;361;1038
d;359;1000
d;360;907
d;359;768
d;359;637
d;361;629
d;361;636
d;361;631
d;361;642
d;363;653
d;363;657
d;363;638
d;364;601
d;365;597
d;365;555
d;368;550
d;370;521
d;371;446
d;911;380
e;1612519593.572730;2248
s;1612519601.410166;2248
d;587;69
d;585;79
d;582;84
d;579;91
d;575;109
d;570;133
d;552;176
d;530;187
d;515;177
d;506;163
d;494;170
d;482;175
d;469;182
d;457;191
d;443;200
d;432;202
d;423;208
d;416;204
d;412;198
d;408;195
d;405;191
d;402;238
d;396;436
d;387;567
d;385;365
d;386;232
d;386;220
d;388;217
d;389;219
d;389;218
d;389;216
d;388;203
d;387;203
d;387;202
d;387;198
d;387;204
d;388;201
d;387;210
d;386;208
d;386;205
d;386;218
d;388;207
d;389;197
d;389;199
d;388;198
d;388;198
d;389;196
d;389;197
d;390;201
d;390;194
d;391;186
d;392;186
d;394;191
d;396;185
d;397;180
d;398;142
d;1222;335
e;1612519601.993418;2248
s;1612519603.138551;2248
d;1349;222
d;1079;235
d;892;239
d;777;227
d;713;201
d;703;143
d;694;113
d;687;69
d;677;109
d;668;147
d;463;1354
d;439;1486
d;432;2049
d;425;2802
d;432;3242
d;426;1459
d;410;2076
d;401;1705
d;401;552
d;394;358
d;393;163
d;394;99
d;395;102
d;397;112
d;398;132
d;399;139
d;399;120
d;399;80
e;1612519603.430433;2248
s;1612519603.690624;2248
d;410;107
d;411;122
d;411;146
d;411;125
d;411;88
e;1612519603.737962;2248
