s;1612520097.988116;2240
d;477;137
d;487;133
d;496;130
d;504;134
d;513;139
d;520;129
d;528;135
d;534;132
d;541;136
d;547;134
d;553;131
d;558;134
d;564;131
d;569;135
d;573;135
d;578;136
d;582;132
d;587;134
d;591;129
d;594;132
d;598;138
d;602;133
d;605;136
d;607;128
d;611;133
d;613;131
d;616;134
d;618;127
d;621;133
d;623;133
d;625;135
d;627;134
d;629;135
d;631;134
d;632;131
d;634;131
d;635;135
d;636;131
d;638;135
d;639;132
d;641;138
d;642;134
d;643;132
d;645;129
d;646;130
d;647;134
d;647;133
d;648;130
d;649;128
d;649;133
d;650;127
d;651;135
d;651;129
d;652;131
d;653;136
d;653;136
d;653;133
d;654;134
d;655;137
d;655;129
d;656;136
d;656;133
d;657;134
d;657;135
d;657;136
d;658;137
d;658;139
d;658;131
d;659;131
d;659;125
d;659;129
d;659;137
d;660;136
d;660;137
d;660;127
d;660;130
d;660;129
d;661;131
d;661;131
d;661;138
d;662;131
d;662;134
d;662;129
d;663;129
d;663;131
d;663;134
d;663;134
d;663;132
d;663;126
d;663;129
d;663;126
d;663;130
d;663;133
d;663;130
d;663;132
d;663;128
d;664;136
d;664;134
d;663;129
d;664;131
d;664;132
d;664;129
d;664;137
d;664;134
d;664;133
d;663;129
d;664;134
d;664;133
d;664;134
d;664;130
d;664;137
d;664;134
d;664;133
d;664;130
d;663;136
d;663;136
d;663;136
d;664;136
d;663;132
d;663;131
d;664;129
d;664;133
d;663;128
d;663;132
d;663;137
d;664;131
d;664;128
d;664;126
d;664;126
d;664;135
d;664;133
d;664;132
d;664;132
d;664;134
d;664;131
d;664;132
d;664;131
d;663;130
d;664;134
d;664;139
d;664;127
d;664;135
d;663;126
d;663;133
d;663;128
d;663;132
d;664;128
d;664;129
d;664;130
d;664;130
d;664;136
d;665;140
d;665;128
d;664;134
d;664;135
d;664;129
d;664;131
d;664;138
d;663;136
d;664;135
d;663;135
d;663;135
d;663;130
d;664;132
d;664;132
d;664;131
d;664;137
d;664;132
d;664;138
d;664;134
d;664;133
d;664;135
d;664;129
d;664;128
d;664;135
d;664;135
d;664;135
d;664;134
d;664;130
d;664;133
d;664;137
d;664;137
d;664;128
d;664;135
d;664;133
d;665;136
d;665;134
d;664;130
d;664;133
d;664;135
d;664;133
d;664;131
d;664;133
d;664;132
d;664;136
d;664;132
d;664;127
d;664;129
d;664;139
d;664;132
d;664;130
d;664;132
d;664;133
d;664;138
d;663;136
d;663;130
d;663;135
d;663;131
d;663;134
d;663;136
d;663;137
d;662;137
d;663;132
d;663;137
d;662;130
d;662;130
d;662;134
d;662;131
d;662;130
d;662;132
d;662;126
d;662;134
d;661;131
d;662;135
d;662;135
d;662;131
d;662;129
d;661;127
d;662;124
d;662;124
d;662;125
d;662;124
d;663;123
d;663;128
d;664;118
d;664;122
d;664;121
d;665;117
d;666;115
d;666;114
d;667;112
d;668;111
d;668;116
d;669;110
d;669;112
d;670;116
d;670;124
d;670;127
d;669;128
d;669;125
d;669;135
d;668;129
d;668;127
d;668;131
d;667;134
d;667;130
d;667;134
d;667;131
d;666;126
d;666;130
d;666;134
d;665;133
d;665;133
d;665;133
d;665;129
d;665;129
d;665;129
d;665;133
d;665;130
d;664;135
d;665;137
d;665;127
d;665;137
d;665;136
d;665;133
d;665;135
d;665;139
d;664;127
d;664;132
d;664;129
d;664;134
d;664;137
d;664;134
d;664;131
d;663;131
d;663;134
d;663;133
d;662;134
d;663;131
d;662;134
d;662;137
d;662;135
d;662;140
d;662;134
d;662;127
d;662;127
d;662;126
d;662;130
d;662;130
d;661;128
d;661;124
d;661;132
d;661;133
d;661;131
d;661;132
d;661;125
d;662;125
d;662;127
d;662;131
d;662;120
d;663;117
d;663;126
d;663;129
d;663;129
d;663;126
d;663;126
d;663;130
d;662;130
d;662;131
d;662;121
d;663;120
d;663;114
d;664;115
d;665;115
d;665;110
d;666;107
d;667;111
d;667;113
d;668;116
d;668;112
d;668;115
d;668;105
d;669;99
d;671;97
d;672;90
d;674;92
d;676;86
d;680;84
d;683;77
d;685;72
d;690;72
d;694;67
d;698;66
d;704;63
d;709;68
d;714;64
d;718;68
d;722;65
d;727;62
e;1612520101.514477;2240
s;1612520101.534306;2240
d;856;62
e;1612520101.536302;2240
s;1612520101.595044;2240
d;694;60
e;1612520101.605083;2240
s;1612520101.629598;2240
d;929;64
d;930;67
d;917;68
d;920;64
d;922;64
d;924;73
d;926;66
d;929;65
d;931;68
d;934;70
d;937;68
d;941;71
d;943;72
d;946;73
d;949;75
d;953;77
d;956;79
d;959;77
d;962;78
d;965;68
d;968;77
d;971;84
d;974;83
d;977;84
d;980;81
d;983;81
d;987;84
d;989;80
d;992;89
d;996;91
d;999;84
d;1002;93
d;1005;95
d;1008;94
d;1011;97
d;1013;96
d;1016;92
d;1018;92
d;1020;94
d;1022;96
d;1024;98
d;1027;97
d;1029;101
d;1032;102
d;1034;98
d;1037;108
d;1038;105
d;1040;103
d;1043;111
d;1045;108
d;1047;107
d;1049;114
d;1051;114
d;1054;123
d;1056;126
d;1059;123
d;1061;119
d;1063;120
d;1065;125
d;1067;124
d;1069;126
d;1071;131
d;1073;128
d;1074;134
d;1076;132
d;1078;134
d;1080;138
d;1082;139
d;1084;138
d;1085;145
d;1087;145
d;1090;146
d;1092;146
d;1093;144
d;1095;147
d;1096;148
d;1097;144
d;1098;147
d;1100;151
d;1101;146
d;1102;145
d;1103;146
d;1104;150
d;1105;151
d;1106;153
d;1107;148
d;1108;143
d;1109;143
d;1110;156
d;1111;151
d;1111;153
d;1112;151
d;1112;152
d;1113;152
d;1114;147
d;1114;145
d;1115;145
d;1115;152
d;1116;147
d;1116;146
d;1116;147
d;1117;150
d;1118;153
d;1118;147
d;1119;148
d;1119;148
d;1119;144
d;1119;145
d;1120;144
d;1120;145
d;1120;152
d;1120;142
d;1120;152
d;1120;146
d;1120;148
d;1121;147
d;1121;147
d;1121;151
d;1121;146
d;1121;149
d;1121;152
d;1121;149
d;1121;149
d;1122;157
d;1122;151
d;1122;151
d;1122;147
d;1122;148
d;1122;149
d;1123;150
d;1123;154
d;1123;155
d;1124;162
d;1125;158
d;1125;154
d;1125;149
d;1126;153
d;1125;151
d;1125;155
d;1125;153
d;1126;165
d;1126;162
d;1126;160
d;1127;158
d;1128;163
d;1128;163
d;1129;158
d;1129;156
d;1129;155
d;1129;160
d;1130;162
d;1130;152
d;1130;162
d;1130;159
d;1130;153
d;1131;160
d;1132;165
d;1132;161
d;1132;164
d;1132;165
d;1132;157
d;1132;165
d;1131;163
d;1132;176
d;1132;170
d;1132;172
d;1132;167
d;1133;169
d;1133;168
d;1133;166
d;1133;161
d;1134;171
d;1134;168
d;1134;170
d;1134;168
d;1134;171
d;1134;175
d;1134;171
d;1134;176
d;1135;183
d;1135;174
d;1134;173
d;1134;175
d;1134;172
d;1134;172
d;1134;173
d;1134;178
d;1134;181
d;1135;182
d;1135;184
d;1136;186
d;1136;183
d;1136;183
d;1136;185
d;1137;192
d;1136;183
d;1137;186
d;1138;187
d;1139;191
d;1139;188
d;1140;192
d;1141;191
d;1142;195
d;1143;198
d;1144;203
d;1145;208
d;1147;204
d;1148;207
d;1148;210
d;1149;205
d;1150;217
d;1149;227
d;1151;241
d;1155;256
d;1157;269
d;1159;276
d;1163;292
d;1165;300
d;1168;304
d;1167;300
d;1167;304
d;1167;316
d;1168;311
d;1169;311
d;1170;317
d;1170;319
d;1169;321
d;1170;318
d;1169;317
d;1170;321
d;1172;314
d;1172;308
d;1170;301
d;1170;302
d;1171;303
d;1174;303
d;1174;301
d;1173;292
d;1172;282
d;1172;273
d;1176;277
d;1176;269
d;1175;266
d;1175;267
d;1177;266
d;1178;266
d;1177;267
d;1178;269
d;1178;262
d;1177;258
d;1178;260
d;1179;259
d;1179;259
d;1180;260
d;1180;264
d;1180;260
d;1181;254
d;1180;263
d;1180;260
d;1182;261
d;1181;255
d;1180;260
d;1181;261
d;1183;261
d;1185;263
d;1185;255
d;1185;263
d;1185;262
d;1185;254
d;1184;254
d;1185;251
d;1187;249
d;1186;258
d;1188;254
d;1189;254
d;1191;259
d;1192;253
d;1193;255
d;1194;252
d;1195;259
d;1194;250
d;1194;253
d;1195;256
d;1195;250
d;1197;250
d;1198;248
d;1199;258
d;1200;255
d;1200;254
d;1199;253
d;1203;263
d;1204;258
d;1207;266
d;1210;267
d;1213;265
d;1217;275
d;1220;271
d;1224;279
d;1226;283
d;1230;287
d;1235;301
d;1239;308
d;1243;316
d;1248;370
d;1256;456
d;1263;532
d;1266;568
d;1269;606
d;1270;651
d;1273;723
d;1274;856
d;1276;1053
d;1275;1304
d;1275;1523
d;1274;1652
d;1275;1755
d;1274;1921
d;1274;2178
d;1275;2308
d;1275;2250
d;1275;2166
d;1275;2142
d;1275;2186
d;1275;2281
d;1274;2444
d;1274;2485
d;1274;2386
d;1273;2335
d;1273;2338
d;1274;2405
d;1274;2359
d;1275;2198
d;1275;2252
d;1275;2153
d;1275;2063
d;1276;1880
d;1277;1750
d;1277;1579
d;1279;1397
d;1281;1182
d;1284;959
d;1291;725
d;1299;496
d;1309;399
d;1319;385
d;1325;385
d;1330;373
d;1335;361
d;1347;357
d;1366;363
d;1390;362
e;1612520105.168569;2240
s;1612520105.563372;2240
d;1399;314
d;1395;314
d;1393;312
d;1390;312
d;1389;312
d;1390;312
d;1389;312
d;1389;312
d;1387;315
d;1386;323
d;1383;339
d;1377;362
d;1374;410
d;1369;478
d;1364;550
d;1359;655
d;1356;779
d;1357;927
d;1356;1087
d;1355;1285
d;1354;1450
d;1354;1569
d;1354;1673
d;1354;1714
d;1355;1749
d;1355;1766
d;1355;1757
d;1354;1750
d;1353;1747
d;1353;1730
d;1353;1726
d;1352;1715
d;1352;1719
d;1353;1706
d;1353;1705
d;1353;1698
d;1353;1687
d;1353;1642
d;1354;1587
d;1354;1528
d;1354;1478
d;1354;1456
d;1354;1423
d;1354;1390
d;1354;1353
d;1354;1315
d;1354;1271
d;1355;1215
d;1354;1165
d;1355;1113
d;1355;1084
d;1355;1056
d;1354;1020
d;1353;976
d;1354;967
d;1354;966
d;1354;984
d;1353;994
d;1353;983
d;1353;967
d;1353;925
d;1352;894
d;1351;875
d;1351;862
d;1352;867
d;1352;891
d;1354;934
d;1352;966
d;1351;987
d;1352;1011
d;1351;1038
d;1353;1059
d;1352;1046
d;1353;1033
d;1352;1025
d;1352;1031
d;1351;1076
d;1351;1153
d;1349;1251
d;1350;1341
d;1348;1391
d;1348;1428
d;1348;1444
d;1348;1469
d;1347;1499
d;1347;1528
d;1346;1538
d;1346;1541
d;1346;1551
d;1346;1547
d;1345;1548
d;1345;1539
d;1344;1552
d;1344;1556
d;1345;1558
d;1345;1550
d;1345;1551
d;1345;1565
d;1345;1575
d;1346;1576
d;1345;1581
d;1345;1576
d;1345;1575
d;1345;1577
d;1345;1591
d;1345;1609
d;1345;1620
d;1345;1631
d;1345;1642
d;1345;1669
d;1345;1685
d;1345;1697
d;1345;1694
d;1345;1688
d;1345;1679
d;1345;1706
d;1345;1745
d;1345;1781
d;1345;1791
d;1345;1794
d;1345;1787
d;1345;1795
d;1345;1806
d;1345;1813
d;1345;1823
d;1345;1832
d;1345;1833
d;1345;1826
d;1345;1819
d;1345;1815
d;1345;1811
d;1345;1813
d;1344;1802
d;1344;1793
d;1344;1772
d;1344;1754
d;1344;1763
d;1343;1788
d;1343;1816
d;1343;1915
d;1342;1941
d;1341;1989
d;1341;1997
d;1340;1868
d;1340;1989
d;1341;2104
d;1342;2267
d;1342;2440
d;1342;2480
d;1341;2282
d;1341;1991
d;1340;1665
d;1340;1482
d;1341;1404
d;1341;1360
d;1342;1344
d;1341;1366
d;1342;1378
d;1341;1360
d;1341;1335
d;1341;1336
d;1342;1326
d;1341;1330
d;1341;1347
d;1341;1363
d;1342;1386
d;1341;1427
d;1341;1458
d;1342;1486
d;1342;1493
d;1342;1487
d;1342;1475
d;1343;1468
d;1342;1463
d;1343;1459
d;1342;1482
d;1342;1530
d;1342;1571
d;1343;1607
d;1342;1622
d;1342;1616
d;1342;1607
d;1343;1613
d;1342;1625
d;1343;1646
d;1343;1656
d;1342;1642
d;1343;1642
d;1342;1672
d;1342;1689
d;1343;1690
d;1343;1687
d;1342;1641
d;1343;1530
d;1344;1372
d;1345;1161
d;1346;899
d;1350;717
d;1352;633
d;1353;596
d;1354;585
d;1354;581
d;1355;577
d;1354;577
d;1355;584
d;1353;608
d;1352;640
d;1351;658
d;1352;660
d;1353;638
d;1352;625
d;1354;630
d;1353;631
d;1353;651
d;1352;669
d;1351;689
d;1351;706
d;1352;738
d;1351;762
d;1350;765
d;1351;771
d;1350;785
d;1351;810
d;1351;858
d;1350;896
d;1350;899
d;1349;918
d;1349;918
d;1350;878
d;1351;832
d;1351;810
d;1352;797
d;1352;805
d;1351;815
d;1351;833
d;1351;833
d;1350;830
d;1351;832
d;1351;862
d;1350;914
d;1349;952
d;1349;978
d;1349;981
d;1349;964
d;1349;957
d;1349;957
d;1349;953
d;1350;957
d;1349;960
d;1349;955
d;1349;963
d;1350;963
d;1349;964
d;1349;981
d;1348;1001
d;1348;1009
d;1348;1006
d;1349;1006
d;1349;1001
d;1349;988
d;1350;983
d;1350;983
d;1349;968
d;1350;933
d;1351;908
d;1351;896
d;1352;902
d;1352;896
d;1352;910
d;1352;937
d;1351;953
d;1351;950
d;1352;936
d;1351;934
d;1352;956
d;1352;973
d;1352;982
d;1352;958
d;1355;944
d;1356;936
d;1357;915
d;1359;893
d;1360;873
d;1363;842
d;1365;799
d;1367;774
d;1369;755
d;1370;744
d;1370;751
d;1371;770
d;1371;796
d;1370;814
d;1371;824
d;1371;830
d;1371;828
d;1371;827
d;1371;819
d;1371;813
d;1372;810
d;1373;810
d;1373;825
d;1371;861
d;1371;887
d;1371;922
d;1369;942
d;1369;991
d;1368;1044
d;1367;1068
d;1367;1096
d;1365;1142
d;1365;1197
d;1363;1276
d;1362;1348
d;1362;1379
d;1362;1390
d;1362;1399
d;1361;1416
d;1360;1437
d;1361;1482
d;1360;1537
d;1360;1586
d;1359;1659
d;1359;1723
d;1358;1762
d;1358;1796
d;1358;1833
d;1357;1858
d;1357;1855
d;1358;1837
d;1358;1842
d;1358;1850
d;1358;1854
d;1358;1857
d;1358;1868
d;1358;1892
d;1358;1925
d;1358;1960
d;1358;1984
d;1357;1989
d;1358;1988
d;1358;1999
d;1357;2016
d;1358;2026
d;1357;2022
d;1357;2050
d;1357;2082
d;1357;2119
d;1356;2137
d;1356;2146
d;1356;2150
d;1356;2144
d;1357;2139
d;1357;2131
d;1357;2150
d;1357;2155
d;1357;2157
d;1357;2171
d;1357;2173
d;1357;2187
d;1356;2185
d;1357;2156
d;1357;2133
d;1357;2119
d;1357;2119
d;1358;2122
d;1357;2150
d;1357;2193
d;1357;2207
d;1357;2185
d;1357;2179
d;1357;2174
d;1357;2187
d;1357;2185
d;1357;2191
d;1357;2191
d;1357;2197
d;1357;2205
d;1357;2199
d;1357;2187
d;1357;2190
d;1357;2194
d;1358;2190
d;1357;2190
d;1357;2193
d;1357;2185
d;1357;2192
d;1357;2219
d;1357;2261
d;1355;2239
d;1358;1929
d;1361;1685
d;1363;1571
d;1365;1488
d;1366;1460
d;1366;1457
d;1366;1474
d;1366;1471
d;1366;1480
d;1365;1525
d;1365;1559
d;1364;1572
d;1364;1551
d;1364;1502
d;1366;1456
d;1366;1437
d;1367;1426
d;1367;1409
d;1368;1387
d;1368;1376
d;1368;1356
d;1370;1342
d;1371;1320
d;1372;1301
d;1374;1269
d;1376;1248
d;1381;1247
d;1389;1301
d;1397;1399
e;1612520109.771884;2240
s;1612520115.213796;2240
d;1213;259
d;1031;305
d;924;342
d;874;329
d;850;307
d;837;317
d;832;321
d;827;331
d;824;342
d;823;352
d;823;345
d;822;340
d;822;330
d;824;326
d;825;320
d;824;323
d;824;322
d;823;319
d;824;319
d;824;306
d;825;302
d;824;293
d;823;302
d;825;299
d;827;292
d;829;280
d;828;278
d;828;274
d;830;270
d;831;269
d;831;263
d;831;265
d;830;270
d;830;275
d;830;281
d;830;287
d;829;311
d;829;347
d;829;364
d;829;385
d;828;420
d;825;494
d;812;763
d;790;1968
d;788;2820
d;793;3103
d;797;7887
d;804;4435
d;811;5141
d;820;8634
d;827;13898
d;835;16519
d;846;7651
d;850;5504
d;858;3704
d;863;9662
d;873;4487
d;892;945
d;903;484
d;912;379
d;921;327
d;929;306
d;940;296
d;949;288
d;959;276
d;968;268
d;977;258
d;987;259
d;1002;297
d;1016;326
d;1026;309
d;1039;381
d;1063;1046
d;1087;2381
d;1093;8238
d;1103;10089
d;1113;8706
d;1121;8116
d;1129;7488
d;1138;7328
d;1192;7060
d;1346;6078
e;1612520116.033528;2240
s;1612520117.312102;2240
d;1276;209
d;1186;193
d;1129;182
d;1080;185
d;1027;206
d;978;233
d;940;257
d;917;261
d;905;246
d;900;226
d;895;216
d;891;215
d;890;213
d;887;218
d;886;217
d;885;222
d;884;232
d;884;234
d;885;238
d;883;228
d;885;219
d;886;194
d;887;178
d;887;169
d;886;177
d;886;205
d;884;238
d;883;248
d;883;252
d;883;276
d;878;377
d;874;592
d;874;874
d;880;985
d;886;1166
d;892;1298
d;897;1693
d;905;2168
d;912;9431
d;921;14160
d;929;11380
d;939;7645
d;953;2734
d;965;1089
d;975;641
d;985;536
d;995;501
d;1007;467
d;1017;418
d;1026;380
d;1035;336
d;1044;293
d;1064;282
d;1150;407
d;1184;825
d;1186;954
d;1180;1073
d;1199;945
d;1251;589
d;1376;531
e;1612520117.928738;2240
s;1612520119.278324;2240
d;1392;373
d;1340;161
d;1178;239
d;1048;282
d;972;290
d;926;314
d;889;426
d;869;635
d;864;876
d;864;1088
d;866;1240
d;868;1222
d;868;1214
d;867;1210
d;868;1214
d;868;1204
d;869;1167
d;870;1096
d;870;1028
d;869;988
d;869;972
d;867;957
d;867;965
d;867;1033
d;867;1140
d;868;1218
d;868;1257
d;869;1256
d;870;1251
d;872;1194
d;873;1079
d;876;924
d;878;751
d;880;540
d;882;369
d;882;309
d;882;334
d;884;324
d;884;279
d;885;253
d;885;291
d;883;361
d;883;415
d;883;460
d;884;476
d;886;445
d;890;536
d;890;2264
d;893;6873
d;900;11590
d;908;13027
d;916;14013
d;924;16311
d;933;12765
d;944;6700
d;961;1793
d;974;981
d;984;869
d;994;841
d;1005;797
d;1017;743
d;1027;685
d;1039;669
d;1052;673
d;1061;687
d;1073;739
d;1088;973
d;1107;1278
d;1141;1413
d;1175;1340
d;1194;1289
d;1204;1316
d;1220;1112
d;1270;691
e;1612520120.037039;2240
s;1612520123.979825;2240
d;719;717
d;519;1017
d;491;937
d;480;739
d;467;786
d;449;958
d;443;480
d;434;412
d;411;744
d;390;1952
d;376;3020
d;369;8113
d;363;7651
d;357;11927
d;346;7327
d;338;6042
d;326;2701
d;316;1259
d;305;954
d;298;686
d;293;624
d;290;595
d;285;473
d;284;395
d;284;362
d;282;325
d;282;441
d;281;422
d;277;366
d;277;353
d;277;341
d;277;333
d;276;335
d;275;331
d;275;315
d;277;457
d;277;451
d;276;323
d;274;295
d;274;288
d;274;273
d;274;259
d;274;280
d;277;472
d;278;469
d;276;376
d;282;386
d;284;331
d;282;216
d;1027;3653
e;1612520124.491027;2244
s;1612520125.074986;2246
d;1375;299
d;1349;142
d;1134;279
d;989;327
d;912;355
d;876;353
d;852;493
d;836;707
d;833;992
d;838;1194
d;843;1115
d;845;874
d;844;690
d;842;650
d;842;637
d;844;638
d;844;636
d;842;627
d;843;612
d;844;614
d;844;610
d;845;606
d;843;599
d;844;605
d;844;606
d;844;603
d;846;607
d;845;630
d;846;609
d;846;655
d;849;656
d;853;521
d;854;360
d;851;335
d;852;319
d;855;274
d;859;226
d;860;164
d;843;431
d;826;715
d;833;590
d;835;891
d;841;1049
d;847;1736
d;851;5191
d;861;5361
d;870;3003
d;883;5499
d;907;889
d;918;383
d;929;331
d;941;323
d;952;331
d;960;320
d;970;312
d;980;311
d;992;312
d;1005;325
d;1017;329
d;1028;332
d;1043;386
d;1063;507
d;1079;557
d;1088;468
d;1100;541
d;1116;723
d;1153;1156
d;1185;1445
d;1180;5184
d;1167;10245
d;1181;8335
d;1186;9182
d;1213;8141
e;1612520125.810263;2246
s;1612520126.637726;2242
d;1012;297
d;517;4999
d;474;6667
d;461;5376
d;448;5240
d;437;4449
d;423;7696
d;411;3922
d;400;2246
d;390;1447
d;379;971
d;369;710
d;359;796
d;346;1043
d;331;2493
d;319;4971
d;309;8422
d;299;12717
d;291;4524
d;281;4108
d;272;7019
d;262;5053
d;257;2691
d;252;1832
d;249;772
d;248;651
d;247;786
d;256;1010
d;270;1187
d;266;1009
d;255;1159
d;246;1076
d;243;1334
d;242;1492
d;242;1536
d;241;1466
d;241;1419
d;242;1660
d;243;3910
d;239;3471
d;237;2080
d;239;1771
d;237;1297
d;238;1233
d;238;1228
d;236;1183
d;238;1198
d;237;1300
d;237;1392
d;239;1442
d;239;1388
d;239;1242
d;239;1237
d;238;1202
d;238;1135
d;240;1190
d;260;1018
d;264;695
d;258;512
d;249;711
d;243;1123
d;243;1382
d;243;1436
d;243;1150
d;237;334
e;1612520127.292169;2240
s;1612520127.310238;2242
d;955;75
d;956;70
d;956;69
d;956;71
d;947;70
d;948;69
d;949;72
d;949;74
d;949;79
d;950;77
d;950;74
d;950;77
d;950;84
d;950;106
d;949;130
d;947;174
d;943;207
d;935;247
d;923;362
d;915;577
d;912;909
d;915;2058
d;922;7416
d;931;6245
d;941;3561
d;951;3303
d;960;2708
d;971;4870
d;982;3795
d;997;810
d;1007;408
d;1019;370
d;1029;338
d;1038;317
d;1047;303
d;1058;291
d;1068;267
d;1076;241
d;1082;200
d;1098;243
d;1176;460
d;1246;671
d;1269;821
d;1266;899
d;1280;915
d;1286;998
d;1388;2290
e;1612520127.786002;2244
s;1612520129.650574;2244
d;882;448
d;556;932
d;500;1769
d;483;1749
d;468;1405
d;454;1096
d;440;1181
d;428;940
d;419;761
d;407;613
d;397;506
d;384;562
d;371;681
d;358;783
d;350;1015
d;346;5146
d;333;6393
d;325;5409
d;315;5656
d;302;2391
d;291;1406
d;283;1242
d;280;1209
d;276;1208
d;272;889
d;272;645
d;271;605
d;271;765
d;270;939
d;272;1301
d;271;1126
d;270;1006
d;269;970
d;269;949
d;269;917
d;268;899
d;267;880
d;268;884
d;269;1074
d;268;1100
d;268;850
d;268;797
d;268;780
d;269;762
d;270;753
d;270;797
d;273;1099
d;272;1070
d;271;760
d;275;495
d;276;429
d;275;623
d;278;858
d;279;776
d;571;1767
e;1612520130.213879;2248
s;1612520131.859860;2248
d;913;3115
d;601;5632
d;573;13238
d;560;16908
d;549;7929
d;538;3982
d;525;3810
d;513;4487
d;501;4181
d;489;2935
d;476;5400
d;464;6716
d;456;3088
d;444;1167
d;430;1301
d;419;1894
d;409;2517
d;399;2466
d;390;1680
d;382;950
d;377;488
d;374;273
d;374;165
d;373;115
d;373;178
d;371;301
d;367;369
d;366;298
d;368;221
d;368;168
d;367;125
d;368;97
d;368;82
d;368;79
d;368;69
d;368;71
d;369;61
e;1612520132.231624;2248
s;1612520132.247575;2248
d;377;100
d;377;87
d;377;67
d;377;63
d;376;60
d;376;71
d;376;85
d;376;208
d;371;266
d;370;129
d;371;134
d;372;250
d;369;316
d;366;301
d;365;208
d;365;129
d;410;545
e;1612520132.431221;2248
s;1612520133.688234;2248
d;1365;163
d;1160;199
d;920;250
d;711;329
d;584;383
d;520;379
d;481;407
d;458;407
d;434;485
d;408;923
d;390;1371
d;379;1142
d;372;931
d;367;2043
d;359;6143
d;351;4341
d;343;4057
d;331;1770
d;323;992
d;314;622
d;309;443
d;303;352
d;301;285
d;300;218
d;299;223
d;299;295
d;297;424
d;296;420
d;295;389
d;294;359
d;293;350
d;292;340
d;293;332
d;292;332
d;292;340
d;293;455
d;292;616
d;291;391
d;292;324
d;291;294
d;291;292
d;291;289
d;294;325
d;294;392
d;297;347
d;298;280
d;300;214
d;545;749
e;1612520134.174520;2248
s;1612520135.119244;2248
d;1010;331
d;743;372
d;604;434
d;537;495
d;507;491
d;483;540
d;466;616
d;452;647
d;440;674
d;425;662
d;409;662
d;392;837
d;378;1668
d;367;2865
d;355;4342
d;344;6102
d;334;4827
d;325;2730
d;317;1161
d;312;513
d;309;307
d;307;268
d;304;288
d;304;428
d;305;495
d;301;324
d;299;295
d;298;272
d;299;261
d;297;243
d;298;250
d;298;252
d;298;262
d;302;409
d;305;824
d;302;805
d;299;523
d;298;422
d;297;423
d;296;440
d;331;520
d;1342;4186
e;1612520135.544823;2248
s;1612520139.590355;2248
d;871;607
d;508;1452
d;471;2773
d;455;3389
d;440;3361
d;424;3161
d;409;5054
d;395;4372
d;382;4067
d;370;4035
d;357;4300
d;345;4660
d;334;5025
d;332;5128
d;334;4596
d;322;8083
d;307;8709
d;291;5067
d;276;6758
d;269;7454
d;263;7580
d;258;7008
d;255;6306
d;254;5759
d;255;5636
d;256;6229
d;255;6509
d;254;6492
d;253;6439
d;253;6390
d;252;6356
d;252;6301
d;252;6285
d;251;6308
d;251;6498
d;251;6158
d;252;5945
d;252;5810
d;253;5728
d;254;6065
d;254;6776
d;252;6864
d;251;6177
d;251;5320
d;251;3635
d;1276;4986
e;1612520140.053015;2248
s;1612520141.973012;2248
d;559;2455
d;492;5881
d;474;13005
d;459;18361
d;444;18319
d;430;17730
d;417;11140
d;405;4139
d;390;5606
d;377;2778
d;364;1083
d;351;849
d;340;838
d;337;1810
d;327;3160
d;318;3820
d;306;3474
d;294;2037
d;287;1708
d;277;756
d;271;544
d;298;1062
d;306;1429
d;297;659
d;288;354
d;278;335
d;268;371
d;265;495
d;265;545
d;265;538
d;263;493
d;262;462
d;260;450
d;259;424
d;261;399
d;260;425
d;261;392
d;260;368
d;260;336
d;258;317
d;259;343
d;260;425
d;271;475
d;299;703
d;300;663
d;290;603
d;277;625
d;400;237
d;464;77
d;848;727
d;949;2130
d;962;5644
d;974;9362
d;989;11123
d;1005;11170
d;1020;10047
d;1036;7081
d;1060;4959
d;1103;2861
d;1137;2627
d;1155;2105
d;1172;2032
d;1310;3051
e;1612520142.601367;2248
s;1612520145.290762;2248
d;1384;91
d;1359;87
d;1337;65
e;1612520145.324184;2248
s;1612520145.399717;2248
d;900;74
d;898;138
d;873;351
d;858;549
d;855;632
d;855;629
d;857;487
d;860;290
d;861;143
d;862;86
d;864;89
d;865;94
d;867;95
d;868;89
d;868;210
d;864;423
d;866;546
d;872;984
d;880;4143
d;890;10735
d;902;11016
d;916;4433
d;937;576
d;939;153
d;941;140
d;948;169
d;964;204
d;979;204
d;993;191
d;1033;244
d;1168;508
d;1162;1559
d;1153;2457
d;1185;2299
d;1397;4115
e;1612520145.744450;2248
s;1612520167.040567;2248
d;1272;229
d;1113;270
d;1060;198
d;1013;213
d;964;255
d;935;262
d;921;225
d;911;224
d;904;233
d;898;235
d;893;251
d;890;251
d;888;256
d;887;263
d;887;260
d;888;251
d;886;286
d;886;265
d;884;317
d;884;352
d;887;277
d;888;282
d;886;355
d;887;429
d;890;496
d;895;767
d;904;1002
d;916;947
d;929;696
d;943;536
d;958;462
d;973;411
d;988;372
d;1004;346
d;1019;311
d;1033;271
d;1051;249
d;1159;329
d;1274;369
d;1351;373
e;1612520167.439380;2248
s;1612520168.483514;2248
d;1380;125
d;1358;119
d;1336;113
d;1316;108
d;1296;98
d;1278;95
d;1260;96
d;1244;103
d;1229;100
d;1214;101
d;1200;102
d;1186;93
d;1173;102
d;1161;101
d;1150;100
d;1139;108
d;1128;123
d;1118;138
d;1102;158
d;1037;242
d;932;713
d;912;1950
d;921;3521
d;933;4250
d;945;3622
d;957;1996
d;976;1094
d;992;1673
d;1005;3600
d;1020;5232
d;1037;5456
d;1055;4826
d;1072;4036
d;1095;2819
d;1144;2405
d;1177;2596
d;1200;2389
d;1206;2753
d;1322;4047
e;1612520168.868565;2248
s;1612520170.680272;2248
d;977;541
d;600;1347
d;589;5388
d;571;9801
d;555;10509
d;542;5436
d;528;5548
d;513;5553
d;497;5338
d;481;4020
d;466;4118
d;450;6188
d;435;5751
d;422;7875
d;410;9556
d;398;4951
d;391;2167
d;383;4858
d;370;4664
d;359;8401
d;350;8545
d;341;3904
d;336;930
d;337;499
d;343;439
d;345;355
d;347;530
d;346;2987
d;344;5095
d;345;6089
d;345;6507
d;345;6651
d;344;6729
d;344;6778
d;344;6842
d;343;7038
d;343;6857
d;343;6607
d;343;6593
d;343;6901
d;342;7877
d;338;6827
d;331;2144
d;330;631
d;336;415
d;343;474
d;345;479
d;348;1169
d;1070;4354
e;1612520171.166359;2248
s;1612520183.377019;2248
d;674;953
d;508;1350
d;487;711
d;466;823
d;448;941
d;428;1004
d;411;966
d;397;873
d;385;631
d;375;439
d;361;485
d;344;2117
d;330;5444
d;318;3511
d;316;2415
d;311;2757
d;305;5054
d;292;4624
d;277;5749
d;268;4523
d;255;2187
d;249;1467
d;245;1380
d;242;1320
d;236;1142
d;234;1013
d;234;942
d;234;988
d;236;1448
d;235;1698
d;232;1222
d;232;1138
d;231;1111
d;230;1086
d;230;1091
d;231;1084
d;230;1064
d;230;1061
d;230;1063
d;231;1443
d;232;1935
d;230;1184
d;231;1008
d;232;1035
d;232;1131
d;234;1321
d;232;1304
d;230;1011
d;229;817
d;231;663
d;239;772
d;308;1637
e;1612520183.909600;2248
s;1612520185.103161;2248
d;1361;185
d;1154;280
d;1017;325
d;952;307
d;917;316
d;892;398
d;879;521
d;871;724
d;870;901
d;868;1082
d;864;1153
d;855;1114
d;842;1095
d;830;1134
d;829;1225
d;832;1265
d;835;1320
d;839;1420
d;841;1517
d;843;1579
d;845;1548
d;845;1516
d;844;1535
d;844;1575
d;844;1607
d;844;1592
d;844;1526
d;842;1521
d;842;1559
d;843;1586
d;844;1605
d;842;1629
d;840;1653
d;841;1691
d;843;1679
d;844;1636
d;844;1626
d;841;1643
d;841;1694
d;843;1730
d;845;1692
d;845;1672
d;842;1651
d;839;1676
d;831;1999
d;811;3126
d;797;4989
d;796;6236
d;799;7743
d;799;12075
d;805;4568
d;812;7622
d;819;11794
d;827;14949
d;837;14543
d;847;9093
d;858;5098
d;870;3540
d;883;937
d;890;539
d;896;723
d;894;2995
d;900;3883
d;908;3851
d;923;2343
d;943;687
d;955;513
d;960;445
d;945;278
d;936;136
d;604;810
d;486;8186
d;467;4854
d;452;4757
d;438;6857
d;424;4946
d;411;2371
d;399;1305
d;389;742
d;380;442
d;367;405
d;353;366
d;346;209
d;344;118
d;322;532
d;306;1785
d;307;3670
d;298;2246
d;290;1240
d;283;230
d;275;195
d;268;219
d;265;285
d;261;324
d;255;223
d;254;136
d;253;135
d;252;108
e;1612520186.089400;2248
s;1612520186.116066;2248
d;228;71
d;227;62
e;1612520186.133395;2248
s;1612520186.230575;2248
d;231;220
d;236;224
d;239;183
d;541;1046
e;1612520186.277416;2248
s;1612520188.200253;2248
d;1264;282
d;1077;283
d;982;260
d;921;261
d;862;378
d;821;667
d;811;1029
d;813;1324
d;818;1420
d;820;1297
d;820;1122
d;820;1030
d;819;996
d;819;966
d;819;966
d;818;952
d;818;959
d;818;972
d;820;969
d;821;974
d;821;986
d;821;1000
d;821;1025
d;822;1047
d;822;1057
d;823;1052
d;825;1066
d;827;1048
d;830;962
d;834;755
d;837;500
d;838;335
d;837;269
d;839;234
d;840;203
d;841;180
d;842;152
d;842;141
d;843;165
d;844;194
d;847;231
d;848;319
d;849;565
d;852;1956
d;855;5743
d;864;9626
d;873;6451
d;883;3099
d;893;3226
d;901;3575
d;915;3938
d;930;1997
d;940;3082
d;949;5461
d;959;6593
d;970;6901
d;983;6374
d;996;6068
d;1008;6009
d;1020;5876
d;1033;4412
d;1047;3602
d;1071;2731
d;1103;2235
d;1125;1952
d;1136;1935
d;1153;1531
d;1188;962
d;1393;1582
e;1612520188.897192;2248
s;1612520190.430354;2248
d;1393;162
d;1307;177
d;1279;155
d;1260;112
d;1243;101
d;1227;85
d;1211;84
d;1196;87
d;1181;94
d;1168;84
d;1155;87
d;1142;81
d;1131;83
d;1121;88
d;1110;82
d;1099;81
d;1090;85
d;1081;89
d;1072;86
d;1064;86
d;1057;83
d;1049;93
d;1042;93
d;1035;121
d;1019;162
d;997;176
d;965;215
d;938;242
d;925;224
d;921;183
d;919;156
d;918;132
d;918;127
d;916;147
d;913;170
d;911;184
d;905;252
d;902;357
d;903;472
d;910;572
d;918;494
d;929;412
d;941;395
d;952;406
d;962;447
d;971;484
d;980;433
d;990;439
d;1003;486
d;1021;649
d;1035;619
d;1043;518
d;1048;394
d;1074;402
d;1139;476
d;1214;436
d;1232;705
d;1205;731
d;1254;590
d;1276;543
d;1398;1923
e;1612520191.040268;2248
s;1612520199.755940;2248
d;1267;212
d;1158;207
d;1116;172
d;1104;139
d;1093;82
d;1084;67
e;1612520199.804834;2248
s;1612520199.999503;2248
d;726;95
d;733;144
d;761;187
d;793;216
d;821;261
d;836;227
d;846;198
d;848;138
d;850;110
d;853;107
d;861;181
d;874;345
d;885;501
d;900;413
d;915;287
d;926;328
d;941;385
d;953;422
d;964;492
d;972;444
d;981;396
d;989;414
d;999;400
d;1008;349
d;1018;315
d;1023;210
d;1025;153
d;1043;166
d;1164;253
d;1299;316
d;1376;328
e;1612520200.312004;2248
s;1612520216.487752;2248
d;1262;250
d;1145;228
d;1099;185
d;1090;108
d;1083;68
e;1612520216.544418;2248
s;1612520216.665788;2248
d;947;62
d;947;74
d;947;92
d;937;196
d;929;187
d;921;264
d;918;200
d;917;193
d;908;262
d;904;333
d;898;3041
d;903;10443
d;914;13369
d;924;12342
d;935;12807
d;950;6489
d;978;904
d;988;344
d;997;284
d;1006;257
d;1018;270
d;1036;293
d;1050;267
d;1065;285
d;1117;2398
d;1129;9365
d;1142;9226
d;1152;9596
d;1163;8894
d;1179;8804
d;1330;6669
e;1612520216.983253;2248
s;1612520219.180488;2248
d;1365;183
d;1231;215
d;1196;163
d;1183;106
d;1170;80
d;1158;68
d;1148;62
e;1612520219.263516;2248
s;1612520219.394942;2248
d;943;115
d;942;148
d;928;247
d;919;257
d;915;234
d;915;191
d;916;133
d;916;101
d;916;108
d;919;215
d;913;569
d;914;1302
d;923;1838
d;933;1855
d;944;1331
d;955;557
d;965;249
d;974;198
d;985;222
d;995;217
d;1005;207
d;1014;200
d;1021;180
d;1027;170
d;1036;167
d;1157;426
d;1253;533
d;1281;565
d;1308;603
d;1297;699
e;1612520219.696832;2248
s;1612520222.044518;2248
d;1391;140
d;1368;125
d;1347;107
d;1326;101
d;1307;99
d;1289;95
d;1272;84
d;1256;84
d;1241;79
d;1226;85
d;1212;82
d;1199;90
d;1185;95
d;1173;93
d;1162;86
d;1151;92
d;1140;96
d;1129;120
d;1119;134
d;1087;176
d;1061;175
d;1051;156
d;1024;193
d;982;260
d;959;261
d;944;325
d;942;427
d;946;813
d;948;4759
d;960;5612
d;973;5671
d;991;1541
d;1003;395
d;1015;279
d;1030;313
d;1044;298
d;1056;277
d;1067;241
d;1073;195
d;1080;168
d;1153;255
d;1251;631
d;1217;1077
d;1217;1284
d;1245;984
e;1612520222.498042;2248
s;1612520224.167877;2248
d;1340;193
d;1235;201
d;1200;164
d;1187;121
d;1175;87
d;1163;77
d;1143;74
d;1134;74
d;1124;73
d;1115;78
d;1107;77
d;1099;76
d;1092;72
d;1084;74
d;1078;74
d;1072;71
d;1066;67
d;1061;67
d;1056;67
d;1050;71
d;1045;94
d;1039;140
d;1020;177
d;993;213
d;969;256
d;956;229
d;946;202
d;939;198
d;929;250
d;922;287
d;921;262
d;924;321
d;927;431
d;935;535
d;944;551
d;955;436
d;968;368
d;982;335
d;995;336
d;1010;342
d;1022;373
d;1033;361
d;1044;373
d;1056;394
d;1071;388
d;1086;416
d;1097;349
d;1105;266
d;1137;236
d;1232;306
d;1335;354
d;1381;417
d;1388;433
e;1612520224.704389;2248
s;1612520228.883173;2248
d;590;275
d;562;658
d;544;837
d;533;835
d;522;732
d;510;654
d;500;613
d;489;589
d;480;539
d;471;495
d;463;428
d;453;405
d;436;632
d;410;2532
d;394;2201
d;391;1702
d;383;4132
d;374;8121
d;368;7408
d;358;3574
d;347;9154
d;337;6055
d;328;2395
d;323;719
d;322;156
d;321;64
d;320;115
d;320;193
d;323;304
d;322;282
d;322;123
e;1612520229.207945;2248
s;1612520229.355720;2248
d;291;87
e;1612520229.355720;2248
s;1612520229.457517;2248
d;312;131
d;313;181
d;313;127
e;1612520229.490053;2248
s;1612520230.417120;2248
d;1024;460
d;543;731
d;481;1363
d;470;1160
d;457;758
d;445;612
d;432;664
d;415;787
d;399;947
d;386;1002
d;375;1008
d;364;940
d;352;1028
d;341;1691
d;329;3896
d;319;4582
d;315;4201
d;307;3915
d;293;3392
d;281;3632
d;272;3898
d;264;4306
d;258;4728
d;254;4789
d;250;4704
d;246;4676
d;243;4686
d;240;4488
d;236;4116
d;235;3742
d;235;3594
d;235;3791
d;236;4449
d;235;4735
d;235;4161
d;234;4098
d;234;4078
d;234;4069
d;234;4073
d;234;4053
d;234;4044
d;234;4003
d;234;3945
d;234;4142
d;234;4232
d;233;4031
d;234;3966
d;234;3949
d;235;3930
d;235;3913
d;235;3884
d;235;3946
d;236;4667
d;235;4279
d;234;3659
d;234;2980
d;237;2735
d;241;2928
d;243;2853
d;245;2558
d;1034;4412
e;1612520231.040943;2248
s;1612520234.112191;2248
d;627;6546
d;567;5379
d;552;8318
d;539;9035
d;526;6864
d;513;6679
d;500;5384
d;488;5475
d;474;5218
d;464;1896
d;456;780
d;445;756
d;431;909
d;421;670
d;410;604
d;401;625
d;392;1687
d;378;1797
d;370;1815
d;360;1790
d;349;1216
d;341;862
d;335;536
d;333;229
d;334;259
d;333;310
d;333;221
d;333;174
d;335;348
d;337;466
d;335;400
d;336;377
d;335;360
d;335;352
d;334;332
d;335;328
d;333;324
d;333;321
d;335;318
d;336;357
d;336;376
d;336;284
d;340;447
d;338;662
d;334;505
d;332;237
d;334;247
d;336;386
d;336;346
d;336;237
d;1060;2263
e;1612520234.638277;2248
s;1612520236.731098;2248
d;544;365
d;512;8062
d;494;12138
d;483;7347
d;473;4123
d;461;3862
d;449;3904
d;436;4108
d;424;4011
d;413;4085
d;401;4923
d;388;5778
d;379;3094
d;368;1921
d;354;2086
d;342;6353
d;329;11039
d;321;9201
d;314;8272
d;306;8032
d;296;5598
d;288;4729
d;280;4708
d;272;4199
d;265;3289
d;258;1990
d;252;674
d;255;489
d;257;636
d;258;721
d;259;659
d;262;739
d;258;1149
d;254;1449
d;256;1671
d;257;1928
d;255;1608
d;256;1434
d;256;1374
d;256;1330
d;255;1291
d;256;1271
d;256;1273
d;255;1274
d;255;1256
d;257;1445
d;256;1456
d;256;1279
d;256;1169
d;257;1114
d;257;1125
d;257;1310
d;256;1540
d;252;1292
d;250;596
d;253;506
d;256;668
d;258;712
d;262;591
d;266;589
d;260;729
d;256;948
d;322;1548
e;1612520237.356328;2248
s;1612520240.902126;2248
d;1352;230
d;1249;190
d;1221;157
d;1204;145
d;1161;168
d;1111;179
d;1078;170
d;1058;161
d;1038;164
d;1020;165
d;1004;166
d;992;161
d;979;164
d;968;166
d;959;164
d;950;166
d;943;164
d;938;161
d;927;186
d;912;214
d;888;354
d;875;442
d;872;403
d;873;423
d;868;763
d;873;1223
d;881;1654
d;890;1825
d;902;1489
d;917;938
d;931;744
d;945;688
d;957;710
d;969;634
d;980;598
d;992;561
d;1010;543
d;1026;513
d;1038;413
d;1051;324
d;1104;348
d;1197;400
d;1235;668
d;1187;1171
d;1214;1035
d;1256;1066
e;1612520241.372760;2248
s;1612520268.218135;2248
d;1374;254
d;1136;306
d;1015;287
d;914;448
d;858;778
d;850;1137
d;853;1328
d;854;1309
d;854;1258
d;854;1238
d;854;1234
d;854;1235
d;854;1230
d;855;1207
d;856;1197
d;857;1209
d;857;1238
d;857;1291
d;859;1297
d;862;1145
d;865;933
d;868;629
d;869;402
d;866;349
d;866;358
d;858;630
d;855;1196
d;860;2206
d;866;3493
d;872;4557
d;882;4857
d;892;4204
d;904;3539
d;919;2378
d;934;1836
d;949;1718
d;964;1686
d;978;1528
d;993;1451
d;1009;1372
d;1024;1291
d;1040;1161
d;1073;1149
d;1122;1317
d;1154;1148
d;1181;974
d;1215;813
d;1389;3335
e;1612520268.700682;2248
s;1612520270.744479;2248
d;1094;274
d;807;317
d;602;553
d;512;865
d;487;965
d;474;871
d;460;819
d;446;818
d;433;772
d;424;717
d;414;729
d;401;764
d;384;1755
d;367;4199
d;355;4538
d;351;2236
d;354;4628
d;345;7534
d;336;5386
d;328;5671
d;315;3436
d;299;2573
d;286;2100
d;280;1618
d;277;1495
d;273;1576
d;269;1439
d;266;1269
d;265;1147
d;262;1028
d;264;950
d;266;1138
d;266;1569
d;264;1446
d;263;1310
d;263;1203
d;262;1170
d;262;1172
d;261;1155
d;260;1125
d;261;1135
d;261;1178
d;261;1355
d;263;1803
d;260;1169
d;261;1051
d;261;1036
d;261;1008
d;262;998
d;263;1043
d;264;1257
d;263;1357
d;264;1100
d;273;911
d;276;768
d;271;744
d;266;701
d;269;736
d;274;708
d;1036;3969
e;1612520271.359192;2248
s;1612520275.171348;2248
d;1288;186
d;1252;157
d;1195;170
d;1143;171
d;1129;142
d;1116;122
d;1104;114
d;1092;115
d;1081;112
d;1070;117
d;1060;108
d;1050;100
d;1041;97
d;1033;99
d;1026;100
d;1018;97
d;1011;101
d;1004;111
d;997;137
d;987;155
d;966;172
d;938;194
d;913;210
d;899;193
d;882;218
d;867;255
d;858;269
d;853;324
d;847;599
d;850;1136
d;857;3211
d;868;10145
d;880;7879
d;891;12089
d;905;5888
d;924;2958
d;946;1646
d;953;5501
d;965;7656
d;980;8273
d;996;7868
d;1012;8088
d;1029;7775
d;1044;4955
d;1073;2332
d;1146;988
d;1180;789
d;1192;884
d;1261;465
e;1612520275.665600;2248
s;1612520278.300709;2248
d;1283;221
d;1116;274
d;957;478
d;884;803
d;875;1071
d;877;1140
d;877;1148
d;877;1156
d;877;1157
d;877;1165
d;877;1155
d;878;1149
d;879;1094
d;882;916
d;885;707
d;888;437
d;889;310
d;884;368
d;884;392
d;884;549
d;886;1083
d;894;1661
d;907;2012
d;922;1944
d;938;1785
d;955;1697
d;972;1715
d;988;1605
d;1004;1507
d;1021;1439
d;1039;1325
d;1056;1166
d;1079;1030
d;1138;909
d;1174;1207
d;1186;1379
d;1224;961
e;1612520278.667421;2248
s;1612520279.395310;2248
d;1397;64
d;1373;97
d;1350;83
d;1329;70
e;1612520279.429080;2248
s;1612520279.549670;2248
d;934;72
d;933;101
d;928;164
d;904;315
d;892;360
d;887;796
d;890;5622
d;900;11049
d;914;3677
d;926;2579
d;942;4887
d;961;5342
d;974;7820
d;988;10126
d;1004;11241
d;1022;10053
d;1039;7891
d;1054;5796
d;1080;6622
d;1106;8841
d;1125;3331
d;1138;4212
d;1150;4411
d;1167;3940
d;1371;4949
e;1612520279.809358;2248
s;1612520289.487666;2248
d;1226;256
d;868;352
d;656;571
d;574;678
d;543;605
d;525;526
d;512;423
d;500;333
d;489;293
d;478;299
d;464;338
d;431;1496
d;411;5776
d;398;7982
d;395;6887
d;386;6043
d;373;3849
d;360;5320
d;345;3401
d;331;2004
d;322;1183
d;318;1078
d;314;965
d;313;795
d;314;809
d;312;787
d;311;842
d;310;848
d;311;1062
d;310;879
d;308;738
d;308;681
d;308;662
d;309;657
d;309;683
d;309;747
d;310;824
d;311;1102
d;310;878
d;310;820
d;310;814
d;311;824
d;312;894
d;312;1079
d;310;1035
d;309;834
d;315;794
d;313;758
d;313;676
d;315;574
d;318;466
d;937;3653
e;1612520290.021451;2248
s;1612520294.202092;2248
d;1319;178
d;1239;180
d;1185;172
d;1120;188
d;1055;207
d;1019;184
d;1001;167
d;986;165
d;973;165
d;959;172
d;944;182
d;932;180
d;922;175
d;916;175
d;911;170
d;908;164
d;904;172
d;900;179
d;894;208
d;886;264
d;869;410
d;856;621
d;854;885
d;859;880
d;863;1150
d;871;1753
d;881;2076
d;894;1633
d;909;1624
d;923;7119
d;935;12723
d;948;3206
d;961;3866
d;975;4796
d;990;4265
d;1004;3635
d;1017;2826
d;1030;5711
d;1044;7502
d;1076;2328
d;1155;597
d;1191;626
d;1221;555
d;1387;1715
e;1612520294.636904;2248
s;1612520296.902305;2248
d;1271;221
d;1128;250
d;1028;273
d;976;256
d;964;171
d;962;116
d;959;106
d;957;99
d;955;94
d;954;79
d;953;61
d;952;68
d;950;70
d;950;79
d;948;73
d;947;80
d;946;75
d;945;78
d;945;69
d;943;81
d;941;105
d;934;176
d;916;262
d;904;299
d;899;293
d;899;248
d;900;193
d;900;144
d;900;149
d;899;185
d;896;325
d;891;705
d;896;891
d;906;1051
d;913;1502
d;923;1629
d;933;5885
d;945;4350
d;957;3393
d;971;4147
d;990;1029
d;1016;469
d;1033;498
d;1043;417
d;1059;566
d;1069;601
d;1094;920
d;1117;5599
d;1114;14761
d;1124;9860
d;1138;9496
d;1299;1410
e;1612520297.425300;2248
s;1612520298.776911;2248
d;799;605
d;577;1524
d;572;2644
d;562;6748
d;547;5277
d;533;7437
d;517;6323
d;502;5468
d;488;5057
d;470;7979
d;454;4343
d;439;3192
d;424;2865
d;411;2830
d;399;4213
d;392;8577
d;382;6852
d;373;7160
d;365;8022
d;351;5505
d;340;7623
d;332;9943
d;326;7539
d;322;3905
d;323;2486
d;324;3538
d;323;5905
d;322;6976
d;322;7743
d;322;8143
d;321;7871
d;320;7564
d;320;7860
d;320;8011
d;319;7931
d;319;7933
d;319;7433
d;319;6685
d;320;6494
d;320;6277
d;321;6259
d;321;6396
d;322;7878
d;320;8087
d;318;4699
d;319;2067
d;323;2560
d;324;4406
d;322;3651
e;1612520299.265398;2248
s;1612520303.007744;2248
d;1302;190
d;1234;182
d;1195;168
d;1156;172
d;1104;197
d;1063;202
d;1034;195
d;1015;191
d;1000;187
d;989;191
d;981;191
d;973;194
d;967;197
d;964;186
d;962;174
d;961;161
d;961;151
d;959;167
d;956;189
d;954;227
d;952;217
d;950;202
d;946;327
d;940;1197
d;947;3929
d;958;6876
d;971;8437
d;984;7057
d;998;4064
d;1017;852
d;1032;490
d;1045;432
d;1058;405
d;1075;379
d;1088;331
d;1106;340
d;1192;932
d;1217;1717
d;1221;2089
d;1230;2662
d;1257;2751
e;1612520303.421526;2248
s;1612520303.613759;2248
d;1125;546
d;562;1658
d;534;2123
d;529;3326
d;514;5992
d;499;4623
d;485;2447
d;470;1485
d;454;943
d;441;588
d;427;620
d;400;3043
d;383;6946
d;375;7639
d;365;3674
d;350;2689
d;337;8298
d;324;11661
d;316;11087
d;310;11080
d;304;10138
d;302;8310
d;301;7487
d;302;7298
d;303;8168
d;303;8831
d;303;9001
d;302;9003
d;301;8948
d;301;8899
d;301;8837
d;300;8800
d;300;8916
d;300;8689
d;300;8665
d;301;8788
d;301;9156
d;300;8988
d;300;8077
d;301;7292
d;300;6733
d;939;5548
e;1612520304.038688;2248
s;1612520309.971638;2248
d;683;7830
d;590;4557
d;571;7059
d;556;6982
d;540;6179
d;526;4895
d;509;6464
d;495;1810
d;491;356
d;490;195
d;463;890
d;441;1305
d;429;1443
d;418;2565
d;409;7079
d;395;2716
d;390;350
d;390;92
e;1612520310.158789;2248
s;1612520310.174411;2248
d;392;239
d;388;295
d;387;209
d;386;134
d;385;74
e;1612520310.231683;2248
s;1612520310.380001;2248
d;407;166
d;406;142
d;405;76
e;1612520310.413079;2248
s;1612520314.383996;2248
d;904;592
d;698;1418
d;685;2480
d;671;2951
d;658;3007
d;644;2984
d;629;3010
d;614;6527
d;596;6176
d;582;10800
d;568;15452
d;554;16697
d;541;17715
d;527;16177
d;512;16732
d;498;12955
d;484;7146
d;470;6957
d;456;4988
d;440;4950
d;424;6111
d;409;8707
d;395;11064
d;380;7827
d;368;2881
d;360;3272
d;348;5399
d;334;12027
d;323;15413
d;316;13556
d;311;9291
d;302;2514
d;293;866
d;292;668
d;294;540
d;294;149
d;294;167
d;313;5406
d;303;13484
d;294;7507
d;289;3500
d;299;2922
d;299;3146
d;293;2429
d;291;2498
d;291;1921
d;294;1278
d;303;965
d;308;1185
d;294;1483
d;289;2062
d;289;3809
d;286;2181
d;287;2154
d;288;2421
d;288;2677
d;287;2502
d;287;2410
d;286;2407
d;288;1424
d;301;1207
d;309;991
d;315;945
d;335;1071
d;366;1451
d;364;1734
d;352;1944
d;337;1759
d;313;1219
d;288;1239
d;280;1641
d;280;1577
d;280;1186
d;283;1675
d;299;2829
d;305;3318
d;303;3829
d;295;3917
d;284;2053
d;280;1122
d;278;685
d;283;938
d;280;795
d;285;1149
d;291;2490
d;291;3607
d;283;3051
d;280;3090
d;279;2621
d;283;1783
d;285;1008
d;288;845
d;291;1503
d;295;2666
d;286;2096
d;282;2395
d;274;2984
d;273;6590
d;270;10057
d;269;9293
d;261;3733
d;236;2453
d;1161;5110
e;1612520315.427449;2248
s;1612520317.740565;2248
d;618;8417
d;605;14605
d;593;9829
d;581;3058
d;568;2865
d;553;2455
d;538;7332
d;524;6963
d;512;5102
d;504;997
d;497;633
d;491;833
d;482;1145
d;467;2431
d;453;1736
d;445;2347
d;432;2573
d;422;982
d;417;401
d;415;328
d;421;371
d;428;477
d;426;374
d;424;234
d;418;279
d;410;376
d;407;316
d;406;255
d;406;248
d;406;242
d;406;232
d;405;233
d;404;237
d;404;245
d;404;271
d;404;262
d;403;237
d;403;229
d;404;225
d;405;229
d;404;243
d;406;266
d;411;282
d;419;304
d;423;303
d;421;247
d;418;185
d;418;152
d;1399;2670
e;1612520318.241191;2248
s;1612520322.196165;2248
d;1320;196
d;1045;240
d;714;446
d;551;617
d;495;656
d;471;643
d;451;686
d;437;750
d;423;845
d;407;869
d;390;961
d;373;1051
d;356;899
d;335;1175
d;322;1929
d;309;2347
d;299;2625
d;287;2440
d;277;1715
d;268;1077
d;263;841
d;262;1941
d;258;4542
d;251;2745
d;257;753
d;264;460
d;262;530
d;252;1224
d;250;1722
d;249;1555
d;249;1495
d;248;1446
d;248;1480
d;247;1494
d;247;1505
d;247;1522
d;247;1645
d;246;1572
d;246;1480
d;246;1490
d;246;1510
d;245;1506
d;245;1444
d;245;1415
d;246;1381
d;246;1371
d;247;1595
d;247;1633
d;247;1587
d;247;1543
d;247;1696
d;249;1191
d;266;563
d;277;585
d;275;537
d;259;918
d;252;1507
d;255;1923
d;254;1792
d;1390;4872
e;1612520322.806731;2248
s;1612520324.428614;2248
d;857;605
d;588;1454
d;582;2580
d;571;7864
d;556;6164
d;542;9733
d;527;8453
d;512;7575
d;498;5559
d;483;6209
d;466;6312
d;450;3739
d;435;3245
d;421;3234
d;409;3861
d;398;4829
d;387;4598
d;376;4297
d;367;4615
d;358;5102
d;348;6641
d;341;9452
d;334;8086
d;329;4276
d;328;1828
d;331;1883
d;332;3746
d;330;6010
d;329;6674
d;329;7067
d;328;7289
d;328;7381
d;327;6997
d;327;6740
d;327;6558
d;327;6372
d;327;6735
d;327;6738
d;327;6653
d;327;6573
d;327;6337
d;328;5880
d;329;6623
d;328;7577
d;325;5497
d;324;1764
d;327;820
d;333;1947
d;332;3396
d;627;3375
e;1612520324.940145;2248
s;1612520346.964592;2248
d;1199;298
d;1003;372
d;919;345
d;858;576
d;837;827
d;835;972
d;836;970
d;835;967
d;835;985
d;836;986
d;836;990
d;837;1007
d;837;999
d;839;999
d;839;965
d;840;944
d;840;832
d;843;715
d;844;553
d;845;411
d;845;391
d;846;357
d;842;565
d;840;882
d;847;1239
d;854;1637
d;865;6322
d;878;11385
d;890;13551
d;903;13544
d;917;10478
d;932;8581
d;947;9972
d;961;13390
d;978;13048
d;995;12258
d;1012;10555
d;1030;7198
d;1058;4510
d;1098;2467
d;1121;2038
d;1148;1490
d;1325;1802
e;1612520347.407671;2248
s;1612520352.126030;2248
d;1261;256
d;1151;224
d;1120;168
d;1111;114
d;1102;83
d;1094;80
d;1086;79
d;1079;76
d;1072;72
d;1066;68
d;1060;63
d;1054;67
d;1049;68
d;1044;71
d;1028;61
e;1612520352.279277;2248
s;1612520352.314581;2248
d;939;88
d;938;146
d;927;255
d;920;268
d;919;331
d;919;254
d;918;243
d;895;509
d;889;457
d;892;639
d;897;2076
d;904;5023
d;914;14251
d;927;5391
d;938;8402
d;946;4646
d;957;5320
d;969;3923
d;987;1694
d;1008;503
d;1020;422
d;1034;439
d;1050;484
d;1067;447
d;1081;441
d;1120;824
d;1156;3377
d;1154;9121
d;1163;9401
d;1173;9564
d;1193;7629
d;1357;5872
e;1612520352.636390;2248
s;1612520362.981019;2248
d;1261;294
d;1040;393
d;942;431
d;907;402
d;893;354
d;882;396
d;875;469
d;874;538
d;876;542
d;878;522
d;879;485
d;881;425
d;884;367
d;886;312
d;888;249
d;888;218
d;886;242
d;884;299
d;881;397
d;881;472
d;883;494
d;883;506
d;883;480
d;884;434
d;885;407
d;883;406
d;881;454
d;878;552
d;868;836
d;850;1354
d;852;1050
d;857;1420
d;863;1753
d;871;7204
d;880;4929
d;889;3912
d;897;6363
d;903;8820
d;912;6174
d;930;2062
d;944;410
d;956;359
d;968;334
d;979;311
d;990;262
d;998;203
d;1006;180
d;1035;294
d;1063;340
d;1079;287
d;1101;426
d;1148;658
d;1200;924
d;1180;5494
d;1176;8360
d;1197;7440
d;1221;7697
d;1356;6057
e;1612520363.571228;2248
s;1612520367.064170;2248
d;883;906
d;545;8976
d;515;5363
d;501;7724
d;488;4435
d;474;8106
d;458;4420
d;444;2336
d;432;1397
d;419;1054
d;403;2102
d;389;3406
d;378;2866
d;371;7400
d;361;9347
d;352;7854
d;346;3417
d;343;4819
d;331;3812
d;319;1543
d;310;2076
d;303;1859
d;297;1341
d;292;1059
d;291;879
d;290;857
d;289;875
d;289;800
d;291;1046
d;291;963
d;290;916
d;290;904
d;290;901
d;288;903
d;289;920
d;288;911
d;288;895
d;291;1520
d;287;1366
d;287;852
d;288;791
d;290;795
d;290;790
d;291;858
d;291;1093
d;289;1093
d;293;827
d;300;685
d;300;735
d;293;764
d;296;838
d;300;1010
d;1386;5020
e;1612520367.597205;2248
s;1612520369.227344;2248
d;1399;139
d;1308;178
d;1191;207
d;1107;206
d;1061;186
d;1022;188
d;992;189
d;969;188
d;948;193
d;932;195
d;921;194
d;913;183
d;907;178
d;902;183
d;899;172
d;898;153
d;898;130
d;898;101
d;899;107
d;898;145
d;886;274
d;865;758
d;864;1065
d;871;1710
d;879;3215
d;889;10055
d;901;3839
d;915;4028
d;930;5232
d;945;2027
d;958;539
d;972;455
d;993;494
d;1018;635
d;1032;498
d;1052;652
d;1089;2104
d;1109;4134
d;1114;11997
d;1123;3886
d;1138;10189
d;1310;6016
e;1612520369.658089;2248
s;1612520371.853780;2248
d;1317;311
d;1085;324
d;1023;207
d;1015;125
d;1009;62
e;1612520371.902225;2248
s;1612520372.032350;2248
d;890;161
d;869;298
d;860;364
d;858;294
d;858;167
d;858;167
d;858;156
d;843;1211
d;839;4355
d;851;7594
d;862;7680
d;876;6589
d;894;1263
d;908;467
d;925;357
d;942;450
d;953;395
d;965;370
d;977;323
d;988;268
d;995;199
d;1039;306
d;1121;1006
d;1140;1254
d;1148;1208
d;1155;1563
d;1333;3390
e;1612520372.312859;2248
s;1612520374.781409;2248
d;1315;232
d;1154;268
d;1057;269
d;1028;191
d;1023;142
d;1016;155
d;1008;158
d;1004;144
d;1000;120
d;997;111
d;994;125
d;991;115
d;988;126
d;985;116
d;983;131
d;980;127
d;978;127
d;975;131
d;972;137
d;955;227
d;937;270
d;925;282
d;922;315
d;923;281
d;923;271
d;913;337
d;900;561
d;904;525
d;910;568
d;919;754
d;927;2727
d;933;5679
d;946;7063
d;960;4602
d;977;566
d;992;424
d;1006;465
d;1020;461
d;1033;469
d;1050;488
d;1070;537
d;1089;536
d;1099;381
d;1128;434
d;1202;517
d;1267;635
d;1258;1556
d;1201;7629
d;1218;8971
d;1270;9216
d;1393;6449
e;1612520375.293274;2248
s;1612520376.672631;2248
d;1229;216
d;927;270
d;639;462
d;503;600
d;454;620
d;430;592
d;410;555
d;392;600
d;373;686
d;354;811
d;333;984
d;313;979
d;294;2011
d;281;4146
d;268;5906
d;255;4433
d;243;2110
d;235;1118
d;227;1000
d;229;10836
d;222;2533
d;220;6531
d;226;1490
d;220;2602
d;217;7849
d;217;11751
d;216;10558
d;215;9695
d;215;10632
d;215;10711
d;215;11695
d;214;12839
d;214;13143
d;213;13335
d;213;13398
d;213;13399
d;213;13417
d;212;13443
d;212;13447
d;212;13293
d;213;13575
d;213;14367
d;211;14341
d;209;6727
d;212;5507
d;212;9023
d;216;10350
d;218;9787
d;211;8390
d;1387;5483
e;1612520377.176644;2248
s;1612520377.424962;2248
d;1228;241
d;1158;192
d;1147;95
e;1612520377.458629;2248
s;1612520377.582020;2248
d;940;178
d;920;290
d;913;289
d;911;286
d;902;1258
d;896;1468
d;908;987
d;922;927
d;934;560
d;949;400
d;965;348
d;980;375
d;994;402
d;1005;344
d;1017;334
d;1028;302
d;1038;254
d;1046;196
d;1059;161
d;1184;276
d;1321;327
d;1399;340
e;1612520377.813904;2248
s;1612520379.009103;2248
d;1337;183
d;1186;232
d;1067;260
d;973;321
d;902;526
d;875;822
d;872;1044
d;876;1115
d;878;1039
d;876;995
d;877;980
d;877;956
d;877;957
d;877;975
d;876;1009
d;876;1010
d;877;1001
d;877;966
d;879;935
d;877;955
d;878;976
d;878;979
d;878;1024
d;878;1056
d;879;1041
d;882;927
d;885;756
d;886;552
d;888;349
d;890;270
d;892;247
d;894;197
d;895;170
d;896;150
d;896;166
d;897;199
d;896;235
d;898;395
d;896;2429
d;903;7924
d;913;11051
d;923;14107
d;934;11812
d;947;4296
d;965;1103
d;979;1019
d;993;1124
d;1007;1182
d;1020;1250
d;1033;1287
d;1048;1363
d;1062;1386
d;1076;1267
d;1089;1028
d;1105;892
d;1144;989
d;1194;1168
d;1213;1294
d;1227;1214
d;1251;1001
d;1300;750
e;1612520379.628217;2248
s;1612520379.896452;2248
d;972;749
d;515;1169
d;505;1794
d;496;2593
d;477;2306
d;458;2635
d;441;2038
d;423;2062
d;409;1649
d;390;3523
d;377;1586
d;365;1691
d;351;5327
d;334;4717
d;319;6214
d;304;5924
d;292;9195
d;280;14548
d;273;14553
d;269;14114
d;266;15219
d;261;14736
d;256;9169
d;256;6902
d;257;9215
d;258;11866
d;257;12346
d;256;12408
d;256;12948
d;255;13142
d;254;13093
d;254;13061
d;253;12936
d;253;12743
d;252;12692
d;252;12893
d;252;12595
d;252;12553
d;252;12511
d;251;12427
d;251;12133
d;251;11945
d;251;11538
d;252;10613
d;253;10069
d;254;9892
d;255;9700
d;257;9803
d;259;9047
d;259;7113
d;1399;5432
e;1612520380.404449;2248
s;1612520380.555287;2248
d;1290;234
d;1127;273
d;1041;259
d;1025;168
d;1020;85
d;1016;70
d;1013;64
d;1008;61
d;977;61
e;1612520380.649478;2248
s;1612520380.767137;2248
d;936;135
d;926;202
d;913;310
d;904;375
d;906;308
d;908;235
d;909;162
d;909;147
d;911;174
d;916;253
d;926;346
d;934;291
d;943;207
d;955;219
d;969;238
d;984;277
d;995;271
d;1005;256
d;1017;255
d;1029;237
d;1039;208
d;1044;173
d;1046;126
d;1084;186
d;1221;300
d;1342;347
e;1612520381.033462;2248
s;1612520382.118295;2248
d;991;592
d;527;6687
d;490;7974
d;476;5172
d;460;2450
d;445;1638
d;430;1179
d;421;767
d;414;397
d;410;251
d;397;346
d;371;760
d;354;2009
d;344;8316
d;331;5735
d;322;6442
d;317;5577
d;313;10915
d;307;8247
d;294;4093
d;282;850
d;276;292
d;272;204
d;269;181
d;263;346
d;264;449
d;263;243
d;263;132
d;261;113
d;258;206
d;255;212
d;254;140
d;253;138
d;253;147
d;252;142
d;252;136
d;251;134
d;251;130
d;250;132
d;248;256
d;248;218
d;247;139
d;247;123
d;246;118
d;246;116
d;246;120
d;246;129
d;245;167
d;245;172
d;246;206
d;253;299
d;258;289
d;258;190
d;257;111
d;256;84
d;278;295
e;1612520382.682997;2248
s;1612520383.993279;2248
d;1271;235
d;1105;281
d;995;319
d;922;413
d;888;538
d;879;632
d;878;652
d;878;655
d;877;666
d;878;682
d;878;676
d;878;673
d;878;688
d;878;706
d;878;704
d;880;701
d;881;684
d;881;673
d;882;657
d;883;583
d;886;515
d;885;438
d;886;330
d;886;300
d;885;306
d;880;457
d;876;700
d;879;972
d;886;1188
d;892;1306
d;899;1586
d;908;2065
d;917;2225
d;928;2274
d;939;1757
d;951;1030
d;963;856
d;976;800
d;989;740
d;1002;684
d;1016;653
d;1030;621
d;1044;586
d;1058;551
d;1106;623
d;1177;684
d;1223;689
d;1243;700
d;1265;653
d;1353;1329
e;1612520384.498755;2248
s;1612520398.337046;2248
d;596;7159
d;535;4975
d;519;6445
d;504;6816
d;490;5368
d;475;6970
d;459;5176
d;446;2189
d;438;774
d;432;311
d;427;194
d;398;959
d;381;2512
d;372;2314
d;362;1175
d;359;2878
d;341;2408
d;331;829
d;326;219
d;325;70
d;325;83
d;331;224
d;333;210
d;332;111
e;1612520398.578917;2248
s;1612520398.598951;2248
d;293;62
d;294;63
e;1612520398.619075;2248
s;1612520398.748317;2248
d;301;188
d;321;343
d;325;270
d;324;136
d;1168;3389
e;1612520398.797556;2248
s;1612520401.747276;2248
d;902;631
d;581;7006
d;550;7970
d;534;12341
d;519;15266
d;504;13799
d;489;11583
d;475;8381
d;461;6013
d;450;1692
d;444;553
d;427;997
d;408;2856
d;395;4462
d;383;3466
d;374;3429
d;382;7018
d;364;3052
d;353;901
d;349;302
d;347;157
d;344;184
d;341;263
d;338;207
d;338;106
d;337;92
d;336;125
d;336;73
d;336;63
d;335;60
d;334;60
e;1612520402.074472;2248
s;1612520402.124824;2248
d;346;79
d;345;63
d;345;70
d;344;120
d;344;121
d;341;244
d;338;303
d;338;205
d;606;1173
e;1612520402.214259;2248
s;1612520409.063746;2248
d;1271;396
d;643;805
d;540;1223
d;546;1162
d;540;801
d;531;566
d;518;484
d;495;1001
d;471;2077
d;457;2172
d;444;1122
d;430;1084
d;415;1746
d;403;5351
d;390;9416
d;380;7699
d;375;8895
d;369;6964
d;362;3415
d;352;11731
d;346;5347
d;334;8990
d;326;8475
d;317;8341
d;310;8829
d;305;6898
d;305;4131
d;307;3478
d;306;4686
d;306;6213
d;306;6933
d;306;7220
d;306;7272
d;305;7217
d;305;7149
d;304;7104
d;304;7056
d;304;7036
d;304;6943
d;304;7010
d;304;6898
d;305;6672
d;305;6533
d;306;6513
d;307;6856
d;307;7772
d;305;8283
d;302;5892
d;303;2554
d;308;1917
d;307;2524
d;306;2501
d;1182;4698
e;1612520409.599322;2248
s;1612520424.349066;2248
d;1263;352
d;1234;158
d;1152;205
d;1073;233
d;1011;258
d;975;260
d;955;246
d;945;225
d;939;225
d;935;229
d;933;216
d;931;215
d;930;220
d;929;214
d;929;215
d;929;199
d;929;189
d;929;188
d;928;198
d;928;204
d;924;262
d;918;416
d;918;661
d;922;1926
d;928;7577
d;938;13245
d;952;3301
d;963;11481
d;979;3968
d;1002;1028
d;1016;695
d;1028;571
d;1044;580
d;1064;639
d;1081;567
d;1107;1057
d;1138;5911
d;1150;13088
d;1164;7791
d;1173;14094
d;1186;6536
d;1236;3496
e;1612520424.764647;2248
s;1612520426.738657;2248
d;1315;206
d;1173;232
d;1074;241
d;984;302
d;926;381
d;899;422
d;888;418
d;883;415
d;883;419
d;883;421
d;885;418
d;884;418
d;884;431
d;884;418
d;884;416
d;884;420
d;885;410
d;887;396
d;888;357
d;890;313
d;892;274
d;892;248
d;893;267
d;893;304
d;882;450
d;878;693
d;880;1535
d;884;4653
d;892;7760
d;902;8384
d;913;7836
d;927;6260
d;943;2518
d;962;990
d;970;703
d;934;422
d;813;288
d;694;255
d;579;330
d;494;486
d;454;517
d;434;495
d;410;904
d;390;2570
d;375;1515
d;369;713
d;360;819
d;350;471
d;339;532
d;326;1055
d;317;2598
d;314;6327
d;302;8530
d;303;5679
d;299;2364
d;288;5085
d;275;2714
d;266;690
d;260;753
d;252;616
d;245;644
d;240;553
d;236;519
d;236;465
d;232;421
d;232;432
d;236;890
d;235;764
d;234;690
d;232;611
d;231;598
d;231;586
d;231;602
d;230;587
d;230;531
d;231;558
d;231;626
d;232;715
d;232;884
d;230;615
d;229;561
d;230;530
d;230;523
d;229;526
d;231;523
d;232;541
d;234;604
d;232;615
d;231;530
d;229;449
d;229;329
d;230;279
d;1136;4390
e;1612520427.685142;2248
s;1612520429.898755;2248
d;1388;161
d;1201;246
d;1071;265
d;970;341
d;901;525
d;873;767
d;868;1013
d;871;1110
d;872;959
d;874;797
d;872;712
d;871;710
d;871;728
d;872;747
d;872;764
d;871;779
d;873;791
d;872;795
d;872;797
d;872;801
d;872;811
d;873;825
d;873;839
d;873;822
d;876;725
d;881;618
d;884;491
d;888;353
d;888;292
d;886;255
d;884;311
d;877;452
d;873;530
d;875;537
d;870;1511
d;864;9156
d;873;12224
d;882;11689
d;893;13174
d;906;8934
d;928;1011
d;939;392
d;953;386
d;964;361
d;975;350
d;985;307
d;995;249
d;1004;226
d;1015;218
d;1026;223
d;1037;234
d;1053;243
d;1069;254
d;1086;251
d;1108;370
d;1161;2281
d;1185;3351
d;1199;3493
d;1208;3420
d;1225;2574
d;1236;2564
d;1395;3919
e;1612520430.535145;2248
s;1612520432.235946;2248
d;1386;69
e;1612520432.253025;2248
s;1612520432.389323;2248
d;954;66
d;953;87
d;952;109
d;950;136
d;946;160
d;942;163
d;940;154
d;936;167
d;914;295
d;892;757
d;892;430
d;897;665
d;906;978
d;917;1219
d;925;3751
d;932;5193
d;942;12029
d;954;3819
d;966;2861
d;976;5051
d;993;1121
d;1007;288
d;1013;195
d;1022;194
d;1044;269
d;1075;404
d;1091;343
d;1105;340
d;1144;460
d;1213;579
d;1240;924
d;1203;3228
d;1189;8651
d;1196;10193
d;1252;9368
d;1390;6479
e;1612520432.752837;2248
s;1612520434.647827;2248
d;1249;222
d;1125;218
d;1111;149
d;1099;92
d;1088;74
d;1078;68
d;1068;61
e;1612520434.717126;2248
s;1612520434.854767;2248
d;884;106
d;882;153
d;870;201
d;859;218
d;853;212
d;851;189
d;851;126
d;852;87
d;853;89
d;853;153
d;847;250
d;842;377
d;844;482
d;847;619
d;854;940
d;863;1404
d;872;2179
d;884;1730
d;897;942
d;909;231
d;912;140
d;916;126
d;920;132
d;924;142
d;934;163
d;954;190
d;980;208
d;1007;213
d;1091;295
d;1212;881
d;1105;2124
d;1113;2761
d;1155;3001
d;1340;3782
e;1612520435.195451;2248
s;1612520437.430559;2248
d;1374;88
d;1353;116
d;1333;117
d;1314;119
d;1296;115
d;1278;111
d;1261;110
d;1246;97
d;1231;102
d;1217;102
d;1204;91
d;1192;105
d;1180;96
d;1169;99
d;1158;94
d;1148;93
d;1138;93
d;1129;89
d;1121;96
d;1113;105
d;1105;117
d;1097;138
d;1069;179
d;993;352
d;952;416
d;937;466
d;927;1415
d;933;6148
d;943;7905
d;955;3266
d;965;2679
d;976;2654
d;993;1044
d;1005;397
d;1016;318
d;1026;335
d;1036;305
d;1045;287
d;1055;289
d;1067;268
d;1077;256
d;1091;267
d;1147;350
d;1230;665
d;1250;745
d;1259;777
d;1281;682
d;1307;666
e;1612520437.918825;2248
s;1612520440.554747;2248
d;1343;510
d;1319;107
d;1292;153
d;1259;156
d;1211;165
d;1131;191
d;1046;216
d;970;250
d;911;299
d;870;364
d;852;409
d;845;411
d;842;410
d;840;417
d;840;434
d;838;492
d;838;561
d;838;609
d;840;585
d;842;477
d;844;414
d;847;305
d;850;227
d;852;213
d;851;212
d;848;244
d;846;279
d;846;345
d;845;559
d;847;872
d;855;1350
d;866;1428
d;881;893
d;894;618
d;909;564
d;924;573
d;937;631
d;950;599
d;962;552
d;976;542
d;991;505
d;1009;554
d;1023;437
d;1042;342
d;1128;345
d;1222;355
d;1258;501
d;1259;491
d;1313;731
e;1612520441.054514;2248
s;1612520443.301833;2248
d;1318;299
d;1069;387
d;944;466
d;886;675
d;870;899
d;869;1095
d;870;1202
d;871;1207
d;872;1202
d;872;1211
d;871;1212
d;871;1227
d;872;1232
d;872;1247
d;872;1261
d;872;1265
d;873;1265
d;875;1254
d;875;1220
d;877;1110
d;879;982
d;881;830
d;882;645
d;881;464
d;881;427
d;877;517
d;874;776
d;875;1041
d;879;1286
d;883;1402
d;888;1506
d;890;2613
d;896;6497
d;904;10591
d;914;11532
d;924;13220
d;934;11609
d;947;4955
d;962;2415
d;974;3719
d;985;4968
d;997;5068
d;1010;4750
d;1025;4545
d;1038;4590
d;1055;4560
d;1080;4031
d;1102;3970
d;1123;3042
d;1138;3321
d;1149;2913
d;1235;3054
e;1612520443.830081;2248
s;1612520445.316543;2248
d;1275;217
d;1103;246
d;968;294
d;889;298
d;830;438
d;795;787
d;787;1188
d;790;1495
d;793;1503
d;795;1354
d;794;1239
d;794;1184
d;795;1136
d;795;1115
d;795;1135
d;794;1191
d;796;1250
d;797;1305
d;797;1332
d;797;1349
d;798;1357
d;798;1356
d;800;1337
d;800;1313
d;802;1313
d;805;1193
d;808;963
d;812;621
d;815;350
d;814;311
d;813;286
d;815;255
d;818;225
d;820;162
d;820;140
d;822;169
d;825;259
d;824;540
d;823;1038
d;830;1340
d;833;3128
d;837;8991
d;846;3543
d;856;3320
d;865;2892
d;875;9734
d;891;4138
d;905;2514
d;917;2185
d;929;2038
d;941;1633
d;955;993
d;968;704
d;981;640
d;995;622
d;1008;693
d;1026;1050
d;1057;1440
d;1087;1430
d;1104;1313
d;1125;1137
d;1145;1023
d;1296;1287
e;1612520445.942744;2248
s;1612520447.967361;2248
d;1240;258
d;1080;287
d;985;301
d;931;319
d;895;407
d;877;535
d;871;639
d;870;708
d;871;741
d;872;744
d;873;746
d;873;746
d;873;746
d;873;746
d;873;755
d;873;763
d;874;755
d;874;723
d;875;687
d;877;628
d;877;588
d;877;553
d;877;595
d;876;516
d;877;437
d;881;363
d;882;374
d;880;478
d;880;671
d;883;811
d;892;955
d;901;1113
d;913;1191
d;922;1047
d;933;1092
d;944;1429
d;954;2119
d;962;4414
d;971;7667
d;981;10907
d;992;12666
d;1005;12595
d;1018;11623
d;1029;10615
d;1040;9049
d;1052;6689
d;1069;4316
d;1098;2408
d;1154;1219
d;1188;815
d;1234;574
d;1276;490
d;1373;717
e;1612520448.510075;2248
s;1612520452.260629;2248
d;1281;218
d;1113;253
d;987;295
d;903;355
d;847;534
d;823;936
d;823;1263
d;827;1446
d;832;1390
d;831;1233
d;832;1168
d;831;1141
d;832;1125
d;832;1100
d;833;1091
d;832;1095
d;832;1136
d;832;1164
d;832;1195
d;833;1206
d;833;1211
d;834;1209
d;834;1189
d;836;1150
d;839;1028
d;842;829
d;847;583
d;850;356
d;852;260
d;852;250
d;852;214
d;853;183
d;854;164
d;854;167
d;854;171
d;854;195
d;852;225
d;853;258
d;855;329
d;859;413
d;867;652
d;874;975
d;884;1235
d;896;1270
d;907;1227
d;919;1165
d;931;1107
d;943;1045
d;956;988
d;968;922
d;980;867
d;994;818
d;1006;780
d;1018;762
d;1032;768
d;1045;768
d;1059;787
d;1074;761
d;1086;736
d;1110;735
d;1163;762
d;1209;733
d;1231;811
d;1216;1155
d;1234;1265
d;1274;1165
e;1612520452.924102;2248
s;1612520453.809667;2248
d;1365;245
d;1170;256
d;1013;332
d;933;352
d;902;296
d;890;261
d;890;139
d;890;110
d;890;102
d;890;102
d;890;94
d;890;87
d;891;82
d;891;92
d;891;92
d;892;88
d;892;87
d;892;97
d;892;94
d;892;95
d;892;96
d;892;87
d;893;92
d;893;94
d;893;98
d;892;152
d;885;221
d;878;239
d;872;300
d;868;331
d;866;389
d;870;306
d;872;220
d;872;176
d;872;217
d;863;373
d;860;484
d;862;730
d;869;986
d;874;1459
d;881;3644
d;888;10722
d;899;4170
d;912;4142
d;924;3072
d;935;6799
d;946;4830
d;965;662
d;971;187
d;973;139
d;975;130
d;978;144
d;982;154
d;985;145
d;990;147
d;1008;191
d;1063;359
d;1148;787
d;1169;1338
d;1161;2224
d;1162;2991
d;1180;2136
d;1259;1400
e;1612520454.435640;2248
s;1612520454.828337;2248
d;1374;200
d;835;441
d;564;704
d;493;756
d;472;644
d;458;559
d;443;514
d;433;542
d;423;467
d;416;462
d;405;454
d;392;502
d;373;876
d;357;2968
d;344;6320
d;338;8918
d;337;9953
d;327;6261
d;321;4401
d;313;4194
d;301;2656
d;289;1476
d;284;1311
d;281;1314
d;276;1330
d;272;1145
d;268;899
d;267;746
d;266;695
d;267;691
d;267;794
d;268;1063
d;267;890
d;266;810
d;265;786
d;263;800
d;263;783
d;262;782
d;262;788
d;261;792
d;261;800
d;263;1005
d;262;1104
d;260;725
d;260;691
d;261;710
d;261;733
d;261;747
d;261;738
d;262;719
d;262;787
d;263;954
d;262;1248
d;262;806
d;265;621
d;265;586
d;263;682
d;265;757
d;268;886
d;448;1472
e;1612520455.435454;2248
s;1612520457.656600;2248
d;600;2795
d;529;11548
d;514;4135
d;501;4059
d;487;3611
d;473;3203
d;459;8497
d;446;2597
d;435;1034
d;416;1208
d;402;2315
d;391;879
d;378;884
d;369;1761
d;359;2349
d;346;2833
d;336;1551
d;328;1304
d;320;1251
d;312;1071
d;304;1858
d;298;2164
d;293;1695
d;292;883
d;294;647
d;297;576
d;296;878
d;292;1453
d;292;1681
d;292;1734
d;292;1705
d;292;1706
d;292;1710
d;292;1709
d;292;1702
d;291;1713
d;292;1706
d;292;1694
d;292;1744
d;292;1700
d;292;1654
d;292;1649
d;292;1667
d;292;1696
d;293;1741
d;292;1825
d;290;1896
d;288;1385
d;289;707
d;292;561
d;297;696
d;296;1035
d;295;1287
d;300;1269
d;936;3674
e;1612520458.209177;2248
s;1612520459.017245;2248
d;1158;492
d;536;953
d;491;822
d;486;533
d;473;558
d;457;592
d;441;541
d;422;765
d;405;795
d;389;869
d;374;1007
d;362;1144
d;349;1259
d;337;1350
d;325;1126
d;318;1623
d;312;3560
d;313;7290
d;301;3844
d;285;1591
d;273;1513
d;267;1592
d;261;1361
d;257;1137
d;255;1016
d;254;961
d;256;1204
d;256;1381
d;257;1248
d;256;1211
d;256;1224
d;254;1287
d;254;1335
d;253;1366
d;253;1354
d;253;1371
d;253;1370
d;255;1564
d;254;1324
d;254;1221
d;255;1355
d;256;1768
d;254;1716
d;252;1428
d;252;1103
d;254;777
d;1146;4751
e;1612520459.493509;2248
s;1612520460.573422;2248
d;1260;222
d;1165;212
d;1142;160
d;1132;124
d;1123;92
d;1114;80
d;1105;86
d;1098;77
d;1091;75
d;1084;73
d;1077;69
d;1071;72
d;1065;68
d;1059;62
d;1054;60
d;1049;65
d;1045;71
d;1039;107
d;1014;184
d;977;246
d;943;343
d;927;366
d;922;302
d;921;242
d;923;250
d;925;413
d;931;488
d;940;681
d;950;538
d;960;470
d;980;940
d;991;3504
d;1003;6551
d;1016;10317
d;1029;13593
d;1044;14659
d;1060;12711
d;1074;10470
d;1088;7727
d;1109;4529
d;1143;1990
d;1246;417
d;1342;354
e;1612520461.007482;2248
s;1612520468.308985;2248
d;871;456
d;689;393
d;536;6892
d;509;10000
d;496;17724
d;485;3203
d;472;3165
d;458;3004
d;446;2327
d;432;3326
d;417;5674
d;405;4487
d;393;1695
d;379;1897
d;367;4282
d;354;9282
d;342;12382
d;331;14308
d;320;15917
d;310;16934
d;300;17739
d;291;16163
d;285;12229
d;281;7375
d;282;9143
d;277;8181
d;278;3085
d;284;2499
d;285;3279
d;280;5163
d;277;7776
d;275;8668
d;274;8345
d;274;8014
d;273;8095
d;273;8195
d;273;9271
d;272;9968
d;272;9690
d;272;9412
d;272;9246
d;272;9230
d;272;9251
d;272;9246
d;272;9200
d;272;9159
d;272;9169
d;272;9194
d;272;9327
d;273;9581
d;271;7323
d;278;1803
d;298;1193
d;304;1438
d;294;2377
d;279;1870
d;273;1253
d;271;898
d;265;620
d;1386;4639
e;1612520468.900439;2248
s;1612520469.615184;2248
d;567;6523
d;553;14971
d;542;9759
d;531;3981
d;517;4214
d;504;4350
d;491;4885
d;477;5113
d;465;3552
d;451;4486
d;436;7095
d;426;1836
d;414;1319
d;401;2230
d;390;2644
d;379;2301
d;370;1531
d;363;921
d;358;549
d;352;355
d;347;326
d;341;284
d;338;182
d;339;240
d;332;425
d;330;504
d;333;592
d;335;586
d;331;470
d;328;190
d;328;97
d;328;65
e;1612520469.942025;2248
s;1612520470.024437;2248
d;328;143
e;1612520470.042077;2248
s;1612520470.074289;2248
d;330;86
d;329;112
d;329;134
d;328;274
d;328;394
d;329;329
d;338;357
d;339;417
d;335;237
d;1158;3741
e;1612520470.174447;2248
s;1612520472.459931;2248
d;965;335
d;1066;190
e;1612520472.477180;2248
s;1612520472.492792;2248
d;506;11784
d;493;4100
d;479;3212
d;463;7762
d;449;2956
d;434;1606
d;422;907
d;413;469
d;406;283
d;389;375
d;388;120
d;384;163
d;364;302
d;340;485
d;327;441
d;322;242
d;321;139
e;1612520472.663541;2248
s;1612520472.692274;2248
d;345;531
d;317;629
d;303;457
d;299;407
d;292;458
d;282;430
d;276;379
d;274;384
d;273;342
d;273;264
d;271;226
d;271;198
d;271;198
d;271;186
d;270;149
d;270;151
d;269;128
d;269;126
d;268;129
d;268;138
d;268;150
d;281;374
d;297;505
d;299;616
d;297;512
d;294;496
d;286;329
d;279;350
d;686;2069
e;1612520472.989932;2248
s;1612520477.473414;2248
d;1307;199
d;1247;169
d;1199;168
d;1166;162
d;1135;162
d;1123;148
d;1111;143
d;1099;142
d;1089;142
d;1079;137
d;1069;143
d;1060;148
d;1051;145
d;1043;139
d;1034;141
d;1027;139
d;1020;147
d;997;175
d;955;234
d;930;230
d;904;296
d;884;436
d;877;533
d;878;649
d;888;983
d;901;1225
d;913;1872
d;923;7644
d;935;5889
d;947;4490
d;960;6006
d;973;7104
d;988;6226
d;1003;5153
d;1017;4028
d;1031;2578
d;1046;7353
d;1088;1996
d;1208;301
d;1341;346
e;1612520477.876818;2248
s;1612520501.355323;2248
d;1330;239
d;1160;250
d;1068;229
d;1059;151
d;1051;92
e;1612520501.405115;2248
s;1612520501.556283;2248
d;805;141
d;820;201
d;839;290
d;853;342
d;862;271
d;867;211
d;869;118
d;871;74
d;873;90
d;873;229
d;871;387
d;874;967
d;877;8362
d;889;4324
d;901;5263
d;912;5641
d;924;4939
d;936;3326
d;948;6669
d;961;3666
d;977;538
d;992;367
d;1008;348
d;1033;677
d;1053;3081
d;1068;6780
d;1083;8502
d;1098;9164
d;1112;6762
d;1131;3884
d;1166;1733
e;1612520501.873954;2248
s;1612520510.884993;2248
d;937;318
d;719;298
d;615;259
d;543;266
d;497;259
d;461;270
d;423;379
d;395;452
d;381;335
d;370;288
d;358;332
d;344;390
d;328;459
d;313;827
d;301;1487
d;300;3196
d;295;5651
d;282;6218
d;268;7157
d;257;4526
d;248;2077
d;239;1345
d;233;1261
d;230;1268
d;227;1318
d;224;1344
d;219;1154
d;217;980
d;215;911
d;217;1083
d;221;2191
d;218;2564
d;217;1396
d;216;1257
d;216;1223
d;215;1224
d;215;1233
d;215;1235
d;214;1224
d;214;1213
d;213;1172
d;215;1295
d;214;1503
d;213;1045
d;214;1010
d;214;1003
d;214;1008
d;214;1004
d;213;986
d;215;1028
d;215;1358
d;215;1322
d;212;1143
d;211;988
d;212;874
d;216;900
d;220;892
d;223;879
d;228;1213
d;1140;4938
e;1612520511.493400;2248
s;1612520511.932789;2248
d;777;603
d;513;10089
d;484;17663
d;475;3831
d;463;4170
d;450;3337
d;438;3645
d;426;2620
d;414;3335
d;400;4650
d;388;6055
d;378;1151
d;369;692
d;359;402
d;350;313
d;333;444
d;319;595
d;304;954
d;293;1899
d;283;2560
d;274;1538
d;266;661
d;261;337
d;256;234
d;252;208
d;249;1099
d;245;1411
d;247;784
d;268;1101
d;270;931
d;260;696
d;246;1147
d;247;4600
d;247;9235
d;246;10449
d;246;10399
d;246;10428
d;246;10900
d;246;11479
d;243;7708
d;245;4326
d;247;8564
d;245;9468
d;245;9410
d;245;9351
d;245;10137
d;245;10271
d;245;10058
d;244;9902
d;244;9642
d;244;9194
d;244;8584
d;244;7793
d;244;8082
d;244;8266
d;244;8247
d;244;8213
d;244;8058
d;244;7799
d;244;7454
d;244;7038
d;244;6633
d;244;6337
d;244;6248
d;244;6292
d;244;6527
d;237;2339
d;240;937
d;257;859
d;267;1172
d;272;2749
d;265;3678
d;252;2461
d;245;2266
d;243;2417
d;241;1995
d;237;973
d;660;1904
e;1612520512.727336;2248
s;1612520513.503617;2248
d;1258;250
d;1106;272
d;1033;230
d;988;215
d;950;238
d;921;266
d;904;250
d;896;232
d;891;219
d;887;226
d;886;217
d;885;225
d;883;219
d;883;222
d;882;220
d;883;213
d;884;214
d;884;213
d;884;208
d;883;247
d;881;308
d;881;350
d;886;286
d;889;230
d;889;236
d;883;290
d;880;383
d;881;446
d;884;655
d;884;1300
d;891;2227
d;900;2939
d;911;3042
d;923;2202
d;939;1250
d;953;763
d;970;817
d;985;871
d;1000;1004
d;1017;1199
d;1031;1392
d;1046;1448
d;1084;972
d;1154;520
d;1246;364
d;1322;333
d;1373;355
e;1612520513.971801;2248
s;1612520515.370757;2248
d;570;5469
d;513;5490
d;499;7735
d;488;8326
d;476;7602
d;465;4793
d;453;7723
d;441;5698
d;429;2613
d;420;1267
d;414;587
d;409;339
d;403;231
d;385;812
d;364;6661
d;354;7437
d;347;6719
d;340;2828
d;334;1417
d;335;1270
d;336;3968
d;325;2209
d;317;696
d;309;337
d;308;108
d;306;75
d;309;210
d;318;412
d;318;282
d;317;163
d;315;93
e;1612520515.689242;2248
s;1612520515.709863;2248
d;256;89
d;257;116
d;258;120
d;259;116
d;260;131
d;261;148
d;262;170
d;266;192
d;270;227
d;273;245
d;275;250
d;274;219
d;275;218
d;276;232
d;276;206
d;276;192
d;274;182
d;274;189
d;274;175
d;274;156
d;274;111
d;274;81
e;1612520515.923440;2248
s;1612520515.958533;2248
d;321;526
d;322;657
d;317;553
d;309;427
d;300;382
d;295;214
d;294;81
d;293;81
d;672;2007
e;1612520516.051851;2248
s;1612520525.841142;2248
d;1296;207
d;1138;254
d;1032;270
d;981;232
d;946;234
d;921;242
d;901;262
d;887;291
d;882;301
d;879;283
d;876;285
d;875;288
d;874;289
d;873;304
d;875;295
d;875;297
d;874;292
d;875;282
d;876;277
d;876;272
d;876;269
d;875;271
d;876;266
d;876;271
d;876;259
d;876;232
d;877;220
d;878;240
d;873;236
d;789;388
d;591;1411
d;555;1879
d;533;1290
d;514;780
d;497;590
d;481;471
d;459;455
d;441;452
d;423;545
d;403;668
d;379;1145
d;360;2732
d;346;2869
d;338;2258
d;328;4803
d;323;5238
d;303;4510
d;286;5742
d;273;2030
d;267;1579
d;262;1324
d;259;1005
d;258;985
d;259;1140
d;260;1278
d;261;1721
d;258;1357
d;257;1247
d;257;1204
d;257;1167
d;257;1142
d;256;1132
d;257;1131
d;257;1117
d;259;1640
d;258;1948
d;257;1243
d;257;1237
d;257;1345
d;255;1349
d;254;1187
d;255;1005
d;256;739
d;796;2767
e;1612520526.597384;2248
s;1612520530.788262;2248
d;1262;299
d;556;3889
d;512;10570
d;498;4704
d;481;7445
d;465;4313
d;449;2211
d;434;1359
d;423;872
d;413;610
d;401;513
d;386;553
d;372;3798
d;361;6202
d;352;3628
d;348;4505
d;337;9603
d;322;3289
d;307;2803
d;300;2847
d;293;2685
d;289;2107
d;287;1612
d;286;1623
d;287;1812
d;288;2104
d;287;2092
d;287;2145
d;285;2133
d;284;2134
d;284;2124
d;284;2095
d;283;2112
d;283;2097
d;283;1975
d;283;1931
d;284;1912
d;284;1881
d;284;1915
d;285;2031
d;285;2136
d;284;1814
d;287;1495
d;285;1491
d;577;2575
e;1612520531.249124;2248
s;1612520539.857128;2248
d;613;2226
d;542;6277
d;524;8300
d;509;10059
d;494;8198
d;478;6543
d;464;6291
d;448;5112
d;435;1478
d;427;469
d;407;1071
d;393;1682
d;388;1828
d;379;6675
d;365;5324
d;348;3158
d;336;1579
d;329;1255
d;325;1115
d;323;996
d;323;928
d;324;956
d;324;1011
d;324;1001
d;323;996
d;322;986
d;321;977
d;321;965
d;321;940
d;321;1008
d;321;1020
d;321;953
d;321;925
d;322;913
d;323;931
d;323;989
d;324;1084
d;329;1058
d;325;680
d;594;2010
e;1612520540.254330;2248
s;1612520542.496900;2248
d;1191;271
d;1031;351
d;917;606
d;878;997
d;878;1280
d;880;1301
d;880;1273
d;879;1280
d;879;1292
d;880;1318
d;879;1345
d;879;1368
d;880;1387
d;881;1374
d;883;1262
d;887;1032
d;888;780
d;889;528
d;889;397
d;886;533
d;881;1052
d;886;1704
d;895;2197
d;906;2466
d;919;2592
d;932;2428
d;947;2126
d;964;1806
d;980;1642
d;995;1466
d;1012;1363
d;1029;1266
d;1048;1187
d;1084;1178
d;1137;1076
d;1171;965
d;1211;717
d;1336;1051
e;1612520542.886452;2248
s;1612520545.522067;2248
d;1123;349
d;1019;267
d;948;294
d;880;558
d;853;947
d;853;1281
d;855;1402
d;855;1411
d;855;1418
d;856;1416
d;856;1415
d;856;1425
d;856;1437
d;856;1469
d;857;1473
d;857;1471
d;858;1442
d;858;1365
d;861;1183
d;864;934
d;866;648
d;868;369
d;865;308
d;859;538
d;852;1116
d;857;1654
d;863;2004
d;869;2266
d;876;2591
d;886;2642
d;897;2386
d;909;2126
d;923;1933
d;938;1839
d;953;1797
d;968;1685
d;983;1646
d;1002;1734
d;1026;1900
d;1040;1666
d;1052;1491
d;1082;1547
d;1118;1361
d;1142;1398
d;1174;974
d;1212;679
e;1612520545.985454;2248
s;1612520550.050730;2248
d;1192;259
d;1086;221
d;1050;173
d;1040;134
d;1031;132
d;1022;123
d;1014;114
d;1006;107
d;999;114
d;993;106
d;986;103
d;980;104
d;974;108
d;969;106
d;964;100
d;959;95
d;955;96
d;950;111
d;945;131
d;925;183
d;894;245
d;870;279
d;860;294
d;856;248
d;853;224
d;835;404
d;828;380
d;830;422
d;834;597
d;838;789
d;845;804
d;851;890
d;859;798
d;872;636
d;886;512
d;900;415
d;912;386
d;924;384
d;937;349
d;950;329
d;965;319
d;982;310
d;994;244
d;1002;191
d;1050;215
d;1172;290
d;1278;360
d;1286;403
d;1340;456
e;1612520550.548764;2248
s;1612520552.966069;2248
d;1186;276
d;1065;274
d;998;265
d;961;262
d;958;137
d;956;108
d;954;104
d;952;105
d;951;100
d;949;98
d;947;94
d;946;91
d;945;94
d;944;97
d;942;95
d;941;94
d;940;91
d;940;93
d;938;90
d;938;91
d;937;95
d;936;105
d;935;144
d;919;237
d;904;334
d;898;351
d;896;413
d;898;368
d;900;222
d;900;151
d;900;155
d;900;317
d;898;895
d;904;2613
d;913;4877
d;922;6662
d;932;6221
d;943;6293
d;955;3685
d;975;842
d;987;675
d;999;857
d;1010;1191
d;1022;1348
d;1036;1541
d;1048;1806
d;1062;2155
d;1078;1801
d;1112;2281
d;1140;2632
d;1159;2409
d;1170;2465
d;1180;2410
d;1213;2083
e;1612520553.503935;2248
s;1612520559.483249;2248
d;1268;222
d;1101;258
d;1059;176
d;1049;116
d;1040;96
d;1032;86
d;1024;85
d;1017;76
d;1010;83
d;1003;85
d;997;80
d;991;81
d;986;82
d;980;82
d;975;85
d;971;86
d;966;85
d;961;84
d;957;83
d;953;86
d;950;81
d;946;100
d;942;134
d;915;206
d;888;246
d;873;247
d;865;233
d;865;135
d;866;98
d;866;107
d;866;148
d;861;237
d;841;1772
d;842;5397
d;850;7693
d;858;8189
d;868;8324
d;879;4845
d;900;945
d;910;285
d;920;259
d;931;302
d;940;284
d;951;279
d;960;280
d;970;258
d;981;236
d;988;187
d;1009;236
d;1102;1050
d;1101;1895
d;1095;3296
d;1107;2790
d;1115;3717
d;1168;3898
e;1612520560.038873;2248
s;1612520560.885512;2248
d;1201;266
d;1038;312
d;937;368
d;880;467
d;855;598
d;850;721
d;850;761
d;850;753
d;851;754
d;852;762
d;853;757
d;853;762
d;852;768
d;852;779
d;852;784
d;852;773
d;853;737
d;853;699
d;856;638
d;857;596
d;855;598
d;855;563
d;857;491
d;860;407
d;862;511
d;861;473
d;858;588
d;857;760
d;864;778
d;872;1010
d;883;1071
d;895;942
d;906;845
d;919;953
d;929;1403
d;938;2416
d;946;4985
d;956;7657
d;967;9749
d;981;10072
d;995;9770
d;1008;9095
d;1019;8072
d;1032;5777
d;1048;3951
d;1079;2382
d;1129;1504
d;1153;1176
d;1196;746
d;1232;613
d;1337;789
e;1612520561.398690;2248
s;1612520574.769409;2248
d;1333;592
d;1087;380
d;993;320
d;944;317
d;908;411
d;889;597
d;887;679
d;888;704
d;888;726
d;887;747
d;887;771
d;887;822
d;889;825
d;888;795
d;885;812
d;885;818
d;888;782
d;889;706
d;888;708
d;889;697
d;892;621
d;892;521
d;894;403
d;892;400
d;877;865
d;868;1808
d;877;2358
d;882;5381
d;887;13768
d;900;4967
d;912;5448
d;927;3863
d;940;1583
d;954;1111
d;969;1016
d;985;1006
d;1000;971
d;1019;954
d;1036;954
d;1055;955
d;1069;863
d;1092;932
d;1141;1437
d;1165;2504
d;1170;5321
d;1179;6942
d;1205;7064
d;1370;5444
e;1612520575.247212;2248
s;1612520583.437004;2248
d;1379;87
d;1355;77
d;1331;63
e;1612520583.472126;2248
s;1612520583.655482;2248
d;885;81
d;883;116
d;882;133
d;881;143
d;880;151
d;879;137
d;876;163
d;854;331
d;827;1126
d;829;3451
d;835;5656
d;843;7232
d;851;6878
d;860;6672
d;869;4489
d;881;2002
d;894;1570
d;904;2686
d;912;5840
d;919;12949
d;930;6944
d;941;3795
d;954;3405
d;966;3043
d;978;2854
d;990;2549
d;1001;9446
d;1015;7901
d;1038;3613
d;1148;701
d;1252;364
d;1309;375
d;1358;464
e;1612520583.987910;2248
s;1612520595.761066;2248
d;1334;181
d;1311;143
d;1290;119
d;1269;105
d;1250;93
d;1233;88
d;1216;85
d;1200;86
d;1184;81
d;1170;90
d;1156;87
d;1143;93
d;1130;88
d;1117;90
d;1106;97
d;1094;134
d;1037;202
d;964;266
d;913;302
d;889;272
d;871;325
d;855;915
d;855;3950
d;867;4351
d;880;2990
d;891;960
d;905;340
d;917;263
d;932;299
d;946;294
d;958;275
d;970;262
d;985;253
d;996;208
d;1015;200
d;1116;401
d;1169;539
d;1147;2103
d;1141;2899
d;1226;3578
e;1612520596.155516;2248
s;1612520599.182256;2248
d;1383;467
d;1360;76
d;1336;115
d;1315;103
d;1294;92
d;1275;71
d;1258;67
e;1612520599.249436;2248
s;1612520599.398747;2248
d;928;88
d;927;94
d;927;111
d;926;131
d;921;170
d;902;261
d;891;269
d;864;1513
d;866;6056
d;876;6352
d;885;8395
d;896;6618
d;907;5642
d;919;3629
d;943;918
d;959;537
d;972;565
d;980;562
d;991;517
d;1004;496
d;1017;462
d;1030;397
d;1043;365
d;1092;1154
d;1124;2479
d;1134;4012
d;1138;5530
d;1149;5749
d;1168;6202
d;1319;6334
e;1612520599.708555;2248
s;1612520603.355252;2248
d;1375;176
d;934;345
d;592;717
d;501;1015
d;483;1176
d;473;984
d;463;767
d;451;677
d;439;604
d;428;531
d;421;429
d;416;419
d;409;467
d;399;571
d;385;970
d;366;4228
d;352;4755
d;345;5235
d;335;12781
d;323;11306
d;318;4110
d;312;5324
d;307;4326
d;306;3203
d;311;6103
d;301;6001
d;289;5528
d;277;3318
d;268;1369
d;262;1204
d;258;982
d;258;798
d;261;805
d;263;749
d;259;882
d;255;930
d;255;791
d;258;991
d;256;1067
d;256;953
d;256;968
d;255;976
d;255;975
d;254;960
d;253;947
d;253;960
d;254;954
d;253;933
d;253;936
d;254;1084
d;254;1260
d;253;948
d;253;884
d;252;869
d;253;844
d;253;849
d;252;839
d;254;838
d;254;921
d;256;1078
d;254;1111
d;253;914
d;253;810
d;255;840
d;258;938
d;255;943
d;253;746
d;254;548
d;259;548
d;260;528
d;1386;4742
e;1612520604.071989;2248
s;1612520606.574688;2248
d;592;2987
d;541;10583
d;529;4713
d;517;5905
d;506;6079
d;494;5659
d;483;3766
d;471;9017
d;459;4932
d;449;2036
d;441;992
d;429;1173
d;414;2610
d;402;3078
d;394;2311
d;390;2579
d;384;5978
d;377;8147
d;366;7052
d;359;5896
d;351;4338
d;345;3739
d;341;4309
d;332;3497
d;322;1110
d;317;759
d;313;778
d;310;682
d;314;511
d;324;512
d;326;433
d;324;421
d;317;412
d;310;413
d;306;563
d;305;700
d;304;522
d;302;459
d;302;441
d;301;432
d;300;426
d;299;416
d;299;420
d;299;435
d;299;440
d;300;473
d;303;766
d;301;626
d;298;471
d;298;444
d;297;385
d;298;366
d;299;351
d;298;350
d;300;386
d;302;535
d;299;600
d;300;443
d;309;387
d;317;418
d;317;482
d;313;455
d;307;337
d;306;262
d;450;685
e;1612520607.224091;2248
s;1612520608.171287;2248
d;604;681
d;564;8937
d;549;9404
d;538;16873
d;530;3218
d;520;4072
d;509;4190
d;498;4234
d;487;4181
d;476;4264
d;465;3850
d;455;4130
d;440;6451
d;433;2755
d;426;977
d;417;532
d;398;2388
d;385;9977
d;374;14992
d;366;13976
d;359;12768
d;351;11453
d;344;9849
d;336;8144
d;329;6132
d;322;3558
d;315;1771
d;310;1033
d;308;753
d;308;898
d;304;804
d;303;462
d;306;416
d;307;651
d;306;723
d;307;598
d;307;333
d;306;266
d;305;376
d;303;433
d;301;439
d;300;427
d;298;405
d;298;392
d;297;376
d;297;372
d;297;424
d;307;1115
d;301;844
d;298;425
d;297;428
d;294;353
d;294;318
d;293;303
d;293;298
d;292;292
d;293;280
d;292;284
d;292;292
d;291;287
d;291;281
d;292;272
d;291;265
d;291;257
d;291;250
d;289;255
d;289;251
d;299;2115
d;303;11255
d;293;6950
d;290;632
d;293;305
d;303;468
d;307;753
d;311;889
d;318;1174
d;322;1825
d;316;1684
d;306;765
d;300;291
d;295;203
d;294;199
d;305;2986
d;298;9673
d;289;3839
d;287;480
d;287;72
e;1612520609.053748;2248
s;1612520609.217723;2248
d;663;79
d;677;90
d;690;103
d;702;124
d;715;153
d;734;159
d;752;159
d;767;157
d;775;152
d;797;168
d;830;200
d;872;260
d;906;291
d;928;292
d;944;274
d;956;234
d;966;221
d;975;213
d;985;218
d;994;228
d;1004;214
d;1012;215
d;1020;219
d;1029;202
d;1037;193
d;1044;181
d;1047;158
d;1049;126
d;1060;157
d;1168;266
d;1296;329
d;1361;361
d;1365;436
d;1371;428
d;1381;433
e;1612520609.570147;2248
s;1612520611.346114;2248
d;1106;262
d;742;498
d;574;1562
d;556;3404
d;545;3690
d;535;3189
d;525;2343
d;516;1619
d;506;1338
d;496;1172
d;486;1115
d;474;1034
d;464;985
d;450;999
d;436;1338
d;424;2147
d;414;3509
d;404;5555
d;395;7414
d;386;7549
d;378;5670
d;371;3322
d;365;1936
d;359;1279
d;355;932
d;351;727
d;352;630
d;352;616
d;353;703
d;354;903
d;352;776
d;352;724
d;351;727
d;350;719
d;350;705
d;350;677
d;350;643
d;350;622
d;351;613
d;352;622
d;353;704
d;353;770
d;352;842
d;349;997
d;346;989
d;344;853
d;344;686
d;346;546
d;343;468
d;1070;2962
e;1612520611.850991;2248
s;1612520613.131275;2248
d;580;2256
d;523;7170
d;510;5169
d;499;8181
d;489;8655
d;479;6713
d;469;6421
d;459;5359
d;450;3143
d;438;9737
d;428;4461
d;419;2154
d;410;1062
d;402;722
d;392;684
d;381;793
d;373;857
d;365;1212
d;360;3121
d;358;6054
d;352;5209
d;343;3356
d;336;2118
d;340;3604
d;332;2829
d;319;1673
d;309;962
d;303;684
d;297;657
d;293;621
d;291;528
d;295;492
d;301;474
d;299;406
d;292;442
d;287;512
d;288;550
d;290;739
d;288;680
d;288;557
d;287;518
d;287;490
d;286;476
d;287;455
d;286;452
d;286;455
d;285;463
d;286;484
d;285;545
d;287;783
d;285;656
d;284;540
d;284;525
d;284;506
d;286;508
d;287;508
d;285;505
d;286;469
d;286;465
d;288;571
d;288;612
d;293;564
d;306;618
d;312;487
d;310;331
d;302;316
d;295;398
d;294;343
d;959;390
d;956;1106
d;977;1604
d;994;1739
d;1011;1771
d;1028;1764
d;1044;1724
d;1067;2070
d;1101;4705
d;1120;6227
d;1130;8539
d;1143;9018
d;1175;9825
d;1360;6151
e;1612520613.950010;2248
s;1612520616.100134;2248
d;597;133
d;568;229
d;527;319
d;499;339
d;480;288
d;465;258
d;446;342
d;430;364
d;413;432
d;397;486
d;382;476
d;372;288
d;356;374
d;333;1340
d;325;4327
d;308;9829
d;297;6623
d;288;3229
d;280;2088
d;274;440
d;272;106
e;1612520616.323315;2248
s;1612520616.353171;2248
d;255;426
d;286;901
d;284;756
d;274;640
d;261;653
d;252;360
d;248;199
d;247;160
d;246;141
d;246;136
d;245;133
d;244;128
d;244;128
d;244;139
d;242;164
d;242;158
d;241;128
d;241;139
d;240;129
d;240;114
d;239;114
d;238;118
d;238;114
d;238;121
d;238;119
d;238;151
d;237;250
d;239;272
d;264;595
d;280;732
d;279;660
d;274;719
d;264;865
d;255;511
d;252;477
d;249;362
d;783;2659
e;1612520616.726306;2248
s;1612520618.016107;2248
d;1194;303
d;1017;327
d;945;271
d;941;138
d;938;75
d;938;60
e;1612520618.067845;2248
s;1612520618.207454;2248
d;831;189
d;832;248
d;832;363
d;834;380
d;840;237
d;841;126
d;844;71
d;847;86
d;846;227
d;838;455
d;836;1920
d;843;8163
d;855;11591
d;870;3813
d;883;6845
d;905;2026
d;932;626
d;943;440
d;957;393
d;970;368
d;984;323
d;996;259
d;1035;613
d;1077;3728
d;1083;5239
d;1094;5125
d;1117;4293
d;1377;4565
e;1612520618.485500;2248
