s;1612521674.461830;2232
d;2275;81
d;2258;97
d;2231;111
d;2205;130
d;2179;134
d;2154;148
d;2124;153
d;2099;135
d;2060;157
d;1970;183
d;1891;186
d;1844;171
d;1808;167
d;1796;147
d;1771;162
d;1729;184
d;1682;212
d;1639;244
d;1608;258
d;1587;263
d;1573;258
d;1563;256
d;1558;250
d;1555;234
d;1553;228
d;1552;213
d;1550;221
d;1550;216
d;1550;211
d;1550;199
d;1549;193
d;1548;175
d;1549;166
d;1549;165
d;1548;149
d;1548;110
d;1545;70
e;1612521674.830031;2232
s;1612521677.022176;2232
d;835;539
d;832;626
d;838;3064
d;847;8949
d;862;4756
d;874;4941
d;886;4818
d;902;6153
d;917;5090
d;928;12419
d;942;6245
d;957;4488
d;971;5185
d;987;4615
d;1002;3879
d;1018;3040
d;1034;4586
d;1048;11184
d;1070;6381
d;1096;6953
d;1111;7864
d;1126;7467
d;1139;13133
d;1148;611
d;1146;66
e;1612521677.279586;2232
s;1612521715.710614;2238
d;831;193
d;828;199
d;828;109
e;1612521715.744133;2240
s;1612521715.863275;2240
d;840;160
d;829;250
d;826;228
d;827;114
d;829;61
d;831;63
d;832;99
d;832;217
d;831;344
d;839;842
d;850;2226
d;866;1927
d;881;482
d;883;84
d;887;78
d;891;77
d;896;69
d;901;68
d;906;94
d;914;153
d;969;301
d;979;212
d;999;76
d;1055;82
d;1108;76
d;1158;74
d;1206;75
d;1252;73
d;1296;69
d;1337;64
e;1612521716.165488;2240
s;1612521716.379740;2240
d;2135;70
d;2134;76
d;2134;82
d;2133;81
d;2132;75
d;2131;81
d;2129;86
d;2127;89
d;2126;78
d;2124;78
d;2121;80
d;2119;78
d;2117;77
d;2115;67
d;2113;62
e;1612521716.536069;2240
s;1612521724.653960;2240
d;813;134
d;810;207
d;804;259
d;802;271
d;799;272
d;800;211
d;797;260
d;794;325
d;792;387
d;768;2456
d;773;6799
d;787;1511
d;791;468
d;790;378
d;787;411
d;786;442
d;787;458
d;787;470
d;785;482
d;786;496
d;785;504
d;785;513
d;786;504
d;785;512
d;783;538
d;783;569
d;783;863
d;787;1057
d;782;718
d;781;835
d;787;762
d;791;577
d;789;371
d;786;361
d;783;402
d;778;467
d;777;688
d;781;776
d;784;702
d;787;968
d;781;6042
d;792;8140
d;807;9049
d;825;5523
d;847;465
d;861;266
d;872;251
d;884;244
d;899;242
d;914;248
d;928;246
d;944;246
d;960;249
d;975;244
d;990;247
d;1008;270
d;1026;287
d;1054;400
d;1093;2653
d;1112;4644
d;1126;6284
d;1140;5654
d;1155;4810
d;1171;2122
e;1612521725.307071;2240
s;1612521735.178813;2240
d;1624;1412
d;1525;3305
d;1500;5275
d;1479;7367
d;1458;8260
d;1437;6581
d;1416;4912
d;1394;2544
d;1375;486
d;1368;174
d;1364;153
d;1359;102
d;1354;84
d;1349;98
d;1344;102
d;1339;100
d;1334;88
d;1329;81
d;1324;83
d;1318;73
d;1312;72
d;1308;77
d;1304;80
d;1300;72
d;1296;77
d;1292;77
d;1289;107
d;1288;115
d;1286;96
d;1279;63
e;1612521735.489652;2240
s;1612521735.521109;2240
d;4251;61
e;1612521735.539903;2240
s;1612521735.566999;2240
d;2269;670
d;2266;1092
d;2251;1572
d;2233;2033
d;2218;2093
d;2203;2048
d;2188;1830
d;2174;1355
d;2161;961
d;2151;582
d;2146;286
d;2146;113
d;2146;62
e;1612521735.697097;2240
s;1612521742.395789;2240
d;2225;449
d;2212;664
d;2193;992
d;2177;1336
d;2161;1578
d;2147;1778
d;2134;1825
d;2121;1857
d;2106;1675
d;2091;1447
d;2075;1233
d;2063;816
d;2057;386
d;2056;162
d;2056;73
e;1612521742.541089;2240
s;1612521743.959889;2240
d;2292;499
d;2276;802
d;2260;1185
d;2245;1609
d;2230;2064
d;2216;2198
d;2204;2243
d;2192;2208
d;2179;2123
d;2165;1773
d;2152;1480
d;2139;1047
d;2129;642
d;2128;199
d;2128;119
d;2128;70
d;2128;60
e;1612521744.126274;2240
s;1612521745.354714;2240
d;1927;294
d;2203;561
d;2293;885
d;2293;1190
d;2280;1444
d;2267;1741
d;2254;1881
d;2243;1913
d;2231;1968
d;2221;1977
d;2208;1786
d;2195;1509
d;2182;1126
d;2172;802
d;2164;494
d;2164;164
d;2164;122
d;2165;76
e;1612521745.539869;2240
s;1612521746.651610;2240
d;796;103
d;788;201
d;777;266
d;759;488
d;743;718
d;739;1193
d;743;1558
d;746;1483
d;745;1334
d;744;1294
d;744;1269
d;744;1259
d;744;1248
d;745;1224
d;746;1182
d;745;1123
d;747;1022
d;751;800
d;758;490
d;763;233
d;764;206
d;758;406
d;740;1046
d;735;2317
d;740;10250
d;753;9987
d;769;11145
d;780;14582
d;794;11960
d;813;3687
d;828;5054
d;842;11438
d;856;13811
d;873;2972
d;888;2749
d;904;2630
d;921;4376
d;934;11141
d;950;8123
d;974;7364
d;998;12324
d;1014;14464
d;1027;9841
d;1039;14256
d;1054;9974
d;1070;2356
d;1069;202
e;1612521747.131216;2240
s;1612521747.635916;2240
d;544;246
d;532;448
d;531;336
d;532;173
d;532;152
e;1612521747.686703;2240
s;1612521747.824245;2240
d;527;379
d;523;500
d;526;354
d;527;180
d;526;333
d;521;4109
d;530;13529
d;548;9323
d;570;456
d;573;68
d;578;71
d;584;67
d;590;62
d;598;68
d;606;64
d;614;72
d;623;83
d;631;64
e;1612521748.010745;2240
s;1612521748.046336;2240
d;250;206
d;585;213
d;625;113
d;676;73
d;710;66
d;743;74
d;784;72
d;814;90
d;843;88
d;868;69
d;879;62
e;1612521748.160075;2240
s;1612521748.363279;2240
d;1344;68
d;1346;81
d;1348;79
d;1349;74
d;1349;72
e;1612521748.413888;2240
s;1612521749.507405;2240
d;2256;283
d;2253;458
d;2247;566
d;2241;660
d;2234;827
d;2228;1053
d;2220;1200
d;2212;1398
d;2206;1578
d;2199;1868
d;2192;1985
d;2186;2146
d;2179;2276
d;2173;2247
d;2168;2253
d;2163;2207
d;2156;2423
d;2152;2311
d;2146;2312
d;2140;2287
d;2133;2235
d;2127;1978
d;2121;1906
d;2115;1766
d;2108;1632
d;2103;1279
d;2097;1117
d;2090;1023
d;2087;738
d;2085;415
d;2085;235
d;2085;193
d;2084;167
d;2084;133
d;2084;93
d;2083;86
d;2083;89
d;2083;60
e;1612521749.891405;2240
s;1612521752.750497;2240
d;2829;160
d;2336;292
d;1904;537
d;1740;763
d;1700;922
d;1690;1104
d;1686;1221
d;1680;1579
d;1676;1881
d;1670;2066
d;1665;2402
d;1661;2663
d;1656;3034
d;1651;3315
d;1647;3485
d;1643;3749
d;1639;4007
d;1634;4598
d;1630;4991
d;1626;5146
d;1621;5229
d;1617;5281
d;1614;5566
d;1610;5406
d;1606;5444
d;1602;5424
d;1599;5283
d;1595;5201
d;1591;4839
d;1587;4470
d;1583;4451
d;1580;4346
d;1576;4036
d;1572;3814
d;1568;3337
d;1564;2890
d;1560;2627
d;1557;2403
d;1553;2207
d;1550;1919
d;1546;1722
d;1542;1473
d;1537;1112
d;1533;787
d;1531;536
d;1528;424
d;1525;369
d;1520;316
d;1518;259
d;1514;206
d;1511;184
d;1509;162
d;1507;154
d;1506;150
d;1505;138
d;1503;137
d;1501;133
d;1498;127
d;1496;128
d;1493;124
d;1491;119
d;1489;111
d;1486;109
d;1483;96
d;1480;93
d;1476;74
d;1472;70
d;1468;72
d;1463;64
d;1458;65
d;1442;65
d;1439;61
e;1612521753.477442;2240
s;1612521753.552132;2240
d;1345;68
d;1335;61
d;1343;66
d;1337;68
d;1327;66
d;1329;73
d;1331;72
d;1332;72
d;1334;83
d;1337;84
d;1339;92
d;1341;88
d;1343;90
d;1346;82
d;1348;90
d;1350;93
d;1352;88
d;1354;93
d;1356;99
d;1359;104
d;1361;111
d;1363;114
d;1365;120
d;1367;118
d;1370;117
d;1372;131
d;1375;137
d;1377;127
d;1380;137
d;1382;141
d;1384;141
d;1386;146
d;1389;159
d;1394;166
d;1400;167
d;1403;173
d;1408;177
d;1412;182
d;1416;184
d;1418;180
d;1420;186
d;1422;196
d;1422;203
d;1422;209
d;1421;210
d;1421;215
d;1422;212
d;1423;220
d;1423;221
d;1421;227
d;1421;228
d;1419;226
d;1418;223
d;1417;228
d;1417;234
d;1416;240
d;1415;235
d;1416;236
d;1416;240
d;1415;236
d;1414;240
d;1412;237
d;1411;245
d;1411;247
d;1411;247
d;1410;251
d;1410;245
d;1410;251
d;1411;251
d;1411;252
d;1412;258
d;1411;252
d;1411;256
d;1411;259
d;1411;255
d;1411;261
d;1411;250
d;1411;257
d;1412;264
d;1413;258
d;1413;255
d;1412;258
d;1412;259
d;1413;262
d;1412;249
d;1412;245
d;1413;262
d;1413;255
d;1413;256
d;1413;258
d;1412;246
d;1411;251
d;1413;255
d;1413;253
d;1412;257
d;1413;262
d;1413;257
d;1412;258
d;1414;259
d;1415;253
d;1415;261
d;1414;264
d;1414;255
d;1414;263
d;1414;261
d;1413;260
d;1416;262
d;1414;259
d;1415;254
d;1415;261
d;1414;266
d;1414;256
d;1414;260
d;1413;265
d;1413;256
d;1414;256
d;1414;260
d;1415;250
d;1414;259
d;1412;262
d;1411;252
d;1411;248
d;1410;239
d;1409;243
d;1408;236
d;1406;238
d;1405;230
d;1404;218
d;1401;217
d;1401;216
d;1400;215
d;1399;212
d;1397;206
d;1398;195
d;1398;197
d;1398;197
d;1397;190
d;1397;187
d;1397;184
d;1397;173
d;1396;168
d;1397;169
d;1397;160
d;1396;163
d;1396;164
d;1395;164
d;1395;153
d;1394;148
d;1394;143
d;1394;136
d;1394;139
d;1394;139
d;1394;134
d;1394;131
d;1394;124
d;1395;118
d;1395;116
d;1395;115
d;1394;114
d;1394;113
d;1394;130
d;1394;119
d;1394;120
d;1393;124
d;1394;122
d;1394;124
d;1394;124
d;1394;121
d;1394;115
d;1394;120
d;1394;117
d;1394;119
d;1394;120
d;1394;117
d;1394;118
d;1394;114
d;1393;120
d;1393;118
d;1393;117
d;1392;111
d;1391;110
d;1391;110
d;1390;106
d;1389;103
d;1388;109
d;1387;103
d;1386;97
d;1385;102
d;1384;101
d;1382;97
d;1380;95
d;1379;88
d;1378;75
d;1366;82
d;1364;77
d;1363;72
d;1361;68
d;1317;67
d;1261;64
d;1194;60
e;1612521755.568655;2240
s;1612521756.442310;2240
d;734;118
d;732;115
d;732;85
d;732;82
d;732;81
d;732;76
d;732;64
e;1612521756.513048;2240
s;1612521756.667346;2240
d;750;90
d;748;151
d;742;167
d;740;146
d;722;227
d;683;463
d;660;995
d;658;1866
d;664;2509
d;671;11261
d;680;10528
d;692;3955
d;699;5913
d;710;4265
d;722;5204
d;736;2114
d;745;5400
d;754;10750
d;766;3677
d;778;5051
d;790;5477
d;802;4943
d;816;4472
d;829;4014
d;841;3210
d;853;2549
d;864;10082
d;877;5351
d;900;2049
d;916;7320
d;928;10976
d;937;12252
d;950;6342
d;953;314
e;1612521756.997348;2240
s;1612521761.626487;2240
d;2296;90
d;2297;119
d;2297;152
d;2301;205
d;2305;242
d;2306;272
d;2307;294
d;2307;313
d;2304;336
d;2304;381
d;2302;424
d;2300;453
d;2297;470
d;2296;484
d;2294;517
d;2292;557
d;2289;618
d;2288;675
d;2285;723
d;2283;734
d;2282;771
d;2279;811
d;2277;866
d;2275;919
d;2272;951
d;2270;984
d;2267;1006
d;2265;1061
d;2264;1122
d;2263;1194
d;2260;1238
d;2258;1256
d;2256;1260
d;2254;1276
d;2252;1341
d;2249;1377
d;2247;1403
d;2245;1451
d;2244;1488
d;2242;1508
d;2240;1459
d;2239;1429
d;2237;1426
d;2235;1496
d;2233;1525
d;2232;1490
d;2231;1452
d;2229;1495
d;2227;1519
d;2225;1519
d;2223;1501
d;2222;1484
d;2220;1512
d;2218;1542
d;2216;1565
d;2215;1544
d;2214;1538
d;2213;1505
d;2211;1494
d;2209;1532
d;2208;1564
d;2206;1503
d;2205;1474
d;2203;1506
d;2201;1589
d;2199;1627
d;2197;1595
d;2196;1527
d;2194;1480
d;2192;1461
d;2190;1447
d;2188;1387
d;2187;1317
d;2185;1259
d;2184;1269
d;2182;1284
d;2181;1271
d;2179;1230
d;2178;1185
d;2176;1123
d;2174;1117
d;2173;1122
d;2171;1144
d;2169;1115
d;2168;1072
d;2166;1007
d;2165;955
d;2164;926
d;2162;872
d;2163;789
d;2160;706
d;2159;674
d;2158;702
d;2156;705
d;2154;714
d;2153;676
d;2152;628
d;2149;594
d;2148;563
d;2148;534
d;2147;491
d;2147;454
d;2145;407
d;2145;376
d;2147;329
d;2147;293
d;2146;263
d;2145;232
d;2145;203
d;2146;195
d;2146;187
d;2147;179
d;2147;163
d;2147;162
d;2146;159
d;2147;157
d;2147;154
d;2147;150
d;2146;135
d;2146;143
d;2146;137
d;2146;134
d;2146;129
d;2145;122
d;2145;121
d;2144;118
d;2144;116
d;2143;111
d;2143;114
d;2143;104
d;2143;104
d;2143;96
d;2143;98
d;2142;101
d;2142;107
d;2142;97
d;2142;99
d;2141;96
d;2141;96
d;2140;104
d;2140;104
d;2139;103
d;2138;94
d;2138;85
d;2138;88
d;2138;81
d;2138;81
d;2138;79
d;2138;77
d;2138;73
d;2138;74
d;2137;74
d;2138;71
d;2127;66
d;2128;65
d;2128;69
d;2128;66
d;2129;60
d;2129;65
e;1612521763.228073;2240
s;1612521778.560359;2240
d;2104;72
d;2112;78
d;2121;110
d;2129;144
d;2166;195
d;2210;249
d;2241;288
d;2262;350
d;2271;401
d;2276;432
d;2277;474
d;2277;487
d;2275;504
d;2273;535
d;2271;581
d;2271;613
d;2269;675
d;2268;722
d;2265;749
d;2263;765
d;2261;798
d;2260;806
d;2258;849
d;2256;908
d;2255;1019
d;2253;1147
d;2251;1203
d;2250;1219
d;2247;1226
d;2245;1229
d;2243;1280
d;2241;1278
d;2239;1279
d;2237;1295
d;2235;1359
d;2231;1441
d;2224;1471
d;2030;1285
d;345;5116
d;262;5037
d;256;5913
d;256;8571
d;257;10303
d;258;9675
d;258;8946
d;257;9133
d;256;9390
d;256;9453
d;256;9471
d;256;9539
d;256;9643
d;256;9878
d;256;10058
d;256;10124
d;257;10102
d;257;10076
d;258;10447
d;259;10312
d;259;9089
d;258;7429
d;256;7423
d;255;5798
d;254;6776
d;255;10264
d;259;14631
d;264;16482
d;271;16892
d;278;16920
d;286;16231
d;295;14575
d;305;12901
d;315;11416
d;326;10218
d;337;9445
d;348;8846
d;360;8185
d;371;7603
d;383;6881
d;395;6380
d;407;6098
d;419;5805
d;432;5387
d;444;5001
d;457;4627
d;471;4171
d;484;3677
d;499;3116
d;515;2447
d;534;1706
d;559;1028
d;812;455
d;1264;242
d;1507;214
d;1687;221
d;1821;229
d;1904;221
d;1954;206
d;1990;204
d;2009;186
d;2023;179
d;2032;172
d;2037;159
d;2039;145
d;2041;131
d;2045;103
d;2026;87
d;1966;123
d;1657;209
d;1344;258
d;1156;258
d;1045;251
d;982;232
d;941;229
d;907;255
d;885;288
d;875;250
d;872;215
d;871;198
d;870;183
d;870;169
d;869;167
d;870;145
d;870;149
d;870;135
d;870;135
d;870;136
d;870;139
d;871;145
d;872;161
d;875;190
d;876;208
d;873;234
d;865;281
d;854;329
d;852;296
d;851;258
d;851;220
d;851;186
d;854;207
d;857;233
d;863;223
d;872;203
d;883;182
d;887;160
d;893;162
d;898;159
d;901;151
d;905;129
d;908;146
d;919;185
d;936;238
d;958;311
d;978;338
d;999;367
d;1019;355
d;1030;302
d;1039;241
d;1043;172
d;1043;106
d;1033;66
e;1612521780.182047;2240
s;1612521780.208552;2240
d;2106;81
d;2105;82
d;2104;91
d;2102;83
d;2101;87
d;2099;84
d;2098;78
d;2097;70
d;2095;67
d;2094;63
e;1612521780.306786;2240
s;1612521780.556090;2240
d;239;86
d;237;180
d;237;246
d;235;176
d;234;175
d;231;210
d;229;217
d;229;353
d;230;229
d;229;209
d;228;208
d;229;191
d;230;181
d;230;175
d;230;164
d;230;162
d;230;163
d;229;173
d;229;166
d;229;155
d;228;137
d;228;133
d;228;134
d;228;127
d;228;121
d;228;164
d;231;257
d;231;191
d;231;108
d;230;119
d;230;154
d;230;164
d;232;245
d;249;1199
d;252;358
d;257;631
d;269;1503
d;280;1645
d;290;1347
d;302;1155
d;311;773
d;317;348
d;322;237
d;330;237
d;339;222
d;351;228
d;360;195
d;362;150
d;365;128
d;369;118
d;373;106
d;379;80
d;386;71
d;394;82
d;401;91
d;409;100
d;422;72
e;1612521781.139471;2240
s;1612521781.298508;2240
d;901;158
d;893;250
d;892;288
d;886;392
d;878;531
d;875;687
d;877;908
d;880;1040
d;883;1025
d;882;996
d;880;984
d;881;981
d;880;975
d;880;977
d;880;993
d;879;1004
d;880;1015
d;881;1008
d;880;986
d;879;965
d;880;949
d;882;930
d;883;861
d;887;710
d;890;539
d;894;405
d;895;309
d;894;258
d;893;267
d;878;533
d;862;1296
d;868;1594
d;877;2200
d;887;4974
d;896;6962
d;909;7837
d;922;13587
d;935;11299
d;949;5082
d;970;1136
d;987;587
d;1003;496
d;1017;447
d;1032;421
d;1044;393
d;1058;404
d;1073;409
d;1088;407
d;1104;439
d;1124;638
d;1144;1380
d;1158;3189
d;1170;3996
d;1180;3744
d;1191;3373
d;1205;2653
d;1218;1100
d;1207;104
e;1612521781.876909;2240
s;1612521783.857194;2240
d;975;200
d;755;360
d;629;470
d;581;620
d;571;606
d;573;228
d;574;130
d;576;75
e;1612521783.929083;2240
s;1612521784.093853;2240
d;590;215
d;579;321
d;562;630
d;561;610
d;562;741
d;567;343
d;569;177
d;570;185
d;563;638
d;559;1906
d;562;10794
d;570;9537
d;581;13650
d;591;7855
d;602;7106
d;613;4222
d;627;1830
d;641;433
d;651;209
d;657;167
d;660;145
d;663;132
d;668;118
d;673;109
d;678;105
d;684;110
d;690;129
d;743;294
d;797;708
d;821;878
d;834;870
d;844;762
d;852;404
e;1612521784.433423;2240
s;1612521785.743059;2240
d;889;197
d;887;284
d;886;323
d;886;401
d;890;337
d;891;276
d;890;261
d;888;276
d;889;264
d;891;246
d;892;241
d;892;233
d;891;238
d;891;247
d;890;254
d;890;240
d;890;243
d;889;247
d;889;245
d;891;241
d;892;227
d;892;215
d;890;228
d;886;295
d;883;381
d;886;357
d;887;367
d;888;351
d;885;344
d;884;441
d;882;602
d;885;656
d;891;1023
d;894;2756
d;902;5692
d;913;9688
d;924;11756
d;937;8184
d;951;2822
d;963;581
d;973;287
d;983;262
d;993;247
d;1005;233
d;1015;225
d;1027;216
d;1040;213
d;1052;208
d;1065;216
d;1087;292
d;1116;384
d;1131;362
d;1141;297
d;1146;237
d;1150;196
d;1140;69
e;1612521786.298000;2240
s;1612521786.674902;2240
d;1037;209
d;872;299
d;767;347
d;691;602
d;667;696
d;656;903
d;654;1293
d;657;1434
d;657;1360
d;657;1340
d;656;1355
d;656;1377
d;656;1396
d;657;1404
d;656;1420
d;657;1424
d;657;1440
d;658;1439
d;660;1393
d;660;1286
d;663;983
d;670;563
d;675;298
d;675;358
d;670;589
d;663;597
d;659;900
d;662;1301
d;663;1854
d;663;2801
d;668;3231
d;676;4867
d;684;9032
d;696;6190
d;709;6336
d;721;3238
d;735;2959
d;750;1006
d;765;919
d;780;877
d;795;833
d;811;783
d;825;719
d;839;669
d;853;626
d;865;577
d;878;529
d;891;474
d;899;385
d;907;295
d;910;203
d;910;121
d;910;63
e;1612521787.213235;2240
s;1612521788.566118;2240
d;841;281
d;827;342
d;820;371
d;818;271
d;813;373
d;806;468
d;799;649
d;797;866
d;798;993
d;799;1075
d;799;1119
d;798;1148
d;800;1169
d;799;1197
d;798;1215
d;799;1235
d;798;1249
d;799;1247
d;799;1244
d;800;1200
d;803;1033
d;808;729
d;810;467
d;807;378
d;805;420
d;798;653
d;796;928
d;799;1296
d;805;1415
d;809;1444
d;813;1609
d;818;2025
d;827;2374
d;839;2378
d;853;2015
d;868;1491
d;883;1249
d;898;1127
d;913;1046
d;929;976
d;944;915
d;961;855
d;978;794
d;994;745
d;1011;710
d;1031;782
d;1050;833
d;1066;732
d;1080;600
d;1085;319
d;1085;110
e;1612521789.087704;2240
s;1612521790.006262;2240
d;220;1012
d;234;1163
d;232;1358
d;230;871
d;220;1108
d;216;2007
d;218;1879
d;219;1734
d;219;1664
d;219;1496
d;219;1303
d;219;1171
d;219;1074
d;218;1021
d;218;1070
d;219;866
d;218;827
d;218;862
d;217;921
d;215;975
d;215;1046
d;224;1075
d;234;1383
d;229;1669
d;228;816
d;220;753
d;219;1108
d;222;1273
d;228;2160
d;233;4857
d;242;14597
d;252;15332
d;265;7984
d;276;8076
d;288;7935
d;303;3640
d;316;2193
d;328;1897
d;343;1466
d;357;1175
d;371;941
d;386;811
d;400;695
d;416;589
d;435;575
d;458;947
d;474;4716
d;488;9700
d;507;3282
d;521;7424
d;541;2580
e;1612521790.533619;2240
s;1612521792.833282;2240
d;825;149
d;827;217
d;828;304
d;820;462
d;814;641
d;813;846
d;816;1070
d;817;1129
d;817;1109
d;816;1134
d;816;1159
d;815;1178
d;816;1203
d;815;1219
d;816;1225
d;817;1215
d;819;1184
d;820;1090
d;825;895
d;830;628
d;832;420
d;830;382
d;820;573
d;816;846
d;820;1217
d;829;1720
d;839;2022
d;851;2043
d;864;1907
d;877;2110
d;892;3206
d;905;4260
d;918;4816
d;931;5447
d;945;5182
d;960;4689
d;975;4138
d;989;3394
d;1003;2572
d;1018;1991
d;1034;1172
d;1047;782
d;1057;621
d;1065;456
d;1069;303
d;1068;156
d;1057;68
e;1612521793.315072;2240
s;1612521794.887800;2240
d;893;187
d;894;283
d;896;232
d;938;526
d;264;5780
d;228;10642
d;224;12853
d;223;16600
d;225;17251
d;225;12915
d;224;11394
d;223;11674
d;222;11892
d;221;12099
d;221;12357
d;221;12530
d;221;12780
d;221;12863
d;221;12860
d;222;12903
d;222;12868
d;223;12851
d;224;12006
d;224;10894
d;223;9451
d;222;8848
d;223;13213
d;227;16811
d;231;14549
d;238;2789
d;247;2974
d;257;2816
d;269;2464
d;284;4604
d;297;13064
d;310;11496
d;324;10329
d;338;9311
d;352;8502
d;367;7753
d;382;6919
d;397;6335
d;413;5873
d;429;5346
d;445;4864
d;462;4458
d;478;3642
d;930;3829
d;1155;3749
d;1176;4056
d;1190;3685
d;1202;3523
e;1612521795.409920;2240
s;1612521798.191541;2240
d;887;142
d;887;145
d;887;137
d;886;151
d;886;139
d;886;127
d;886;118
d;886;118
d;886;122
d;886;115
d;886;92
d;891;131
d;226;2721
d;200;10571
d;199;14388
d;201;15073
d;201;13203
d;200;13083
d;199;13391
d;199;13800
d;198;14108
d;198;14237
d;197;14271
d;197;14283
d;197;14616
d;197;14891
d;198;14973
d;198;15080
d;198;15210
d;199;14701
d;199;12344
d;196;13484
d;196;15799
d;199;15122
d;205;14318
d;214;14010
d;227;13686
d;240;13455
d;254;13024
d;269;12441
d;287;13554
d;304;11266
d;320;16354
d;332;5705
d;343;2419
d;364;9753
d;381;8564
d;396;6082
d;413;3625
d;420;5666
d;434;5176
d;449;4761
d;465;4084
d;480;2668
d;498;1105
d;532;134
e;1612521798.756497;2240
s;1612521807.607033;2240
d;1819;800
d;1662;1732
d;1636;3134
d;1618;4695
d;1602;6341
d;1586;7286
d;1571;7053
d;1556;6055
d;1541;4720
d;1525;3104
d;1509;1482
d;1494;728
d;1480;545
d;1466;515
d;1452;486
d;1440;418
d;1427;338
d;1416;266
d;1407;194
d;1405;133
d;1403;117
d;1402;130
d;1401;168
d;1401;217
d;1403;246
d;1402;266
d;1401;263
d;1399;288
d;1399;282
d;1398;276
d;1397;277
d;1397;288
d;1397;289
d;1396;271
d;1392;240
d;1388;187
d;1386;132
d;1384;105
d;1382;84
d;1379;69
d;1366;70
e;1612521808.032977;2240
s;1612521808.251141;2240
d;814;208
d;813;213
d;813;301
d;812;242
d;813;230
d;811;246
d;810;237
d;810;218
d;810;213
d;811;212
d;808;225
d;809;221
d;809;228
d;810;220
d;810;221
d;808;235
d;805;230
d;805;218
d;805;189
d;806;236
d;791;546
d;759;2707
d;752;11491
d;760;2966
d;770;6214
d;783;10495
d;796;8054
d;807;9040
d;819;10131
d;832;7477
d;841;6772
d;848;8010
d;859;4567
d;877;3731
d;889;712
d;901;557
d;914;480
d;930;432
d;948;471
d;973;617
d;988;555
d;1008;1632
d;1022;6576
d;1036;8284
d;1051;6179
d;1064;2704
d;1075;3109
d;1088;2626
d;1104;3740
d;1092;68
e;1612521808.758208;2240
s;1612521820.008100;2240
d;1699;1149
d;1654;2065
d;1635;3216
d;1619;4412
d;1604;5488
d;1588;5927
d;1574;5221
d;1559;4405
d;1544;3154
d;1529;1800
d;1514;719
d;1503;286
d;1500;158
d;1497;122
d;1493;117
d;1484;71
e;1612521820.178219;2240
s;1612521820.195489;2240
d;1318;74
d;1319;65
d;1318;62
e;1612521820.238362;2240
s;1612521820.399610;2240
d;1371;89
d;1370;76
d;1367;77
e;1612521820.429839;2240
s;1612521820.913669;2240
d;2120;319
d;2246;559
d;2275;632
d;2269;594
d;2253;537
d;2189;318
d;1856;763
d;1704;1377
d;1673;2142
d;1652;2828
d;1636;3573
d;1621;4071
d;1607;3762
d;1592;3258
d;1576;2748
d;1561;2033
d;1546;1443
d;1532;764
d;1519;607
d;1505;585
d;1494;612
d;1483;597
d;1472;530
d;1461;455
d;1450;374
d;1442;284
d;1435;221
d;1433;175
d;1432;170
d;1435;212
d;1440;254
d;1443;304
d;1444;335
d;1442;362
d;1442;366
d;1440;361
d;1440;354
d;1439;358
d;1440;358
d;1439;359
d;1439;365
d;1438;339
d;1433;291
d;1430;251
d;1426;206
d;1424;176
d;1424;161
d;1423;125
d;1422;112
d;1421;99
d;1418;80
e;1612521821.427669;2240
s;1612521823.772886;2240
d;1661;742
d;1636;1487
d;1620;2366
d;1604;3396
d;1589;4497
d;1575;4985
d;1562;4863
d;1549;4130
d;1535;3410
d;1521;2227
d;1505;1140
d;1493;413
d;1482;251
d;1474;201
d;1468;171
d;1465;134
d;1460;93
d;1453;66
e;1612521823.964421;2240
s;1612521825.208844;2240
d;2248;187
d;2238;501
d;2220;818
d;2203;1190
d;2188;1579
d;2175;1909
d;2162;1925
d;2150;1993
d;2138;1879
d;2125;1729
d;2113;1379
d;2101;1087
d;2090;801
d;2079;545
d;2073;321
d;2068;241
d;2063;204
d;2060;172
d;2057;165
d;2055;155
d;2054;138
d;2053;111
d;2053;104
d;2053;95
d;2053;87
d;2053;92
d;2052;97
d;2052;100
d;2052;100
d;2051;90
d;2050;86
d;2050;88
d;2050;70
d;2050;60
e;1612521825.547259;2240
s;1612521825.882381;2240
d;1707;1002
d;1626;1870
d;1605;3027
d;1588;4593
d;1573;6324
d;1558;7224
d;1542;6931
d;1527;6289
d;1513;5198
d;1498;3611
d;1481;1214
d;1468;343
d;1464;158
d;1462;135
d;1458;100
d;1450;60
e;1612521826.042078;2240
s;1612521826.059437;2240
d;1084;81
d;1098;92
d;1110;92
d;1119;69
e;1612521826.092691;2240
s;1612521826.245752;2240
d;1345;101
d;1345;101
d;1343;83
d;1340;62
e;1612521826.277543;2240
s;1612521834.923135;2240
d;2058;255
d;2198;555
d;2236;780
d;2231;1117
d;2219;1350
d;2207;1705
d;2195;1923
d;2184;2038
d;2174;2049
d;2162;2144
d;2151;1979
d;2139;1783
d;2127;1527
d;2116;1129
d;2106;853
d;2098;488
d;2095;227
d;2094;171
d;2094;114
d;2093;104
d;2092;83
d;2091;66
e;1612521835.135256;2240
s;1612521837.426249;2240
d;782;190
d;783;260
d;784;304
d;780;372
d;769;520
d;763;717
d;762;996
d;764;1104
d;763;1097
d;763;1106
d;763;1124
d;763;1135
d;762;1140
d;763;1148
d;763;1142
d;763;1135
d;764;1124
d;765;1061
d;769;830
d;774;521
d;777;375
d;776;403
d;773;460
d;767;579
d;768;809
d;772;988
d;778;1083
d;781;1276
d;787;1704
d;797;1785
d;809;2124
d;820;5202
d;832;10636
d;847;11948
d;863;6199
d;885;1443
d;903;733
d;917;703
d;935;667
d;951;626
d;968;625
d;988;819
d;1006;1696
d;1022;1707
d;1039;1408
d;1057;427
d;1065;86
d;1078;66
d;1091;66
d;1092;63
e;1612521837.932414;2240
s;1612521838.017302;2240
d;1581;66
d;1572;77
d;1564;89
d;1556;82
d;1547;75
d;1548;67
e;1612521838.070101;2240
s;1612521841.271130;2240
d;1964;552
d;1734;1052
d;1700;1805
d;1682;2827
d;1667;3999
d;1652;5206
d;1638;5842
d;1625;5627
d;1613;5164
d;1600;4405
d;1587;3090
d;1573;1926
d;1561;737
d;1551;314
d;1550;140
d;1547;121
d;1544;107
d;1541;93
d;1536;71
d;1533;85
d;1529;89
d;1524;82
d;1520;68
e;1612521841.504436;2240
s;1612521841.675597;2240
d;1458;97
d;1458;79
d;1456;77
e;1612521841.692760;2240
s;1612521855.054689;2240
d;887;137
d;880;196
d;872;226
d;868;227
d;867;197
d;868;141
d;869;88
d;870;71
d;861;61
e;1612521855.147757;2240
s;1612521855.298362;2240
d;874;97
d;872;161
d;854;339
d;815;1097
d;805;2617
d;809;2637
d;818;2816
d;824;5787
d;832;9612
d;843;5651
d;852;14345
d;862;16647
d;873;7150
d;881;6899
d;885;3984
d;895;1944
d;906;518
d;911;176
d;914;154
d;917;158
d;926;171
d;937;184
d;948;194
d;957;186
d;968;198
d;979;202
d;986;189
d;994;187
d;1001;190
d;1028;322
d;1058;414
d;1078;417
d;1090;398
d;1097;344
d;1105;341
d;1117;333
d;1117;112
e;1612521855.683894;2240
s;1612521864.221886;2240
d;2040;327
d;2155;577
d;2180;978
d;2167;1451
d;2150;2069
d;2135;2365
d;2121;2417
d;2107;2350
d;2093;2206
d;2079;1839
d;2064;1512
d;2050;1065
d;2043;438
d;2042;205
d;2041;154
d;2040;110
d;2039;99
d;2037;90
e;1612521864.403304;2240
s;1612521866.919880;2240
d;2277;365
d;2292;566
d;2285;786
d;2271;1076
d;2257;1299
d;2244;1421
d;2233;1463
d;2221;1484
d;2210;1423
d;2198;1356
d;2186;1087
d;2174;873
d;2165;591
d;2160;316
d;2159;133
d;2160;88
d;2159;74
e;1612521867.094590;2240
s;1612521869.057998;2240
d;783;103
d;782;116
d;781;126
d;780;127
d;779;122
d;778;110
d;777;114
d;777;103
d;776;112
d;776;113
d;775;114
d;774;109
d;774;106
d;773;101
d;773;100
d;773;101
d;772;92
d;772;113
d;763;208
d;746;351
d;733;871
d;737;1700
d;750;1971
d;767;1427
d;784;767
d;801;497
d;818;367
d;833;287
d;847;244
d;861;219
d;874;193
d;885;182
d;888;152
d;892;114
d;896;80
e;1612521869.396825;2240
s;1612521870.872272;2240
d;2204;435
d;2236;649
d;2236;911
d;2225;1193
d;2212;1437
d;2201;1689
d;2188;1936
d;2178;2016
d;2168;2089
d;2158;2109
d;2146;1883
d;2134;1682
d;2123;1517
d;2112;1161
d;2102;889
d;2093;566
d;2094;195
d;2093;145
d;2094;64
e;1612521871.064078;2240
s;1612521874.464613;2240
d;2161;482
d;2141;675
d;2124;990
d;2106;1346
d;2091;1686
d;2075;2001
d;2060;2380
d;2045;2489
d;2032;2746
d;2018;2596
d;2003;2375
d;1989;2290
d;1975;2032
d;1961;1507
d;1947;1279
d;1937;724
d;1929;443
d;1923;292
d;1917;237
d;1913;181
d;1911;155
d;1910;120
d;1908;73
e;1612521874.696809;2240
s;1612521891.962381;2240
d;837;158
d;840;220
d;846;252
d;843;372
d;838;543
d;838;730
d;840;959
d;843;1008
d;843;964
d;842;971
d;841;994
d;842;1000
d;842;1019
d;842;1028
d;842;1021
d;842;1018
d;844;1014
d;846;938
d;849;741
d;853;503
d;851;369
d;841;470
d;835;721
d;838;1114
d;846;2230
d;855;4976
d;868;6818
d;881;5599
d;897;2785
d;916;2268
d;933;4000
d;948;5263
d;963;6806
d;978;6975
d;993;6424
d;1009;5388
d;1024;3951
d;1039;2803
d;1054;1874
d;1071;1166
d;1085;835
d;1099;839
d;1113;772
d;1122;578
d;1124;212
e;1612521892.428478;2240
s;1612521893.516997;2240
d;331;1642
d;250;6381
d;246;6105
d;245;9145
d;246;11134
d;248;9929
d;247;9457
d;246;9599
d;245;9458
d;244;9869
d;244;10324
d;244;10651
d;244;11032
d;245;10947
d;245;11113
d;246;10652
d;245;8731
d;243;9818
d;244;6455
d;243;7893
d;245;12992
d;251;15626
d;259;16697
d;270;16047
d;284;14163
d;298;12829
d;313;12857
d;331;15145
d;348;10484
d;365;10602
d;382;10476
d;399;8679
d;417;8161
d;434;9083
d;453;4220
d;478;7758
d;492;10667
d;508;5781
d;524;4933
d;547;529
e;1612521893.913436;2240
s;1612521895.081533;2240
d;1254;222
d;686;434
d;496;350
d;487;104
d;478;71
e;1612521895.131837;2240
s;1612521895.291754;2240
d;328;437
d;327;288
d;327;82
e;1612521895.320397;2240
s;1612521895.359711;2240
d;326;231
d;345;1200
d;354;6095
d;370;2779
d;387;1058
d;388;146
d;391;90
d;395;78
d;400;91
d;406;91
d;413;63
e;1612521895.473288;2240
s;1612521895.494120;2240
d;614;109
d;610;375
d;607;1502
d;624;1402
d;650;142
e;1612521895.549690;2240
s;1612521898.335146;2240
d;254;244
d;262;316
d;267;298
d;264;253
d;259;337
d;256;236
d;254;213
d;252;222
d;251;233
d;250;236
d;249;249
d;250;322
d;250;264
d;249;255
d;249;261
d;249;259
d;250;256
d;251;261
d;254;461
d;269;600
d;269;380
d;261;378
d;259;402
d;260;400
d;263;819
d;271;4341
d;282;9993
d;296;2789
d;306;895
d;321;688
d;337;582
d;352;506
d;365;394
d;381;338
d;397;329
d;412;273
d;425;236
d;437;197
d;445;166
d;448;148
d;453;136
d;459;102
e;1612521898.768280;2240
s;1612521901.328622;2240
d;418;665
d;296;753
d;266;1179
d;267;928
d;265;834
d;264;1216
d;265;978
d;266;856
d;264;706
d;264;592
d;264;512
d;263;466
d;264;422
d;265;412
d;265;423
d;265;387
d;262;399
d;260;489
d;265;1244
d;269;1017
d;267;1243
d;268;921
d;268;589
d;268;220
d;266;168
d;266;282
d;280;5476
d;293;13666
d;308;7392
d;329;4086
d;333;459
d;342;347
d;355;308
d;368;292
d;382;319
d;398;303
d;415;287
d;432;289
d;449;292
d;472;347
d;511;559
d;540;6585
d;558;4867
d;572;4821
d;601;2407
e;1612521901.780547;2240
s;1612521903.252401;2240
d;1291;268
d;799;305
d;495;363
d;354;342
d;287;343
d;244;532
d;233;354
d;228;281
d;225;269
d;225;275
d;224;283
d;224;299
d;222;326
d;223;344
d;223;289
d;225;288
d;224;264
d;223;251
d;221;372
d;225;394
d;241;546
d;246;502
d;226;639
d;223;693
d;229;584
d;238;744
d;248;916
d;256;2171
d;268;6061
d;282;2477
d;295;1186
d;312;1515
d;332;4315
d;346;7665
d;362;9283
d;377;9108
d;394;8536
d;410;7203
d;427;5662
d;444;3525
d;463;3075
d;469;207
d;472;135
d;480;81
e;1612521903.692881;2240
s;1612521907.266412;2240
d;1802;764
d;1691;1613
d;1671;2449
d;1658;3426
d;1645;4482
d;1633;4986
d;1622;5068
d;1612;5129
d;1601;4645
d;1590;3529
d;1578;2502
d;1566;1754
d;1556;624
d;1546;329
d;1539;214
d;1533;185
d;1530;161
d;1528;140
d;1524;112
d;1520;74
e;1612521907.465301;2240
s;1612521907.487368;2240
d;1730;71
d;1714;78
d;1700;82
d;1685;95
d;1672;75
d;1658;73
d;1644;65
e;1612521907.550682;2240
s;1612521907.764673;2240
d;1567;77
d;1559;83
d;1551;76
d;1543;76
d;1534;64
d;1524;63
d;1513;60
e;1612521907.831353;2240
s;1612521909.668769;2240
d;2234;271
d;2227;452
d;2218;648
d;2206;916
d;2195;1099
d;2185;1351
d;2175;1625
d;2165;1767
d;2157;1847
d;2149;1916
d;2140;1912
d;2132;1964
d;2124;1919
d;2115;1887
d;2106;1725
d;2097;1478
d;2088;1246
d;2079;946
d;2072;709
d;2067;439
d;2065;249
d;2060;242
d;2059;177
d;2059;100
d;2058;87
d;2058;81
d;2058;68
d;2057;82
e;1612521909.954481;2240
s;1612521911.961919;2240
d;2206;275
d;1840;546
d;1680;1055
d;1660;1669
d;1652;2197
d;1644;2659
d;1637;3267
d;1630;3790
d;1624;4257
d;1617;5044
d;1610;6035
d;1605;6703
d;1598;7190
d;1592;7802
d;1586;8016
d;1580;8342
d;1575;8233
d;1569;7518
d;1563;7462
d;1558;6958
d;1552;6363
d;1546;6055
d;1540;5788
d;1534;4675
d;1528;4022
d;1522;3653
d;1516;2811
d;1510;2257
d;1505;1596
d;1497;1216
d;1491;707
d;1484;561
d;1479;509
d;1473;503
d;1467;479
d;1461;495
d;1457;466
d;1449;434
d;1446;413
d;1441;373
d;1436;320
d;1429;271
d;1424;260
d;1420;191
d;1419;128
d;1417;105
d;1414;86
d;1411;77
d;1408;76
d;1405;71
d;1401;67
d;1399;61
e;1612521912.485765;2240
s;1612521912.588091;2240
d;1318;63
d;1319;62
e;1612521912.610828;2240
s;1612521912.626826;2240
d;1120;62
d;1130;62
d;1139;61
d;1148;61
d;1157;65
d;1165;60
d;1174;62
d;1182;62
d;1189;61
d;1196;63
d;1202;66
d;1209;70
d;1216;68
d;1223;64
d;1229;66
d;1234;64
e;1612521912.789989;2240
s;1612521912.818098;2240
d;1314;64
d;1315;63
e;1612521912.839271;2240
s;1612521912.867991;2240
d;1351;63
d;1354;63
d;1358;60
d;1366;60
d;1364;60
d;1360;60
e;1612521912.930062;2240
s;1612521912.992615;2240
d;1520;67
e;1612521913.003501;2240
s;1612521913.036407;2240
d;1323;65
d;1323;63
d;1322;66
e;1612521913.072054;2240
s;1612521914.280305;2240
d;547;200
d;539;308
d;533;404
d;529;346
d;526;320
d;516;477
d;513;684
d;513;725
d;514;696
d;513;664
d;513;656
d;512;656
d;512;649
d;512;647
d;511;650
d;512;651
d;509;651
d;510;648
d;511;632
d;510;613
d;511;564
d;514;375
d;519;262
d;524;284
d;524;371
d;523;407
d;525;283
d;521;403
d;515;757
d;519;1197
d;523;1890
d;530;2737
d;545;1476
d;558;918
d;570;809
d;583;753
d;598;714
d;611;668
d;625;628
d;640;592
d;654;537
d;669;489
d;683;446
d;700;420
d;716;375
d;711;170
d;891;199
d;1362;469
d;1531;547
d;1574;456
d;1587;427
d;1589;446
d;1588;436
d;1587;432
d;1581;420
d;1576;389
d;1575;395
d;1569;456
d;1565;477
d;1561;420
d;1557;354
d;1553;410
d;1549;390
d;1546;446
d;1541;289
d;1536;275
d;1532;273
d;1531;259
d;1528;255
d;1522;245
d;1518;210
d;1517;141
d;1516;139
d;1514;135
d;1513;124
d;1511;155
d;1506;193
d;1505;149
d;1503;133
d;1502;120
d;1500;84
d;1497;85
d;1495;91
d;1492;86
d;1490;84
d;1487;85
d;1484;99
d;1482;91
d;1479;90
d;1476;82
d;1473;92
d;1471;85
d;1467;82
d;1464;84
d;1461;82
d;1458;68
d;1455;71
d;1451;79
d;1449;78
d;1445;76
d;1451;70
e;1612521915.297844;2240
s;1612521915.397749;2240
d;1136;63
d;1148;63
d;1158;64
d;1169;62
d;1182;67
d;1199;71
d;1207;67
d;1216;78
d;1225;91
d;1235;98
d;1243;89
d;1251;97
d;1258;128
d;1266;148
d;1274;145
d;1280;124
d;1286;105
d;1292;107
d;1297;112
d;1302;125
d;1307;134
d;1312;136
d;1316;125
d;1320;116
d;1324;111
d;1327;106
d;1330;108
d;1334;117
d;1337;117
d;1340;112
d;1342;124
d;1345;125
d;1348;114
d;1349;104
d;1351;87
d;1353;90
d;1354;76
d;1355;74
d;1356;73
d;1357;67
d;1356;66
d;1356;68
d;1344;67
d;1345;62
e;1612521915.829066;2240
s;1612521917.636810;2240
d;1345;60
d;1356;63
e;1612521917.652800;2240
s;1612521917.685464;2240
d;1370;69
d;1370;62
d;1370;68
d;1369;68
d;1368;70
d;1368;73
d;1369;73
d;1369;76
d;1370;75
d;1370;80
d;1371;76
d;1372;79
d;1372;82
d;1374;85
d;1374;83
d;1375;84
d;1376;82
d;1377;82
d;1379;84
d;1381;82
d;1381;81
d;1382;82
d;1383;81
d;1382;91
d;1384;85
d;1384;80
d;1385;81
d;1386;84
d;1387;83
d;1387;82
d;1387;88
d;1388;83
d;1388;80
d;1389;81
d;1389;78
d;1390;86
d;1390;90
d;1390;77
d;1390;80
d;1390;79
d;1389;78
d;1399;81
d;1399;75
d;1399;79
d;1399;78
d;1399;77
d;1398;74
d;1410;68
e;1612521918.168601;2240
s;1612521918.181865;2240
d;578;168
d;550;183
d;545;132
d;540;113
d;535;120
d;524;164
d;520;150
d;516;153
d;513;104
e;1612521918.267456;2240
s;1612521918.528624;2240
d;444;184
d;444;146
d;440;230
d;440;183
d;441;152
d;441;163
d;441;178
d;441;161
d;442;80
e;1612521918.628530;2240
s;1612521918.680822;2240
d;469;331
d;461;1111
d;465;3236
d;473;4535
d;482;4888
d;491;3844
d;500;2227
d;511;1817
d;522;1995
d;528;7858
d;537;8263
d;547;13474
d;556;18025
d;568;9473
d;581;2097
d;589;14183
d;599;11870
d;610;9022
d;621;6078
d;631;3696
d;642;7567
d;657;1574
d;674;327
d;694;496
d;708;703
d;718;627
d;726;464
d;737;313
e;1612521918.965804;2240
s;1612521918.985054;2240
d;2600;75
d;2540;80
d;2482;81
d;2428;80
d;2376;83
d;2326;83
d;2280;76
d;2236;84
d;2193;73
d;2153;81
d;2115;80
d;2079;78
d;2045;84
d;2012;85
d;1982;80
d;1953;76
d;1925;77
d;1899;83
d;1874;84
d;1850;79
d;1828;83
d;1806;82
d;1785;83
d;1766;83
d;1748;80
d;1731;81
d;1717;81
d;1708;88
d;1693;85
d;1678;85
d;1664;88
d;1650;81
d;1638;83
d;1625;86
d;1614;84
d;1603;87
d;1592;81
d;1581;85
d;1572;87
d;1563;86
d;1554;79
d;1546;81
d;1539;85
d;1532;83
d;1526;89
d;1519;83
d;1523;83
d;1518;85
d;1511;85
d;1506;80
d;1500;86
d;1495;78
d;1490;81
d;1485;84
d;1481;82
d;1476;78
d;1471;82
d;1467;81
d;1464;84
d;1461;80
d;1457;85
d;1454;81
d;1451;84
d;1447;85
d;1444;90
d;1453;87
d;1450;84
d;1447;86
d;1445;84
d;1443;85
d;1440;86
d;1438;92
d;1436;84
d;1434;83
d;1432;83
d;1430;80
d;1428;82
d;1427;88
d;1425;86
d;1424;80
d;1422;86
d;1420;82
d;1419;85
d;1418;85
d;1417;78
d;1416;85
d;1415;82
d;1414;76
d;1413;77
d;1412;82
d;1412;81
d;1410;81
d;1409;83
d;1408;79
d;1407;79
d;1406;91
d;1406;80
d;1405;91
d;1404;83
d;1403;79
d;1402;80
d;1401;83
d;1401;78
d;1401;83
d;1401;87
d;1400;82
d;1400;91
d;1399;89
d;1398;86
d;1398;88
d;1398;87
d;1398;79
d;1398;89
d;1397;87
d;1397;84
d;1407;83
d;1405;86
d;1404;91
d;1404;83
d;1403;86
d;1403;91
d;1403;81
d;1402;78
d;1401;81
d;1400;92
d;1400;89
d;1399;78
d;1399;85
d;1398;76
d;1397;82
d;1407;85
d;1406;85
d;1405;79
d;1404;87
d;1404;81
d;1403;81
d;1402;82
d;1402;85
d;1402;82
d;1402;86
d;1401;79
d;1401;81
d;1401;82
d;1400;88
d;1401;83
d;1400;84
d;1400;83
d;1400;78
d;1400;87
d;1399;77
d;1400;92
d;1400;79
d;1399;83
d;1398;81
d;1399;87
d;1398;81
d;1398;91
d;1397;85
d;1398;83
d;1398;82
d;1398;80
d;1397;82
d;1397;77
d;1397;87
d;1397;83
d;1396;82
d;1396;84
d;1396;78
d;1396;85
d;1396;79
d;1395;81
d;1395;83
d;1395;89
d;1395;84
d;1395;81
d;1395;84
d;1396;75
d;1395;80
d;1394;82
d;1394;78
d;1394;86
d;1394;84
d;1394;80
d;1395;81
d;1394;83
d;1393;83
d;1393;80
d;1392;79
d;1392;78
d;1393;83
d;1392;84
d;1392;84
d;1392;83
d;1392;82
d;1392;85
d;1392;85
d;1392;76
d;1392;82
d;1392;82
d;1391;83
d;1392;83
d;1392;76
d;1393;79
d;1394;71
d;1394;84
d;1395;84
d;1395;80
d;1405;77
d;1404;79
d;1404;78
d;1404;79
d;1404;80
d;1403;83
d;1403;81
d;1402;83
d;1402;82
d;1402;82
d;1401;82
d;1401;77
d;1399;86
d;1400;78
d;1399;81
d;1399;82
d;1398;77
d;1398;79
d;1397;84
d;1397;79
d;1397;86
d;1397;77
d;1397;82
d;1398;78
d;1398;80
d;1408;90
d;1407;79
d;1406;79
d;1405;80
d;1405;83
d;1404;82
d;1404;88
d;1403;84
d;1402;80
d;1402;81
d;1400;83
d;1400;78
d;1399;84
d;1399;83
d;1398;84
d;1398;76
d;1398;85
d;1399;81
d;1398;80
d;1397;83
d;1397;89
d;1397;83
d;1397;87
d;1397;76
d;1397;80
d;1396;79
d;1396;80
d;1396;78
d;1397;78
d;1396;87
d;1396;80
d;1399;83
d;1405;81
d;1404;83
d;1403;82
d;1402;80
d;1403;77
d;1402;79
d;1402;80
d;1401;83
d;1401;78
d;1400;83
d;1399;83
d;1398;73
d;1397;78
d;1398;78
d;1408;80
d;1407;82
d;1405;82
d;1405;80
d;1405;80
d;1403;79
d;1404;77
d;1404;75
d;1404;77
d;1403;80
d;1403;69
d;1401;80
d;1400;75
d;1399;78
d;1399;77
d;1398;84
d;1397;82
d;1397;77
d;1396;80
d;1396;83
d;1395;83
d;1395;80
d;1405;80
d;1404;73
d;1403;83
d;1402;83
d;1402;82
d;1402;79
d;1401;76
d;1400;85
d;1399;80
d;1398;81
d;1398;78
d;1397;83
d;1397;86
d;1396;82
d;1395;75
d;1397;79
d;1396;78
d;1397;81
d;1396;85
d;1397;80
d;1397;76
d;1396;83
d;1396;82
d;1396;82
d;1395;82
d;1394;79
d;1394;86
d;1395;79
d;1395;78
d;1396;85
d;1396;86
d;1395;75
d;1394;80
d;1394;77
d;1394;82
d;1394;85
d;1394;82
d;1394;77
d;1394;79
d;1393;83
d;1394;74
d;1395;84
d;1395;83
d;1405;74
d;1404;78
d;1406;82
d;1412;80
d;1410;81
d;1410;77
d;1409;87
d;1408;81
d;1408;80
d;1406;82
d;1405;80
d;1403;82
d;1402;76
d;1402;79
d;1401;76
d;1401;79
d;1400;79
d;1400;90
d;1400;83
d;1400;82
d;1398;80
d;1397;78
d;1397;81
d;1397;75
d;1397;76
d;1397;81
d;1397;77
d;1396;80
d;1406;81
d;1404;83
d;1404;81
d;1403;82
d;1403;79
d;1402;86
d;1401;78
d;1401;85
d;1402;82
d;1401;86
d;1400;79
d;1410;78
d;1410;74
d;1420;80
d;1418;82
d;1417;75
d;1415;84
d;1413;79
d;1412;86
d;1410;80
d;1409;80
d;1408;83
d;1407;77
d;1407;80
d;1406;82
d;1405;81
d;1408;80
d;1414;81
d;1414;82
d;1412;82
d;1411;79
d;1411;80
d;1410;85
d;1409;83
d;1408;81
d;1406;77
d;1406;87
d;1406;81
d;1405;81
d;1403;80
d;1403;79
d;1403;71
d;1402;81
d;1400;80
d;1400;77
d;1401;86
d;1400;77
d;1400;85
d;1399;82
d;1401;77
d;1407;82
d;1424;88
d;1421;83
d;1419;80
d;1418;82
d;1416;88
d;1414;82
d;1414;77
d;1412;81
d;1412;90
d;1411;75
d;1410;79
d;1409;82
d;1408;79
d;1407;85
d;1406;82
d;1405;80
d;1405;83
d;1403;80
d;1402;79
d;1401;82
d;1399;79
d;1409;82
d;1408;81
d;1407;76
d;1407;81
d;1417;82
d;1415;78
d;1414;76
d;1413;86
d;1411;74
d;1409;84
d;1407;83
d;1406;83
d;1404;78
d;1403;81
d;1403;76
d;1402;77
d;1401;80
d;1401;80
d;1401;80
d;1400;84
d;1399;83
d;1399;81
d;1398;75
d;1408;88
d;1417;84
d;1416;78
d;1424;87
d;1423;79
d;1421;83
d;1429;85
d;1427;79
d;1425;81
d;1423;78
d;1421;79
d;1419;79
d;1428;85
d;1426;75
d;1424;77
d;1422;80
d;1420;79
d;1419;76
d;1418;87
d;1417;81
d;1415;79
d;1414;83
d;1412;82
d;1411;81
d;1411;74
d;1409;76
d;1408;82
d;1406;78
d;1406;79
d;1415;77
d;1413;83
d;1412;80
d;1410;86
d;1409;80
d;1409;82
d;1408;72
d;1407;78
d;1406;78
d;1405;82
d;1404;81
d;1402;81
d;1402;80
d;1401;70
d;1399;79
d;1400;80
d;1400;82
d;1399;77
d;1398;77
d;1398;77
d;1397;78
d;1396;79
d;1395;84
d;1395;83
d;1394;81
d;1394;83
d;1393;75
d;1392;82
d;1401;73
d;1415;79
d;1413;81
d;1411;75
d;1410;79
d;1398;79
d;1397;77
d;1396;74
d;1395;81
d;1394;79
d;1394;79
d;1393;83
d;1393;78
d;1422;85
d;1421;79
d;1430;82
d;1427;79
d;1426;80
d;1423;83
d;1421;81
d;1419;79
d;1418;78
d;1417;78
d;1425;73
d;1424;86
d;1422;81
d;1421;76
d;1419;81
d;1418;77
d;1416;75
d;1414;73
d;1413;84
d;1411;78
d;1409;82
d;1407;82
d;1406;78
d;1405;78
d;1404;79
d;1403;75
d;1402;77
d;1401;81
d;1400;75
d;1399;87
d;1399;75
d;1398;79
d;1397;82
d;1396;78
d;1395;71
d;1394;80
d;1394;81
d;1394;76
d;1394;80
d;1394;81
d;1392;79
d;1392;81
d;1391;82
d;1391;81
d;1391;82
d;1390;86
d;1390;82
d;1389;74
d;1389;77
d;1389;83
d;1388;76
d;1388;84
d;1388;83
d;1388;83
d;1387;84
d;1388;79
d;1387;81
d;1387;76
d;1386;89
d;1387;81
d;1386;82
d;1385;71
d;1386;77
d;1385;83
d;1385;75
d;1385;80
d;1386;72
d;1387;76
d;1388;79
d;1387;81
d;1386;84
d;1387;76
d;1386;75
d;1386;76
d;1386;79
d;1386;76
d;1386;80
d;1386;85
d;1385;75
d;1385;88
d;1394;89
d;1394;78
d;1393;84
d;1393;81
d;1392;82
d;1390;83
d;1389;77
d;1388;77
d;1388;81
d;1387;77
d;1387;75
d;1387;81
d;1387;78
d;1387;82
d;1387;83
d;1387;82
d;1394;71
d;1397;88
d;1396;84
d;1395;83
d;1394;81
d;1393;80
d;1402;76
d;1401;82
d;1399;76
d;1399;77
d;1398;87
d;1397;76
d;1397;84
d;1396;81
d;1395;82
d;1395;82
d;1394;83
d;1393;81
d;1393;85
d;1392;81
d;1391;80
d;1391;85
d;1390;79
d;1390;85
d;1390;86
d;1390;83
d;1390;75
d;1389;79
d;1388;89
d;1388;79
d;1387;74
d;1386;80
d;1386;78
d;1386;77
d;1386;82
d;1385;79
d;1385;72
d;1386;85
d;1385;80
d;1385;78
d;1385;82
d;1385;75
d;1384;86
d;1383;76
d;1384;82
d;1383;80
d;1383;81
d;1386;85
d;1393;79
d;1394;77
d;1394;83
d;1393;83
d;1393;82
d;1392;78
d;1392;76
d;1391;82
d;1391;79
d;1390;81
d;1390;77
d;1390;79
d;1389;79
d;1388;81
d;1388;83
d;1388;75
d;1387;83
d;1387;76
d;1387;84
d;1386;78
d;1386;82
d;1386;83
d;1385;77
d;1384;83
d;1384;86
d;1384;82
d;1385;76
d;1386;83
d;1387;75
d;1387;85
d;1388;79
d;1388;79
d;1387;77
d;1387;81
d;1387;77
d;1387;78
d;1387;83
d;1387;79
d;1386;83
d;1387;77
d;1387;73
d;1387;78
d;1388;81
d;1387;82
d;1388;73
d;1388;79
d;1388;81
d;1388;80
d;1388;72
d;1388;76
d;1398;74
d;1397;82
d;1398;80
d;1397;82
d;1395;85
d;1395;78
d;1394;81
d;1394;79
d;1393;78
d;1393;78
d;1393;77
d;1392;76
d;1391;82
d;1390;82
d;1389;84
d;1389;86
d;1390;79
d;1390;80
d;1389;83
d;1389;77
d;1389;80
d;1388;81
d;1388;80
d;1389;74
d;1388;77
d;1388;80
d;1387;82
d;1387;73
d;1387;78
d;1386;74
d;1386;81
d;1386;81
d;1386;80
d;1385;83
d;1385;81
d;1385;81
d;1384;71
d;1384;77
d;1384;81
d;1384;84
d;1383;82
d;1383;77
d;1383;78
d;1383;82
d;1394;84
d;1393;78
d;1393;80
d;1392;79
d;1392;82
d;1391;79
d;1390;82
d;1390;86
d;1390;76
d;1390;79
d;1390;84
d;1390;80
d;1390;85
d;1389;79
d;1389;80
d;1389;79
d;1389;83
d;1389;76
d;1389;84
d;1389;78
d;1405;83
d;1404;82
d;1402;79
d;1401;81
d;1411;82
d;1410;78
d;1409;77
d;1410;84
d;1415;85
d;1413;84
d;1412;81
d;1411;81
d;1409;74
d;1408;87
d;1406;82
d;1406;81
d;1404;84
d;1403;84
d;1403;77
d;1402;77
d;1400;83
d;1400;83
d;1399;84
d;1398;86
d;1397;79
d;1396;77
d;1395;77
d;1393;75
d;1393;75
d;1393;80
d;1393;72
d;1393;82
d;1392;78
d;1401;86
d;1400;79
d;1400;86
d;1399;73
d;1398;76
d;1397;83
d;1397;80
d;1396;74
d;1396;82
d;1396;76
d;1395;79
d;1395;78
d;1394;77
d;1394;81
d;1393;90
d;1392;88
d;1391;81
d;1390;76
d;1390;83
d;1390;80
d;1390;83
d;1389;81
d;1388;80
d;1388;80
d;1387;86
d;1387;84
d;1387;76
d;1386;77
d;1386;82
d;1386;83
d;1385;75
d;1386;81
d;1386;84
d;1386;80
d;1385;84
d;1385;80
d;1385;79
d;1384;72
d;1383;79
d;1394;84
d;1393;77
d;1392;79
d;1392;77
d;1392;77
d;1390;77
d;1390;87
d;1390;88
d;1390;81
d;1389;76
d;1389;80
d;1387;81
d;1387;81
d;1388;76
d;1388;80
d;1386;79
d;1386;83
d;1376;80
d;1376;82
d;1377;77
d;1377;80
d;1378;75
d;1379;84
d;1379;82
d;1380;81
d;1381;80
d;1381;76
d;1382;86
d;1381;79
d;1381;78
d;1380;80
d;1379;74
d;1380;76
d;1380;79
d;1381;78
d;1382;78
d;1382;76
d;1382;76
d;1382;76
d;1382;80
d;1383;83
d;1383;83
d;1383;84
d;1384;81
d;1384;84
d;1384;85
d;1383;70
d;1383;75
d;1383;80
d;1383;81
d;1383;88
d;1384;81
d;1385;81
d;1385;77
d;1385;77
d;1385;75
d;1385;82
d;1385;82
d;1385;75
d;1384;78
d;1384;76
d;1384;77
d;1385;84
d;1385;76
d;1385;79
d;1386;84
d;1386;76
d;1386;82
d;1385;80
d;1385;78
d;1385;81
d;1385;82
d;1386;78
d;1385;87
d;1386;74
d;1386;84
d;1386;82
d;1386;86
d;1386;83
d;1394;82
d;1404;84
d;1403;81
d;1403;81
d;1413;82
d;1412;77
d;1411;78
d;1410;79
d;1408;70
d;1407;81
d;1406;79
d;1405;74
d;1404;75
d;1404;75
d;1403;82
d;1402;82
d;1401;79
d;1401;81
d;1401;78
d;1399;77
d;1399;77
d;1399;82
d;1398;82
d;1398;82
d;1398;77
d;1397;78
d;1395;76
d;1394;86
d;1394;77
d;1394;80
d;1394;80
d;1393;82
d;1393;82
d;1393;89
d;1393;82
d;1392;75
d;1391;78
d;1392;85
d;1391;81
d;1391;80
d;1389;84
d;1389;78
d;1390;80
d;1390;79
d;1391;85
d;1390;85
d;1390;81
d;1389;82
d;1389;86
d;1389;80
d;1390;83
d;1390;76
d;1389;79
d;1389;75
d;1389;78
d;1390;79
d;1390;80
d;1390;86
d;1390;68
d;1389;84
d;1388;80
d;1389;82
d;1389;81
d;1389;78
d;1390;84
d;1400;78
d;1399;88
d;1398;80
d;1398;79
d;1397;75
d;1396;74
d;1396;83
d;1395;78
d;1395;76
d;1396;84
d;1396;78
d;1396;77
d;1396;74
d;1396;73
d;1396;76
d;1396;81
d;1395;77
d;1393;77
d;1393;73
d;1404;78
d;1403;80
d;1404;81
d;1403;70
d;1407;78
d;1422;82
d;1420;75
d;1418;82
d;1417;75
d;1416;75
d;1414;82
d;1412;73
d;1410;77
d;1409;77
d;1419;83
d;1417;83
d;1416;84
d;1415;78
d;1414;84
d;1412;82
d;1410;83
d;1408;81
d;1407;76
d;1408;75
d;1407;78
d;1406;78
d;1405;84
d;1404;79
d;1402;75
d;1401;78
d;1401;81
d;1400;74
d;1399;79
d;1399;79
d;1399;75
d;1400;78
d;1398;79
d;1397;76
d;1397;78
d;1397;83
d;1397;76
d;1395;80
d;1396;79
d;1395;82
d;1395;82
d;1394;88
d;1394;75
d;1394;81
d;1394;82
d;1393;79
d;1393;73
d;1394;77
d;1394;74
d;1394;79
d;1393;71
d;1393;83
d;1393;82
d;1392;75
d;1392;82
d;1393;85
d;1392;83
d;1392;81
d;1391;81
d;1390;78
d;1390;82
d;1390;78
d;1390;79
d;1390;79
d;1390;84
d;1390;77
d;1390;78
d;1391;79
d;1392;77
d;1403;77
d;1420;81
d;1419;74
d;1417;81
d;1415;81
d;1414;79
d;1413;79
d;1412;75
d;1411;79
d;1410;77
d;1409;75
d;1409;82
d;1408;80
d;1407;77
d;1407;81
d;1406;80
d;1405;86
d;1406;82
d;1406;72
d;1413;81
d;1419;82
d;1418;79
d;1416;82
d;1416;78
d;1415;75
d;1414;79
d;1413;85
d;1413;78
d;1412;79
d;1411;79
d;1410;87
d;1409;73
d;1408;78
d;1407;82
d;1406;80
d;1416;85
d;1415;83
d;1414;85
d;1413;78
d;1412;81
d;1421;75
d;1421;79
d;1429;82
d;1426;79
d;1424;81
d;1422;78
d;1420;79
d;1419;81
d;1417;83
d;1416;78
d;1415;83
d;1414;78
d;1413;71
d;1412;77
d;1410;78
d;1409;84
d;1407;81
d;1406;82
d;1406;79
d;1405;79
d;1403;83
d;1403;83
d;1401;78
d;1401;83
d;1400;80
d;1410;83
d;1409;84
d;1408;80
d;1406;76
d;1405;82
d;1405;78
d;1404;74
d;1403;78
d;1403;77
d;1402;72
d;1401;80
d;1401;78
d;1400;75
d;1400;83
d;1401;86
d;1401;74
d;1400;77
d;1399;82
d;1399;77
d;1399;82
d;1398;78
d;1397;86
d;1397;80
d;1396;81
d;1396;82
d;1397;76
d;1397;82
d;1396;79
d;1395;79
d;1395;78
d;1396;79
d;1396;85
d;1396;78
d;1395;81
d;1394;76
d;1394;79
d;1398;73
d;1404;81
d;1404;77
d;1413;77
d;1413;77
d;1411;81
d;1411;80
d;1409;75
d;1408;84
d;1406;83
d;1406;81
d;1406;76
d;1405;81
d;1405;74
d;1407;77
d;1412;78
d;1411;78
d;1410;82
d;1409;75
d;1409;80
d;1408;77
d;1406;78
d;1405;80
d;1404;74
d;1404;82
d;1403;81
d;1403;77
d;1403;77
d;1402;76
d;1401;79
d;1401;82
d;1400;84
d;1401;80
d;1401;82
d;1400;81
d;1399;83
d;1398;79
d;1398;80
d;1397;80
d;1397;75
d;1397;76
d;1396;80
d;1396;81
d;1395;76
d;1395;75
d;1395;77
d;1394;78
d;1394;81
d;1395;77
d;1394;82
d;1394;77
d;1394;75
d;1393;76
d;1393;78
d;1393;79
d;1393;80
d;1399;81
d;1399;82
d;1399;80
d;1399;79
d;1398;79
d;1398;76
d;1397;77
d;1397;80
d;1406;79
d;1405;78
d;1404;79
d;1404;76
d;1403;74
d;1406;84
d;1412;75
d;1411;76
d;1409;83
d;1408;79
d;1407;83
d;1405;87
d;1404;80
d;1404;83
d;1403;83
d;1402;86
d;1402;89
d;1401;78
d;1401;78
d;1400;77
d;1399;81
d;1398;80
d;1398;79
d;1398;77
d;1397;80
d;1397;83
d;1397;81
d;1396;76
d;1396;77
d;1395;81
d;1395;79
d;1395;73
d;1395;84
d;1395;85
d;1394;81
d;1393;80
d;1393;78
d;1393;81
d;1393;82
d;1392;78
d;1392;82
d;1391;80
d;1390;84
d;1389;80
d;1389;84
d;1389;79
d;1390;81
d;1389;78
d;1390;78
d;1390;78
d;1400;80
d;1410;76
d;1409;84
d;1418;80
d;1416;81
d;1415;82
d;1413;75
d;1412;76
d;1411;74
d;1409;76
d;1407;81
d;1417;84
d;1415;76
d;1415;82
d;1413;79
d;1412;83
d;1410;76
d;1409;82
d;1407;84
d;1407;77
d;1405;80
d;1403;83
d;1402;81
d;1402;75
d;1401;75
d;1401;83
d;1400;81
d;1398;81
d;1397;80
d;1397;84
d;1397;80
d;1396;82
d;1396;73
d;1396;84
d;1396;78
d;1396;80
d;1396;77
d;1396;81
d;1396;79
d;1394;75
d;1393;81
d;1393;82
d;1393;79
d;1392;82
d;1391;80
d;1398;73
d;1409;87
d;1409;79
d;1407;79
d;1407;83
d;1406;79
d;1406;78
d;1405;84
d;1405;84
d;1404;76
d;1413;79
d;1441;76
d;1439;81
d;1438;79
d;1436;77
d;1433;77
d;1431;82
d;1429;80
d;1427;75
d;1425;81
d;1423;82
d;1432;75
d;1430;84
d;1428;80
d;1436;83
d;1435;82
d;1432;80
d;1429;82
d;1426;78
d;1424;85
d;1423;80
d;1422;74
d;1419;76
d;1418;80
d;1416;82
d;1414;75
d;1413;78
d;1411;74
d;1410;82
d;1409;73
d;1408;72
d;1406;80
d;1414;79
d;1414;86
d;1413;82
d;1412;84
d;1411;80
d;1410;77
d;1412;79
d;1421;76
d;1419;78
d;1418;84
d;1417;80
d;1416;80
d;1415;73
d;1413;81
d;1412;78
d;1411;80
d;1409;76
d;1407;74
d;1406;83
d;1406;80
d;1405;83
d;1406;83
d;1404;78
d;1413;75
d;1413;80
d;1412;80
d;1412;75
d;1410;78
d;1408;79
d;1408;74
d;1407;76
d;1424;78
d;1422;78
d;1420;79
d;1419;79
d;1417;82
d;1416;81
d;1414;82
d;1413;83
d;1411;85
d;1411;84
d;1410;79
d;1408;84
d;1408;85
d;1407;81
d;1407;79
d;1405;75
d;1405;85
d;1405;78
d;1403;81
d;1404;77
d;1403;81
d;1402;80
d;1401;80
d;1400;78
d;1400;84
d;1399;85
d;1398;71
d;1398;75
d;1397;85
d;1396;79
d;1395;82
d;1394;79
d;1393;81
d;1392;81
d;1392;81
d;1392;80
d;1392;85
d;1392;78
d;1392;80
d;1392;80
d;1393;77
d;1394;77
d;1394;79
d;1394;82
d;1394;77
d;1393;78
d;1393;77
d;1393;74
d;1394;76
d;1393;78
d;1394;80
d;1393;78
d;1393;83
d;1393;77
d;1393;86
d;1393;83
d;1393;84
d;1392;82
d;1393;82
d;1393;77
d;1392;85
d;1393;78
d;1393;81
d;1393;78
d;1393;78
d;1393;84
d;1393;82
d;1403;79
d;1402;79
d;1401;76
d;1401;83
d;1401;82
d;1400;80
d;1410;81
d;1408;82
d;1407;79
d;1406;78
d;1404;79
d;1404;77
d;1413;79
d;1411;76
d;1411;80
d;1427;79
d;1425;79
d;1423;86
d;1422;84
d;1421;82
d;1419;77
d;1419;80
d;1417;78
d;1416;77
d;1415;80
d;1414;82
d;1413;75
d;1412;80
d;1411;78
d;1410;84
d;1409;83
d;1408;83
d;1408;81
d;1407;84
d;1406;80
d;1405;83
d;1404;83
d;1413;83
d;1411;77
d;1411;80
d;1409;82
d;1408;79
d;1407;75
d;1406;83
d;1405;80
d;1405;79
d;1405;78
d;1404;81
d;1403;84
d;1403;76
d;1403;81
d;1402;80
d;1412;81
d;1410;78
d;1409;78
d;1408;83
d;1407;79
d;1406;81
d;1405;81
d;1419;77
d;1417;78
d;1416;78
d;1416;78
d;1415;74
d;1413;82
d;1411;83
d;1410;81
d;1409;73
d;1408;82
d;1407;79
d;1408;73
d;1407;80
d;1408;83
d;1408;80
d;1406;80
d;1405;81
d;1404;80
d;1403;80
d;1402;83
d;1402;78
d;1401;77
d;1401;87
d;1399;78
d;1399;82
d;1399;82
d;1398;80
d;1397;76
d;1396;79
d;1395;81
d;1395;75
d;1395;76
d;1394;78
d;1393;77
d;1393;81
d;1393;78
d;1393;78
d;1392;79
d;1392;78
d;1392;85
d;1391;83
d;1391;75
d;1391;78
d;1400;83
d;1400;80
d;1400;73
d;1400;78
d;1398;79
d;1398;76
d;1399;76
d;1399;79
d;1399;71
d;1399;81
d;1398;75
d;1398;79
d;1398;80
d;1398;77
d;1398;77
d;1398;78
d;1398;78
d;1398;80
d;1398;82
d;1398;75
d;1398;77
d;1398;76
d;1398;82
d;1398;87
d;1397;89
d;1396;84
d;1396;87
d;1396;87
d;1396;87
d;1396;88
d;1395;83
d;1396;89
d;1397;93
d;1397;89
d;1397;91
d;1397;94
d;1397;99
d;1398;102
d;1399;94
d;1399;107
d;1400;103
d;1400;102
d;1401;104
d;1401;105
d;1401;99
d;1401;106
d;1401;107
d;1401;108
d;1402;108
d;1402;105
d;1402;113
d;1402;107
d;1402;106
d;1402;107
d;1403;108
d;1403;111
d;1404;105
d;1404;115
d;1404;117
d;1405;104
d;1405;116
d;1406;117
d;1406;115
d;1406;119
d;1407;124
d;1407;132
d;1408;130
d;1408;129
d;1409;137
d;1409;135
d;1409;135
d;1410;131
d;1410;132
d;1411;124
d;1411;124
d;1411;128
d;1411;122
d;1411;128
d;1411;125
d;1411;130
d;1411;126
d;1411;130
d;1411;128
d;1411;127
d;1411;134
d;1411;135
d;1411;140
d;1411;165
d;1412;160
d;1412;157
d;1412;157
d;1413;156
d;1412;156
d;1412;153
d;1412;152
d;1412;146
d;1411;140
d;1411;136
d;1410;135
d;1409;128
d;1408;125
d;1407;131
d;1407;150
d;1406;176
d;1405;185
d;1404;164
d;1403;160
d;1403;146
d;1402;156
d;1401;155
d;1401;149
d;1400;147
d;1400;122
d;1399;115
d;1397;100
d;1396;96
d;1395;89
d;1392;89
d;1390;85
d;1388;88
d;1386;94
d;1384;90
d;1382;81
d;1380;92
d;1378;94
d;1366;88
d;1365;72
d;1361;65
d;1358;68
d;1342;69
d;1280;65
d;1211;67
e;1612521936.481397;2240
s;1612521938.231624;2240
d;3132;74
d;3075;107
d;2909;165
d;2523;225
d;2130;308
d;1854;430
d;1719;605
d;1676;805
d;1664;927
d;1659;1043
d;1655;1174
d;1652;1320
d;1648;1436
d;1646;1547
d;1642;1898
d;1638;2186
d;1634;2320
d;1631;2513
d;1627;2734
d;1624;3052
d;1621;3299
d;1617;3595
d;1614;4057
d;1611;4331
d;1607;4509
d;1604;4917
d;1600;5258
d;1597;5673
d;1594;6224
d;1590;6785
d;1587;6892
d;1583;7417
d;1580;8037
d;1577;7969
d;1574;8222
d;1570;8147
d;1567;7737
d;1564;8008
d;1560;8092
d;1557;7874
d;1554;7883
d;1551;7379
d;1547;7015
d;1544;6959
d;1540;6677
d;1537;6582
d;1533;6333
d;1530;5864
d;1526;5364
d;1523;5292
d;1519;4500
d;1516;3835
d;1512;3791
d;1508;3593
d;1504;2862
d;1500;2010
d;1495;1432
d;1491;1035
d;1486;919
d;1482;817
d;1477;701
d;1473;558
d;1469;501
d;1465;476
d;1461;471
d;1456;482
d;1452;455
d;1449;449
d;1445;455
d;1440;466
d;1436;470
d;1431;465
d;1428;455
d;1424;430
d;1420;413
d;1416;390
d;1410;370
d;1407;361
d;1403;341
d;1397;332
d;1393;325
d;1390;313
d;1388;297
d;1384;281
d;1382;258
d;1380;239
d;1377;220
d;1377;207
d;1375;186
d;1373;175
d;1373;161
d;1374;172
d;1375;166
d;1376;169
d;1378;175
d;1381;186
d;1383;198
d;1386;210
d;1388;220
d;1389;222
d;1389;231
d;1390;245
d;1390;255
d;1390;253
d;1389;261
d;1389;268
d;1388;268
d;1387;280
d;1386;276
d;1387;275
d;1385;280
d;1386;274
d;1386;270
d;1385;266
d;1385;268
d;1385;263
d;1384;270
d;1383;265
d;1382;262
d;1385;266
d;1385;264
d;1385;260
d;1384;270
d;1383;264
d;1383;262
d;1383;263
d;1383;263
d;1382;258
d;1380;257
d;1381;250
d;1382;243
d;1380;234
d;1378;225
d;1377;210
d;1376;200
d;1375;188
d;1374;179
d;1373;166
d;1371;165
d;1370;157
d;1370;147
d;1369;142
d;1369;138
d;1368;123
d;1368;128
d;1367;124
d;1367;133
d;1367;134
d;1366;130
d;1366;136
d;1366;127
d;1366;126
d;1366;124
d;1365;120
d;1365;114
d;1364;105
d;1363;110
d;1361;98
d;1359;93
d;1357;87
d;1344;68
e;1612521939.866859;2240
s;1612521942.287074;2240
d;2010;368
d;1772;628
d;1691;1067
d;1679;1467
d;1672;1848
d;1666;2163
d;1660;2680
d;1655;2910
d;1649;3500
d;1644;3866
d;1639;4446
d;1634;5014
d;1628;5462
d;1624;6023
d;1619;6953
d;1614;7745
d;1609;8182
d;1604;8297
d;1599;9421
d;1595;9502
d;1591;9820
d;1586;9409
d;1580;8952
d;1576;8472
d;1571;8234
d;1566;8004
d;1561;7531
d;1556;7311
d;1551;6772
d;1546;6169
d;1542;5526
d;1537;4708
d;1532;4281
d;1527;3696
d;1522;2632
d;1516;1847
d;1511;1077
d;1506;862
d;1501;626
d;1497;393
d;1491;294
d;1487;260
d;1481;224
d;1478;208
d;1474;214
d;1469;225
d;1466;177
d;1463;159
d;1462;135
d;1459;119
d;1456;87
d;1453;73
d;1449;75
d;1453;72
d;1449;76
d;1445;71
d;1443;73
d;1440;82
d;1438;88
d;1437;82
d;1436;88
d;1433;92
d;1431;90
d;1428;85
d;1425;71
d;1422;73
d;1419;63
d;1414;62
e;1612521942.981521;2240
s;1612521943.327021;2240
d;1649;75
d;1636;83
d;1625;76
d;1614;85
d;1603;89
d;1592;85
d;1581;81
d;1569;70
e;1612521943.413177;2240
s;1612521944.866098;2240
d;584;297
d;438;430
d;380;416
d;355;404
d;347;290
d;346;161
d;346;140
d;345;130
d;345;131
d;345;114
d;345;97
d;345;95
d;345;71
d;344;73
d;344;67
d;344;88
d;343;184
d;346;400
d;350;435
d;352;254
d;351;135
d;351;153
d;352;306
d;361;1249
d;373;5244
d;393;1174
d;404;410
d;430;1214
d;445;3433
d;458;7601
d;476;4052
d;494;4470
d;513;3329
d;531;2334
d;547;9589
d;566;2451
d;570;65
e;1612521945.233920;2240
s;1612521960.114127;2240
d;2336;376
d;1757;794
d;1632;1363
d;1612;1996
d;1597;2632
d;1584;3480
d;1571;3871
d;1558;3903
d;1545;3299
d;1533;2838
d;1520;2120
d;1506;1400
d;1493;765
d;1479;500
d;1467;342
d;1457;324
d;1444;342
d;1434;289
d;1431;157
d;1428;119
d;1425;100
d;1422;92
d;1419;93
d;1416;94
d;1412;72
d;1409;71
d;1404;68
d;1398;69
d;1393;72
d;1389;71
d;1384;66
d;1379;69
d;1375;71
d;1371;71
d;1367;66
d;1365;64
d;1362;66
d;1359;66
d;1356;68
d;1355;76
d;1356;88
d;1357;100
d;1356;100
d;1356;99
d;1355;88
e;1612521960.555357;2240
s;1612521969.739975;2240
d;762;207
d;738;260
d;718;334
d;706;330
d;700;419
d;696;685
d;687;592
d;679;961
d;683;1335
d;685;1341
d;685;1246
d;684;1234
d;682;1231
d;683;1248
d;682;1258
d;682;1277
d;684;1265
d;683;1230
d;685;1162
d;685;969
d;690;639
d;693;357
d;695;271
d;695;521
d;691;685
d;666;1834
d;659;4885
d;665;7378
d;677;5500
d;690;5617
d;703;5329
d;716;4274
d;728;7545
d;739;4875
d;755;3215
d;765;421
d;778;415
d;793;530
d;807;593
d;822;585
d;836;568
d;851;546
d;867;535
d;885;585
d;907;652
d;925;811
d;949;4494
d;965;11303
d;979;3950
d;991;2795
d;1005;5858
d;1019;4305
d;1024;502
e;1612521970.277708;2240
s;1612521971.741333;2240
d;1211;238
d;940;369
d;819;366
d;760;377
d;720;570
d;700;833
d;697;1345
d;699;1596
d;700;1600
d;699;1624
d;699;1633
d;697;1644
d;697;1673
d;697;1693
d;697;1651
d;697;1612
d;697;1596
d;698;1539
d;699;1456
d;705;1087
d;711;492
d;714;313
d;712;412
d;704;663
d;700;1053
d;702;1613
d;706;1804
d;710;1916
d;715;2147
d;721;3044
d;731;2755
d;743;2692
d;756;2169
d;773;1694
d;789;1458
d;806;1319
d;825;1220
d;842;1141
d;858;1059
d;874;975
d;891;901
d;908;827
d;924;699
d;939;519
d;948;299
d;949;126
e;1612521972.207592;2240
s;1612521987.345483;2240
d;2155;63
d;2145;70
d;2148;76
d;2151;84
d;2154;78
d;2156;87
d;2158;79
d;2146;80
d;2144;88
d;2146;85
d;2148;91
d;2149;93
d;2149;102
d;2149;108
d;2149;102
d;2149;91
d;2149;87
d;2148;73
d;2148;63
e;1612521987.533009;2240
s;1612522004.594507;2240
d;1729;1335
d;1636;3623
d;1611;6062
d;1590;7693
d;1571;7946
d;1552;6534
d;1532;4136
d;1511;1755
d;1497;326
d;1488;185
d;1484;144
d;1479;99
d;1471;60
e;1612522004.729078;2240
s;1612522008.759977;2240
d;437;395
d;326;434
d;296;254
d;272;238
d;257;251
d;243;472
d;241;357
d;237;214
d;235;247
d;234;229
d;233;216
d;232;218
d;231;241
d;230;296
d;230;203
d;230;204
d;230;194
d;231;194
d;231;198
d;230;170
d;230;297
d;242;452
d;244;338
d;239;284
d;237;297
d;239;280
d;244;296
d;249;452
d;261;962
d;272;3086
d;286;1871
d;296;1000
d;309;833
d;325;834
d;343;1182
d;357;1553
d;372;1555
d;387;1642
d;404;1677
d;417;1597
d;431;2463
d;446;1483
d;451;168
d;454;102
d;459;76
e;1612522009.218067;2240
s;1612522010.593548;2240
d;2254;436
d;2234;887
d;2215;1285
d;2198;1756
d;2181;2306
d;2166;2513
d;2151;2495
d;2136;2369
d;2120;2154
d;2104;1462
d;2089;1023
d;2077;592
d;2076;173
e;1612522010.723567;2240
s;1612522011.840165;2240
d;2228;596
d;1649;1739
d;1605;2999
d;1588;4668
d;1573;6839
d;1559;8952
d;1545;10408
d;1531;9903
d;1517;9113
d;1503;7583
d;1489;5470
d;1474;3160
d;1458;1371
d;1443;941
d;1429;845
d;1416;690
d;1404;461
d;1395;251
d;1393;147
d;1390;113
d;1387;101
d;1384;82
d;1380;68
d;1375;60
d;1369;62
e;1612522012.095212;2240
s;1612522012.164721;2240
d;1257;63
d;1248;67
d;1251;75
d;1255;83
d;1259;84
d;1263;79
e;1612522012.217195;2240
s;1612522013.906470;2240
d;1689;1240
d;1637;2440
d;1619;3837
d;1603;5526
d;1589;7440
d;1575;9092
d;1562;9014
d;1548;8200
d;1533;7088
d;1519;5037
d;1504;3245
d;1489;1457
d;1475;760
d;1461;617
d;1448;539
d;1435;420
d;1425;267
d;1422;158
d;1420;107
d;1416;89
d;1412;76
d;1412;64
e;1612522014.140483;2240
s;1612522014.250361;2240
d;1117;62
d;1130;73
d;1141;77
e;1612522014.267758;2240
s;1612522015.885501;2240
d;2145;318
d;2220;642
d;2227;1111
d;2212;1613
d;2197;2078
d;2182;2394
d;2169;2506
d;2156;2631
d;2142;2554
d;2128;2357
d;2114;2004
d;2100;1399
d;2087;871
d;2083;316
d;2080;201
d;2079;133
d;2078;115
d;2077;96
d;2075;77
e;1612522016.085468;2240
s;1612522017.103523;2240
d;2096;311
d;1636;1168
d;1594;2219
d;1576;3678
d;1559;5414
d;1543;7393
d;1528;8795
d;1513;8335
d;1499;7248
d;1485;5752
d;1470;3836
d;1454;1877
d;1439;793
d;1424;568
d;1410;555
d;1393;545
d;1380;493
d;1366;423
d;1354;367
d;1345;295
d;1339;224
d;1336;187
d;1337;200
d;1341;246
d;1343;278
d;1344;304
d;1343;318
d;1342;315
d;1341;311
d;1342;312
d;1340;312
d;1341;297
d;1341;300
d;1342;296
d;1340;279
d;1337;251
d;1334;214
d;1333;182
d;1333;162
d;1332;154
d;1331;154
d;1331;160
d;1332;158
d;1332;149
d;1331;125
d;1329;100
d;1302;68
e;1612522017.572298;2240
s;1612522019.571385;2240
d;1907;632
d;1726;1731
d;1699;2884
d;1682;4434
d;1665;5857
d;1649;6758
d;1634;6712
d;1619;5540
d;1604;4315
d;1590;2919
d;1574;1920
d;1560;1026
d;1546;794
d;1534;721
d;1522;695
d;1509;587
d;1498;448
d;1490;330
d;1481;245
d;1475;195
d;1471;174
d;1471;177
d;1474;211
d;1478;263
d;1479;297
d;1479;320
d;1478;327
d;1478;333
d;1476;328
d;1477;332
d;1480;337
d;1478;329
d;1475;287
d;1470;243
d;1466;198
d;1464;155
d;1463;111
d;1461;71
e;1612522019.942358;2240
s;1612522023.159123;2240
d;2254;423
d;2242;682
d;2227;978
d;2214;1214
d;2203;1512
d;2191;1799
d;2179;1901
d;2170;1965
d;2159;2004
d;2149;1977
d;2137;1903
d;2126;1641
d;2115;1330
d;2104;993
d;2094;705
d;2091;328
d;2090;160
d;2090;117
d;2090;94
d;2089;81
d;2089;81
d;2088;79
d;2088;72
d;2087;79
d;2086;77
d;2085;89
d;2085;95
d;2084;98
d;2083;111
d;2082;122
d;2080;140
d;2078;135
d;2076;144
d;2074;145
d;2073;141
d;2071;139
d;2069;142
d;2067;146
d;2066;138
d;2064;127
d;2062;118
d;2060;120
d;2059;109
d;2058;101
d;2057;85
d;2056;74
d;2055;60
e;1612522023.633462;2240
s;1612522044.672389;2240
d;2019;325
d;2171;580
d;2208;918
d;2196;1320
d;2181;1686
d;2167;1730
d;2152;1809
d;2139;1866
d;2124;1674
d;2108;1457
d;2095;1002
d;2084;612
d;2083;198
d;2082;115
d;2081;72
d;2081;65
e;1612522044.836516;2240
s;1612522047.957910;2240
d;2064;470
d;1626;1603
d;1589;2685
d;1573;3907
d;1558;5403
d;1544;6488
d;1530;7396
d;1517;6875
d;1503;5838
d;1488;4894
d;1474;3363
d;1459;1998
d;1444;714
d;1436;224
d;1427;189
d;1425;141
d;1420;104
d;1415;84
e;1612522048.139788;2240
s;1612522049.454993;2240
d;1642;1460
d;1600;2856
d;1583;4649
d;1568;6674
d;1553;8595
d;1538;9910
d;1525;9086
d;1511;7384
d;1497;5354
d;1485;3114
d;1471;1668
d;1459;730
d;1447;541
d;1435;457
d;1421;435
d;1407;366
d;1398;257
d;1394;100
d;1388;67
d;1385;95
d;1382;121
d;1380;136
d;1378;138
d;1375;126
d;1371;94
e;1612522049.711101;2240
s;1612522049.855964;2240
d;858;125
d;893;155
d;933;159
d;958;154
d;976;134
d;990;83
e;1612522049.920733;2240
s;1612522050.771519;2240
d;2265;412
d;2252;597
d;2238;804
d;2222;1031
d;2208;1223
d;2196;1298
d;2184;1339
d;2173;1333
d;2161;1309
d;2148;1072
d;2137;851
d;2126;619
d;2118;398
d;2117;179
d;2117;120
d;2117;91
d;2116;81
d;2115;76
e;1612522050.953619;2240
s;1612522055.586911;2240
d;2258;256
d;2253;510
d;2238;863
d;2223;1145
d;2209;1494
d;2196;1793
d;2183;2153
d;2171;2102
d;2160;2156
d;2149;2071
d;2136;1976
d;2123;1654
d;2110;1292
d;2099;997
d;2089;750
d;2083;406
d;2080;226
d;2076;197
d;2072;186
d;2069;164
d;2067;132
d;2065;109
d;2063;92
d;2062;73
e;1612522055.824952;2240
s;1612522055.888990;2240
d;2068;81
d;2067;91
d;2065;102
d;2064;103
d;2063;104
d;2061;99
d;2060;97
d;2058;95
d;2057;85
d;2056;73
d;2054;65
d;2053;62
e;1612522056.012656;2240
s;1612522059.991051;2240
d;1761;1213
d;1729;2376
d;1711;3539
d;1694;4757
d;1676;5372
d;1659;5094
d;1642;4164
d;1627;2572
d;1611;1675
d;1602;490
d;1593;313
d;1582;307
d;1571;253
d;1561;202
d;1557;159
d;1554;129
d;1550;89
e;1612522060.164531;2240
s;1612522080.672170;2240
d;100;384
d;155;509
d;169;441
d;172;450
d;178;699
d;175;373
d;173;388
d;171;407
d;170;423
d;171;420
d;172;415
d;174;447
d;173;438
d;171;401
d;172;411
d;172;414
d;173;414
d;174;403
d;174;446
d;174;381
d;179;465
d;181;499
d;179;534
d;181;544
d;185;690
d;191;831
d;195;922
d;203;1850
d;212;6316
d;225;6091
d;235;1683
d;248;1985
d;262;1338
d;275;975
d;289;819
d;303;722
d;317;641
d;331;545
d;347;474
d;362;405
d;375;356
d;390;304
d;408;290
d;422;243
d;431;186
d;434;133
e;1612522081.133136;2240
s;1612522083.726553;2240
d;770;101
d;770;84
d;770;89
d;771;65
e;1612522083.759052;2240
s;1612522083.897964;2240
d;785;93
d;785;74
d;786;75
d;786;73
d;786;75
d;786;102
d;770;311
d;750;997
d;753;1828
d;763;7087
d;779;3668
d;793;3657
d;810;5067
d;831;1323
d;833;127
d;836;121
d;840;122
d;844;131
d;849;131
d;865;171
d;953;1689
d;970;4246
d;985;4791
d;999;6299
d;1016;4487
d;1016;256
e;1612522084.156525;2240
s;1612522087.203464;2240
d;857;158
d;854;198
d;854;201
d;854;157
d;854;108
d;856;86
d;858;72
e;1612522087.271286;2240
s;1612522087.372160;2240
d;899;95
d;897;143
d;884;211
d;876;217
d;871;201
d;861;263
d;849;456
d;846;760
d;848;7466
d;861;5028
d;875;6148
d;889;6136
d;905;5015
d;919;3752
d;934;632
d;940;202
d;948;183
d;956;173
d;962;166
d;969;165
d;1000;271
d;1064;973
d;1087;1505
d;1101;1340
d;1116;1431
d;1130;1258
d;1081;190
e;1612522087.638483;2240
s;1612522088.535164;2240
d;1987;533
d;1731;1273
d;1696;2185
d;1675;3413
d;1655;4515
d;1636;4600
d;1617;4006
d;1598;3034
d;1579;1796
d;1565;442
d;1563;146
d;1560;119
d;1563;87
e;1612522088.674875;2240
s;1612522089.037214;2240
d;824;177
d;814;365
d;810;360
d;811;289
d;812;210
d;813;205
d;814;202
d;813;183
d;814;176
d;815;177
d;816;177
d;815;188
d;815;196
d;816;195
d;815;181
d;816;180
d;814;187
d;814;192
d;814;190
d;815;177
d;814;184
d;808;332
d;805;398
d;807;355
d;808;302
d;807;277
d;809;325
d;806;569
d;805;1212
d;815;1643
d;828;1764
d;843;1296
d;857;831
d;872;629
d;888;499
d;903;408
d;915;353
d;928;308
d;940;269
d;954;228
d;966;208
d;975;182
d;980;157
d;982;128
d;986;89
e;1612522089.483912;2240
s;1612522090.767864;2240
d;789;197
d;780;285
d;774;282
d;766;350
d;755;493
d;748;697
d;748;1098
d;752;1277
d;752;1274
d;752;1271
d;751;1280
d;751;1281
d;750;1293
d;750;1317
d;750;1306
d;750;1305
d;750;1302
d;749;1297
d;749;1281
d;749;1269
d;750;1242
d;752;1223
d;753;1196
d;759;1038
d;764;757
d;770;478
d;772;295
d;774;240
d;776;189
d;777;145
d;777;178
d;769;290
d;753;1758
d;749;10154
d;763;3459
d;777;3642
d;790;3367
d;805;5626
d;831;664
d;846;208
d;856;179
d;862;162
d;866;155
d;870;143
d;874;131
d;878;134
d;882;129
d;891;156
d;911;177
d;937;194
d;959;195
d;998;327
d;1044;1582
d;1060;2869
d;1072;3756
d;1085;3493
d;1098;3422
d;1111;2166
d;1085;265
e;1612522091.357646;2240
s;1612522092.153623;2240
d;2000;315
d;2229;564
d;2300;872
d;2297;1168
d;2284;1521
d;2270;1822
d;2257;1935
d;2246;1997
d;2234;2070
d;2222;2045
d;2209;1806
d;2195;1508
d;2184;1075
d;2172;753
d;2168;295
d;2168;152
d;2168;85
d;2169;66
e;1612522092.340003;2240
s;1612522092.442906;2240
d;2160;69
d;2158;75
d;2157;75
d;2156;75
d;2155;83
d;2153;83
d;2152;79
d;2151;85
d;2150;81
d;2150;81
d;2149;88
d;2148;78
d;2148;82
d;2147;68
d;2089;67
d;2023;95
d;1809;176
d;1339;287
d;1040;325
d;899;307
d;865;196
d;861;102
d;856;75
d;854;69
d;852;71
e;1612522092.680629;2240
s;1612522092.735948;2240
d;813;67
d;812;75
d;811;67
e;1612522092.766094;2240
s;1612522092.795816;2240
d;804;78
d;801;134
d;782;221
d;759;311
d;747;353
d;743;320
d;745;198
d;746;104
d;747;98
d;749;119
d;750;138
d;751;128
d;753;141
d;758;183
d;767;225
d;778;260
d;783;176
d;786;94
d;791;77
d;796;75
d;801;79
d;807;75
d;812;80
d;817;76
d;823;66
d;830;68
d;838;70
d;846;76
d;854;71
d;861;67
e;1612522093.095149;2240
s;1612522093.796455;2240
d;1711;1006
d;1676;1667
d;1658;2576
d;1641;3658
d;1627;4665
d;1613;5394
d;1598;5105
d;1583;4672
d;1568;3913
d;1553;2745
d;1538;1499
d;1524;792
d;1511;605
d;1499;489
d;1487;360
d;1477;236
d;1475;141
d;1473;96
d;1469;82
d;1480;76
d;1477;68
e;1612522094.015469;2240
s;1612522094.086411;2240
d;1346;65
e;1612522094.096249;2240
s;1612522094.153399;2240
d;1564;72
d;1559;83
d;1558;82
d;1550;78
e;1612522094.187207;2240
s;1612522094.795376;2240
d;1861;750
d;1714;1423
d;1691;2270
d;1674;3245
d;1659;4275
d;1644;5208
d;1631;5749
d;1617;5367
d;1603;4900
d;1589;4178
d;1575;2846
d;1560;1349
d;1558;120
e;1612522094.924777;2240
s;1612522094.956033;2240
d;865;129
d;864;170
d;849;347
d;837;567
d;834;854
d;837;1075
d;839;1126
d;838;1135
d;839;1150
d;839;1172
d;840;1175
d;842;1165
d;842;1157
d;844;1048
d;849;818
d;854;507
d;858;226
d;859;119
d;860;122
d;860;133
d;850;355
d;835;797
d;839;1211
d;847;2833
d;856;7175
d;867;9458
d;882;2729
d;894;8650
d;914;1000
d;928;3728
d;941;8463
d;955;12874
d;969;16609
d;986;2570
d;1003;2469
d;1019;6090
d;1032;9328
d;1047;6219
d;1067;4155
d;1096;7080
d;1117;9126
d;1128;8575
d;1140;8157
d;1153;7724
d;1170;2239
e;1612522095.416615;2240
s;1612522096.072854;2240
d;2308;557
d;1660;1372
d;1613;2191
d;1598;3193
d;1584;4455
d;1571;5910
d;1557;7181
d;1545;7249
d;1532;6534
d;1519;5805
d;1506;4794
d;1493;3323
d;1474;780
d;1480;169
e;1612522096.222900;2240
s;1612522096.240242;2240
d;751;170
d;747;216
d;744;236
d;743;200
d;744;157
d;744;151
d;744;147
d;744;155
d;745;168
d;745;180
d;746;174
d;746;160
d;747;163
d;748;166
d;748;157
d;749;131
d;750;111
d;750;144
d;746;226
d;738;387
d;734;806
d;741;1194
d;753;1210
d;770;832
d;787;641
d;804;592
d;822;532
d;838;480
d;853;432
d;870;398
d;886;358
d;900;319
d;915;277
d;928;236
d;937;187
d;939;134
d;941;71
e;1612522096.608494;2240
s;1612522100.213308;2240
d;788;158
d;774;279
d;765;325
d;764;267
d;765;148
d;767;73
d;769;61
e;1612522100.283853;2240
s;1612522100.334313;2240
d;829;66
d;828;62
d;827;64
d;827;64
d;826;61
d;826;74
d;824;92
d;821;130
d;802;231
d;783;287
d;773;308
d;772;212
d;772;123
d;773;116
d;773;149
d;773;191
d;775;277
d;773;525
d;775;1527
d;784;2702
d;796;3999
d;811;3744
d;827;3445
d;841;2497
d;861;684
d;870;201
d;884;221
d;904;255
d;921;251
d;938;307
d;963;806
d;977;2262
d;992;5393
d;1010;7370
d;1026;5386
d;1043;1421
e;1612522100.693485;2240
s;1612522103.253719;2240
d;2533;412
d;1687;1200
d;1629;2151
d;1612;3361
d;1596;4857
d;1582;6139
d;1568;6931
d;1555;6536
d;1542;5908
d;1529;5233
d;1516;3573
d;1502;2130
d;1488;710
d;1482;197
d;1479;158
d;1476;139
d;1472;110
d;1467;80
d;1461;64
d;1455;81
d;1451;90
d;1447;95
d;1442;81
d;1435;62
e;1612522103.494939;2240
s;1612522103.566326;2240
d;1093;62
d;1101;60
e;1612522103.581823;2240
s;1612522103.650424;2240
d;1348;80
d;1349;95
d;1350;98
d;1349;80
e;1612522103.686292;2240
s;1612522105.227206;2240
d;2297;594
d;1680;1308
d;1635;2245
d;1618;3341
d;1603;4543
d;1589;5793
d;1576;6641
d;1562;6297
d;1549;5606
d;1536;4825
d;1522;3680
d;1508;2414
d;1493;990
d;1479;506
d;1467;346
d;1452;316
d;1438;309
d;1426;275
d;1418;199
d;1416;125
d;1413;104
d;1410;88
d;1404;72
e;1612522105.471754;2240
s;1612522105.605029;2240
d;1350;81
d;1351;86
d;1350;74
e;1612522105.640286;2240
s;1612522111.086761;2240
d;887;145
d;886;162
d;886;153
d;886;128
d;885;122
d;885;124
d;885;140
d;884;158
d;882;175
d;880;181
d;878;175
d;877;183
d;877;175
d;877;192
d;878;218
d;875;257
d;874;245
d;875;231
d;878;251
d;884;449
d;892;609
d;906;580
d;922;373
d;933;233
d;945;198
d;956;185
d;967;172
d;975;161
d;979;144
d;984;114
d;988;72
e;1612522111.399166;2240
s;1612522111.867547;2240
d;3208;179
d;3207;113
d;3206;147
d;3203;154
d;3201;127
d;3198;154
d;3184;195
d;3182;136
d;3175;170
d;3173;122
d;3188;103
d;3180;163
d;3161;204
d;3147;192
d;3136;189
d;3126;204
d;3116;224
d;3109;248
d;3103;208
d;3099;206
d;3099;157
d;3098;187
d;3091;204
d;3085;245
d;3079;217
d;3080;176
d;3088;117
d;3108;111
d;3107;134
d;3106;153
d;3105;145
d;3110;141
d;3122;115
d;3144;100
d;3202;103
d;3256;78
e;1612522112.236499;2240
s;1612522115.010179;2240
d;4256;69
d;4232;82
d;4205;73
d;4210;67
d;4195;95
d;4141;139
d;4092;119
d;4046;112
d;3999;91
d;4010;82
d;3978;128
d;3933;126
d;3891;127
d;3864;129
d;3824;135
d;3786;120
d;3748;128
d;3713;115
d;3694;107
d;3719;89
d;3702;130
d;3671;123
d;3651;129
d;3642;111
d;3651;90
d;3689;63
e;1612522115.279664;2240
s;1612522115.611314;2240
d;742;176
d;726;285
d;716;316
d;713;276
d;713;249
d;714;120
d;716;85
d;717;75
d;719;77
d;721;67
d;722;63
d;725;60
e;1612522115.733183;2240
s;1612522115.863944;2240
d;759;93
d;758;134
d;743;219
d;721;386
d;712;383
d;709;343
d;708;304
d;711;198
d;712;207
d;712;213
d;711;367
d;705;1113
d;706;4095
d;714;5890
d;724;6114
d;734;3039
d;750;891
d;766;1472
d;769;5158
d;778;8972
d;787;12754
d;798;16369
d;810;15818
d;823;15214
d;835;14529
d;846;10840
d;857;7282
d;868;4835
d;883;1619
d;905;660
d;923;2376
d;933;4166
d;943;3771
d;955;1686
e;1612522116.200778;2240
s;1612522129.351533;2240
d;1695;1152
d;1650;1966
d;1632;3080
d;1616;4327
d;1601;5713
d;1586;6696
d;1571;6590
d;1557;5851
d;1543;4992
d;1529;3857
d;1514;2479
d;1499;1120
d;1486;680
d;1474;546
d;1461;515
d;1447;448
d;1436;339
d;1425;268
d;1419;194
d;1417;153
d;1416;138
d;1415;144
d;1414;170
d;1411;196
d;1410;215
d;1409;235
d;1408;247
d;1408;235
d;1407;235
d;1407;246
d;1404;244
d;1403;235
d;1400;223
d;1399;199
d;1397;176
d;1396;154
d;1394;128
d;1391;93
e;1612522129.731983;2240
s;1612522130.335611;2240
d;268;835
d;241;809
d;228;627
d;218;491
d;217;388
d;222;591
d;222;694
d;222;607
d;220;603
d;220;671
d;220;635
d;220;497
d;219;363
d;219;393
d;219;184
d;216;230
d;216;669
d;231;700
d;237;648
d;226;641
d;218;1039
d;223;870
d;229;626
d;237;618
d;250;919
d;264;3870
d;281;4440
d;290;508
d;312;3136
d;329;9715
d;344;7909
d;362;7755
d;378;11113
d;397;10492
d;414;9719
d;433;6697
d;467;1418
d;468;146
d;473;157
d;495;93
e;1612522130.729778;2240
s;1612522144.978700;2240
d;1736;823
d;1677;1706
d;1660;2477
d;1645;3368
d;1631;4428
d;1617;4999
d;1605;5180
d;1592;4855
d;1579;4116
d;1566;3348
d;1552;2241
d;1539;1159
d;1528;411
d;1526;146
d;1523;122
d;1520;104
d;1516;78
d;1519;64
e;1612522145.160137;2240
s;1612522145.181644;2240
d;1525;65
d;1529;68
d;1536;68
e;1612522145.216496;2240
s;1612522145.383709;2240
d;1397;67
e;1612522145.399797;2240
s;1612522146.965468;2240
d;1802;752
d;1686;1512
d;1665;2198
d;1650;3152
d;1636;4442
d;1623;5594
d;1610;6497
d;1598;6214
d;1585;5457
d;1572;4758
d;1559;3663
d;1546;2602
d;1533;1237
d;1523;407
d;1522;146
d;1519;106
d;1516;95
d;1512;86
d;1505;67
d;1499;70
d;1495;78
d;1490;99
d;1486;99
d;1482;98
d;1477;67
e;1612522147.225355;2240
s;1612522147.415956;2240
d;1710;87
d;1695;88
d;1680;92
d;1666;83
d;1651;73
d;1636;68
e;1612522147.477464;2240
s;1612522154.361022;2240
d;878;653
d;467;532
d;334;615
d;285;892
d;273;1259
d;274;1506
d;273;987
d;272;959
d;272;922
d;272;930
d;272;940
d;272;950
d;271;1032
d;272;995
d;272;794
d;274;783
d;274;787
d;274;760
d;274;784
d;275;632
d;288;570
d;295;758
d;281;933
d;277;1385
d;280;1297
d;284;1139
d;288;1205
d;292;1911
d;298;5564
d;308;9775
d;319;9923
d;335;5338
d;350;4577
d;367;3225
d;387;3855
d;405;3999
d;421;2949
d;436;2381
d;452;1968
d;470;1526
d;486;1073
d;502;805
d;519;578
d;535;395
d;549;234
d;591;83
e;1612522154.824710;2240
s;1612522155.893552;2240
d;368;494
d;304;840
d;295;577
d;293;365
d;290;435
d;293;256
d;293;138
d;293;123
d;293;112
d;293;114
d;294;113
d;293;99
d;293;87
d;293;72
d;293;68
d;293;73
d;293;98
d;292;305
d;297;627
d;294;647
d;292;489
d;293;255
d;292;200
d;292;785
d;301;3500
d;312;8258
d;330;2641
d;340;1466
d;352;3127
d;368;2998
d;385;2281
d;402;1863
d;418;1654
d;437;1432
d;455;1256
d;474;1089
d;493;914
d;518;1022
d;552;2146
d;567;3278
d;581;8109
d;597;8056
d;620;3033
d;840;377
e;1612522156.338214;2240
s;1612522157.882320;2240
d;754;280
d;743;539
d;742;450
d;746;261
d;748;141
d;750;76
e;1612522157.949756;2240
s;1612522158.067243;2240
d;790;81
d;789;113
d;771;275
d;745;568
d;742;437
d;746;301
d;749;175
d;746;357
d;726;1736
d;736;2478
d;749;3677
d;762;7067
d;780;7288
d;800;5849
d;821;5187
d;855;693
d;865;215
d;868;163
d;872;156
d;895;240
d;916;232
d;946;369
d;978;1028
d;995;3894
d;1011;8587
d;1028;7092
d;1047;1686
d;1045;182
e;1612522158.348597;2240
s;1612522161.567098;2240
d;1359;283
d;562;583
d;321;763
d;272;1119
d;253;1228
d;253;1321
d;253;1005
d;250;929
d;251;916
d;250;892
d;250;873
d;250;836
d;250;879
d;251;853
d;251;734
d;250;751
d;250;766
d;251;796
d;252;656
d;258;433
d;272;605
d;270;812
d;253;1418
d;258;1223
d;260;1155
d;262;1274
d;267;1351
d;270;1951
d;280;3411
d;291;4392
d;309;3915
d;326;3811
d;341;3011
d;357;2249
d;372;1695
d;388;1426
d;404;1247
d;421;1021
d;436;850
d;452;733
d;470;624
d;486;504
d;504;378
d;516;252
d;518;128
e;1612522162.021509;2240
s;1612522165.676696;2240
d;754;169
d;742;227
d;736;201
d;736;126
d;736;114
d;735;119
d;736;105
d;738;84
d;738;68
d;739;65
d;741;65
e;1612522165.788856;2240
s;1612522165.812319;2240
d;761;69
d;762;73
d;761;95
d;756;167
d;743;234
d;729;272
d;728;166
d;730;87
d;733;72
d;735;99
d;737;111
d;740;84
d;744;74
d;749;73
d;754;68
d;758;76
d;764;69
d;770;72
d;777;73
d;784;73
d;791;66
d;798;66
d;806;74
d;814;82
d;822;74
e;1612522166.060179;2240
s;1612522167.421298;2240
d;848;118
d;847;115
d;846;118
d;846;116
d;845;105
d;845;95
d;846;81
d;847;67
e;1612522167.504066;2240
s;1612522167.644933;2240
d;875;84
d;873;102
d;871;119
d;869;125
d;867;126
d;866;112
d;864;122
d;863;127
d;857;168
d;825;531
d;808;1293
d;812;2085
d;818;5446
d;828;10424
d;837;11973
d;847;10632
d;859;7986
d;878;1963
d;895;1343
d;906;2390
d;917;3580
d;929;4841
d;941;5391
d;956;5132
d;970;4363
d;984;3287
d;998;2297
d;1021;3731
d;1042;4168
d;1057;5073
d;1068;4186
d;1079;5053
d;1092;3794
d;1091;525
e;1612522167.985538;2240
s;1612522171.954205;2240
d;2261;144
d;1188;352
d;515;563
d;407;252
d;360;195
d;274;431
d;252;261
d;240;214
d;234;191
d;230;188
d;228;158
d;227;144
d;226;136
d;225;140
d;224;126
d;223;112
d;221;101
d;220;93
d;219;94
d;218;147
d;217;193
d;222;329
d;238;656
d;240;441
d;236;186
d;234;144
d;234;140
d;233;158
d;236;230
d;248;511
d;259;494
d;264;203
d;264;130
d;266;120
d;270;158
d;281;176
d;292;174
d;303;169
d;316;174
d;320;152
d;325;132
d;331;104
d;338;80
e;1612522172.390781;2240
s;1612522174.252937;2240
d;382;241
d;320;306
d;290;271
d;282;170
d;268;196
d;255;239
d;251;169
d;248;161
d;247;125
d;246;114
d;244;104
d;242;112
d;241;103
d;240;105
d;238;105
d;237;89
d;236;84
d;235;84
d;234;91
d;233;104
d;232;114
d;236;278
d;250;520
d;261;618
d;257;271
d;249;184
d;248;148
d;242;209
d;237;252
d;237;206
d;238;175
d;242;223
d;259;507
d;274;639
d;285;405
d;291;250
d;301;274
d;326;577
d;352;5550
d;366;10143
d;382;7511
d;397;4433
d;411;2761
d;425;1768
d;440;1254
d;453;693
d;468;384
d;491;2855
d;502;4012
d;511;4968
d;523;5279
d;535;5593
d;554;2081
d;788;278
e;1612522174.800238;2240
s;1612522178.108949;2240
d;2106;730
d;1699;1733
d;1661;2806
d;1643;4276
d;1625;5764
d;1609;6488
d;1593;6124
d;1577;4868
d;1561;3658
d;1545;2149
d;1529;776
d;1518;395
d;1505;306
d;1491;281
d;1477;233
d;1473;159
d;1469;121
d;1465;103
d;1462;94
d;1458;89
d;1454;68
d;1450;70
e;1612522178.337446;2240
s;1612522178.357580;2240
d;1319;68
d;1320;66
d;1331;65
d;1329;64
d;1329;61
d;1328;65
d;1342;62
e;1612522178.420019;2240
s;1612522178.465157;2240
d;1377;86
d;1378;99
d;1378;91
d;1378;78
d;1391;105
d;2056;685
d;2210;1393
d;2201;1964
d;2184;2402
d;2169;2634
d;2155;2800
d;2141;2728
d;2126;2455
d;2110;2066
d;2095;1478
d;2082;876
d;2078;314
d;2078;139
d;2079;60
e;1612522178.657296;2240
s;1612522178.732579;2240
d;2054;83
d;2053;102
d;2052;122
d;2050;137
d;2048;139
d;2046;142
d;2044;143
d;2042;143
d;2040;140
d;2039;136
d;2037;141
d;2035;134
d;2034;128
d;2033;110
d;2031;92
d;2030;76
e;1612522178.901817;2240
s;1612522180.322501;2240
d;1634;1367
d;1616;2516
d;1599;4234
d;1583;5726
d;1568;6797
d;1554;7037
d;1540;6415
d;1525;5499
d;1510;3726
d;1495;1922
d;1477;477
d;1475;147
d;1472;94
d;1467;76
e;1612522180.473596;2240
s;1612522180.510796;2240
d;1302;87
d;1304;90
d;1304;78
e;1612522180.544375;2240
s;1612522180.697567;2240
d;1312;74
d;1312;78
d;1311;71
e;1612522180.733333;2240
s;1612522182.617925;2240
d;206;475
d;212;780
d;212;677
d;208;495
d;206;485
d;205;339
d;205;156
d;204;138
d;203;139
d;203;148
d;203;150
d;202;150
d;203;172
d;203;226
d;202;162
d;200;165
d;199;171
d;198;161
d;197;134
d;197;301
d;204;352
d;210;557
d;209;633
d;209;492
d;204;637
d;207;563
d;212;712
d;219;958
d;226;1886
d;236;7293
d;248;7750
d;263;6364
d;273;3870
d;285;1752
d;297;979
d;309;723
d;323;590
d;336;504
d;348;407
d;360;325
d;374;295
d;387;261
d;400;221
d;425;307
d;476;1744
d;490;3055
d;501;8150
d;515;11992
d;533;8365
d;720;1479
d;812;803
d;831;555
d;836;434
d;838;338
d;834;521
d;832;812
d;838;1305
d;846;2558
d;858;6943
d;874;12265
d;892;11669
d;909;8533
d;929;6240
d;949;7494
d;968;8665
d;989;7543
d;1011;5239
d;1033;3469
d;1062;3885
d;1089;3810
d;1107;3845
d;1126;2466
d;928;367
e;1612522183.355142;2240
s;1612522184.888008;2240
d;2026;355
d;1730;1064
d;1690;2049
d;1672;3182
d;1656;4765
d;1641;6324
d;1626;7731
d;1613;8084
d;1600;7532
d;1587;6550
d;1574;4991
d;1561;3577
d;1548;2185
d;1535;1044
d;1525;734
d;1514;652
d;1502;586
d;1489;558
d;1477;458
d;1466;385
d;1457;277
d;1448;209
d;1445;159
d;1445;160
d;1446;193
d;1452;244
d;1454;299
d;1454;336
d;1453;374
d;1452;393
d;1450;398
d;1449;401
d;1449;397
d;1447;401
d;1448;399
d;1449;399
d;1447;404
d;1448;389
d;1446;356
d;1441;297
d;1437;240
d;1433;193
d;1432;153
d;1431;130
d;1431;114
d;1430;117
d;1430;116
d;1429;106
d;1427;89
d;1405;67
e;1612522185.388260;2240
s;1612522185.838685;2240
d;1250;364
d;326;1281
d;282;1433
d;280;1577
d;282;727
d;279;338
d;279;219
d;279;107
d;279;106
d;279;119
d;279;115
d;279;116
d;278;118
d;278;113
d;279;72
d;278;79
d;278;81
d;278;77
d;278;88
d;276;167
d;279;537
d;284;535
d;280;420
d;280;524
d;282;444
d;280;368
d;281;384
d;283;356
d;287;550
d;295;892
d;305;1261
d;316;1482
d;326;913
d;335;556
d;351;506
d;367;512
d;384;490
d;401;497
d;419;510
d;436;473
d;454;459
d;470;411
d;487;382
d;505;328
d;520;260
d;532;193
d;535;106
e;1612522186.318969;2240
s;1612522186.528528;2240
d;2367;440
d;1756;1451
d;1709;2648
d;1692;3915
d;1678;4890
d;1665;6572
d;1652;7778
d;1639;8604
d;1627;8621
d;1615;7759
d;1603;6656
d;1590;5443
d;1577;3924
d;1564;2253
d;1552;969
d;1543;316
d;1540;170
d;1538;130
d;1535;105
d;1531;75
e;1612522186.732192;2240
s;1612522186.764758;2240
d;1953;72
d;1927;70
d;1903;71
d;1876;65
e;1612522186.812832;2240
s;1612522186.991272;2240
d;1608;81
d;1599;75
d;1618;72
e;1612522187.017686;2240
s;1612522188.306316;2240
d;1808;1014
d;1701;1981
d;1680;3295
d;1665;4817
d;1651;6240
d;1638;7926
d;1625;8976
d;1613;8785
d;1600;7924
d;1587;6988
d;1574;5532
d;1561;3944
d;1548;2307
d;1534;1078
d;1523;645
d;1511;544
d;1499;484
d;1488;391
d;1478;267
d;1474;175
d;1472;128
d;1469;96
d;1466;87
d;1463;79
d;1460;77
d;1456;71
d;1453;73
d;1451;69
d;1459;76
d;1457;74
d;1454;72
d;1452;72
d;1449;76
d;1446;74
d;1445;78
d;1443;82
d;1441;82
d;1440;81
d;1438;82
d;1437;96
d;1436;97
d;1435;83
d;1434;76
e;1612522188.747655;2240
s;1612522189.726865;2240
d;1971;463
d;1692;1005
d;1650;1749
d;1635;2410
d;1621;3396
d;1607;4249
d;1594;4938
d;1581;4929
d;1569;4545
d;1556;3962
d;1543;3158
d;1529;2352
d;1515;1474
d;1501;709
d;1488;421
d;1476;363
d;1463;319
d;1453;257
d;1445;195
d;1444;133
d;1442;106
d;1439;100
d;1437;96
d;1434;82
d;1441;84
d;1438;79
d;1434;72
d;1430;72
d;1426;70
d;1423;73
d;1419;74
d;1418;65
d;1305;180
d;572;573
d;375;535
d;308;639
d;286;845
d;284;1216
d;286;941
d;285;816
d;284;799
d;283;801
d;282;815
d;282;823
d;282;906
d;283;1006
d;283;870
d;284;874
d;285;879
d;285;855
d;284;812
d;284;782
d;288;615
d;293;565
d;289;767
d;284;1270
d;287;2657
d;295;5644
d;304;10087
d;316;12498
d;329;8524
d;342;5017
d;355;3378
d;371;2677
d;387;2313
d;402;2114
d;420;2410
d;436;2933
d;452;6260
d;469;3901
d;486;1320
d;500;900
d;518;734
d;535;575
d;552;391
d;565;226
d;585;84
e;1612522190.503424;2240
s;1612522192.988262;2240
d;785;165
d;777;231
d;770;290
d;768;239
d;767;213
d;764;237
d;763;235
d;764;206
d;763;199
d;763;206
d;763;206
d;761;227
d;762;234
d;761;242
d;761;228
d;761;225
d;761;232
d;760;259
d;761;273
d;763;303
d;763;314
d;762;290
d;761;274
d;760;356
d;758;656
d;757;1276
d;767;1604
d;780;1672
d;796;1191
d;812;881
d;827;672
d;842;535
d;856;465
d;870;407
d;882;368
d;897;334
d;913;303
d;926;267
d;939;241
d;952;221
d;958;166
d;960;103
e;1612522193.413915;2240
s;1612522194.368498;2240
d;1725;1084
d;1680;2176
d;1664;3569
d;1649;5230
d;1635;6912
d;1621;8412
d;1607;8951
d;1594;8451
d;1581;6942
d;1569;5451
d;1557;3620
d;1545;1994
d;1533;1320
d;1522;917
d;1512;710
d;1501;653
d;1489;629
d;1479;622
d;1468;583
d;1458;501
d;1449;431
d;1441;342
d;1433;287
d;1429;239
d;1429;221
d;1431;225
d;1435;262
d;1438;298
d;1442;331
d;1440;354
d;1440;382
d;1443;336
d;1410;121
d;1348;151
d;740;352
d;507;287
d;479;157
d;398;206
d;381;156
d;364;156
d;354;147
d;345;134
d;336;133
d;328;131
d;320;151
d;294;179
d;288;142
d;281;138
d;275;138
d;267;156
d;246;191
d;220;266
d;215;401
d;215;318
d;205;216
d;198;208
d;195;216
d;196;397
d;218;1150
d;230;1349
d;234;537
d;246;438
d;266;657
d;288;4390
d;302;8558
d;316;8679
d;333;8547
d;349;10100
d;366;10028
d;382;10733
d;399;9239
d;419;3182
d;435;442
d;437;151
d;441;86
e;1612522195.134675;2240
s;1612522195.799952;2240
d;864;116
d;850;213
d;836;251
d;826;325
d;825;218
d;824;158
d;824;149
d;824;120
d;825;98
d;826;84
d;827;84
d;829;80
d;830;79
d;831;82
d;832;76
d;833;71
d;833;92
d;833;113
d;831;173
d;821;280
d;812;418
d;810;382
d;813;244
d;815;215
d;815;242
d;818;369
d;815;911
d;824;1241
d;837;1244
d;850;746
d;863;319
d;874;230
d;885;203
d;896;199
d;906;204
d;919;210
d;932;201
d;947;195
d;955;163
d;959;146
d;981;203
d;1028;437
d;1054;466
d;1074;566
d;1085;434
d;1085;150
e;1612522196.275110;2240
s;1612522198.162274;2240
d;839;212
d;824;243
d;818;211
d;801;314
d;777;582
d;770;904
d;774;1210
d;775;1232
d;774;1215
d;773;1219
d;773;1243
d;773;1254
d;773;1268
d;773;1272
d;775;1275
d;775;1260
d;777;1097
d;784;720
d;790;343
d;791;293
d;775;663
d;773;1286
d;782;2258
d;795;2810
d;810;2452
d;827;2072
d;843;4453
d;859;10956
d;876;6313
d;893;3883
d;909;3462
d;926;3242
d;944;2387
d;959;7296
d;973;6062
d;993;1961
d;1009;779
d;1021;447
d;1027;233
d;1024;65
e;1612522198.572011;2240
s;1612522199.314292;2240
d;712;297
d;694;309
d;676;421
d;664;550
d;654;776
d;653;1096
d;653;1150
d;653;1159
d;651;1209
d;651;1265
d;651;1283
d;651;1294
d;650;1317
d;651;1334
d;652;1328
d;651;1334
d;653;1285
d;654;1127
d;659;709
d;665;364
d;665;393
d;662;537
d;654;782
d;654;1328
d;659;1695
d;665;1766
d;671;1780
d;679;1867
d;689;1980
d;701;1951
d;717;1564
d;734;1295
d;751;1134
d;768;1019
d;785;925
d;804;839
d;822;764
d;841;691
d;858;608
d;875;508
d;891;357
d;897;190
e;1612522199.740123;2240
s;1612522228.832118;2240
d;1810;461
d;1705;1082
d;1688;1697
d;1679;2170
d;1671;2860
d;1663;3214
d;1655;3918
d;1647;4768
d;1639;5329
d;1632;6062
d;1625;6926
d;1617;7323
d;1611;7521
d;1605;7470
d;1597;7255
d;1590;6533
d;1583;6175
d;1575;5788
d;1569;4997
d;1562;4475
d;1555;3532
d;1547;2882
d;1541;2412
d;1533;1526
d;1527;693
d;1520;376
d;1513;286
d;1507;243
d;1502;214
d;1498;194
d;1490;204
d;1488;156
d;1486;130
d;1483;105
d;1480;99
d;1476;86
d;1472;81
d;1469;91
d;1467;92
d;1464;84
d;1461;97
d;1459;90
d;1455;85
d;1453;92
d;1450;90
d;1440;74
d;1433;67
d;1437;62
d;1438;61
e;1612522229.325248;2240
s;1612522229.600718;2240
d;1360;66
d;1362;68
d;1364;76
d;1367;90
d;1370;90
d;1373;97
d;1374;86
d;1376;92
d;1377;84
d;1377;68
d;1377;67
d;1377;72
d;1367;65
e;1612522229.732516;2240
s;1612522232.677012;2240
d;2692;239
d;2007;563
d;1742;983
d;1705;1388
d;1695;1775
d;1686;2229
d;1677;2780
d;1668;3306
d;1660;4001
d;1652;4853
d;1643;5209
d;1635;5982
d;1628;6215
d;1621;6034
d;1613;5661
d;1605;5406
d;1597;4969
d;1589;4550
d;1581;3836
d;1574;3095
d;1566;2759
d;1558;1936
d;1550;1007
d;1541;566
d;1536;294
d;1532;166
d;1530;123
d;1528;112
d;1526;96
d;1522;95
d;1520;86
d;1515;69
e;1612522232.995273;2240
s;1612522234.682921;2240
d;1679;437
d;1639;815
d;1623;1118
d;1615;1588
d;1606;2026
d;1599;2488
d;1592;2895
d;1584;3112
d;1578;3187
d;1572;3365
d;1565;3336
d;1560;3497
d;1554;3331
d;1546;3034
d;1540;2762
d;1533;2361
d;1526;2031
d;1517;1629
d;1510;1067
d;1501;615
d;1493;427
d;1485;319
d;1477;281
d;1469;278
d;1462;267
d;1455;274
d;1448;276
d;1442;249
d;1436;246
d;1429;222
d;1422;195
d;1418;171
d;1415;131
d;1413;98
d;1409;79
d;1404;66
e;1612522235.055613;2240
s;1612522239.708405;2240
d;919;118
d;919;147
d;918;187
d;917;202
d;917;206
d;917;178
d;917;161
d;917;153
d;917;149
d;917;134
d;917;130
d;916;136
d;917;130
d;916;144
d;916;144
d;916;153
d;916;150
d;915;154
d;915;149
d;915;149
d;915;144
d;915;138
d;915;135
d;916;140
d;915;196
d;911;251
d;910;342
d;908;329
d;909;312
d;907;443
d;903;700
d;908;965
d;916;1185
d;925;1259
d;934;1283
d;944;1143
d;957;1434
d;968;3735
d;978;7618
d;989;10659
d;1000;12551
d;1010;13938
d;1021;15228
d;1033;14364
d;1046;13074
d;1058;10904
d;1069;8578
d;1081;6382
d;1092;4964
d;1103;3615
d;1116;1600
d;1122;420
d;1122;118
e;1612522240.255484;2240
s;1612522271.226962;2240
d;1689;935
d;1628;1718
d;1609;2884
d;1594;4372
d;1580;5804
d;1566;6979
d;1552;6859
d;1539;6373
d;1524;5503
d;1510;3746
d;1495;2261
d;1478;983
d;1465;509
d;1451;404
d;1439;349
d;1426;263
d;1420;174
d;1418;133
d;1415;125
d;1414;116
d;1411;115
d;1408;96
d;1404;88
d;1397;63
e;1612522271.476903;2240
s;1612522271.595578;2240
d;1253;101
d;1259;125
d;1264;131
d;1268;103
d;1263;83
e;1612522271.645681;2240
s;1612522272.849217;2240
d;1693;854
d;1661;1470
d;1645;2347
d;1631;3380
d;1617;4413
d;1604;5349
d;1592;5911
d;1580;5562
d;1567;5256
d;1555;4606
d;1541;3262
d;1528;2222
d;1516;990
d;1503;471
d;1494;285
d;1484;231
d;1476;200
d;1473;146
d;1470;102
d;1475;69
e;1612522273.051186;2240
s;1612522273.079433;2240
d;1328;68
d;1329;72
d;1332;68
e;1612522273.109052;2240
s;1612522273.287898;2240
d;1363;72
d;1362;69
e;1612522273.302524;2240
s;1612522275.362169;2240
d;2298;459
d;2288;700
d;2274;1040
d;2262;1477
d;2250;1875
d;2239;2428
d;2227;2795
d;2217;2797
d;2206;2798
d;2197;2669
d;2187;2445
d;2177;2220
d;2167;1781
d;2159;1418
d;2150;1106
d;2143;778
d;2134;626
d;2129;441
d;2124;316
d;2121;244
d;2116;221
d;2110;208
d;2102;217
d;2098;188
d;2094;172
d;2088;165
d;2084;135
d;2078;115
d;2068;105
d;1909;302
d;1670;855
d;1608;1773
d;1586;3037
d;1571;4545
d;1556;6045
d;1542;6943
d;1529;6779
d;1517;5714
d;1504;4473
d;1490;3099
d;1477;1935
d;1462;906
d;1448;607
d;1435;565
d;1422;541
d;1408;537
d;1396;503
d;1383;450
d;1372;400
d;1362;316
d;1355;250
d;1350;211
d;1349;170
d;1352;193
d;1355;239
d;1360;322
d;1365;408
d;1369;503
d;1368;558
d;1368;599
d;1366;597
d;1367;590
d;1365;598
d;1365;604
d;1365;601
d;1363;617
d;1365;640
d;1363;617
d;1358;561
d;1351;466
d;1348;402
d;1346;312
d;1344;222
d;1342;184
d;1342;158
d;1341;150
d;1341;138
d;1339;116
d;1330;94
d;1301;69
e;1612522276.171139;2240
s;1612522277.863655;2240
d;2235;318
d;2231;531
d;2223;775
d;2210;1106
d;2201;1419
d;2191;1718
d;2180;2135
d;2170;2482
d;2161;2685
d;2152;2766
d;2144;2738
d;2135;2833
d;2127;2815
d;2117;2667
d;2107;2379
d;2098;2050
d;2089;1772
d;2080;1357
d;2071;1080
d;2066;560
d;2063;334
d;2060;233
d;2058;184
d;2056;186
d;2055;124
d;2056;89
d;2056;77
e;1612522278.137846;2240
s;1612522278.347954;2240
d;1671;1542
d;1646;2771
d;1631;4035
d;1616;5801
d;1602;7434
d;1588;8786
d;1575;8807
d;1562;7784
d;1548;6577
d;1535;4624
d;1521;3125
d;1507;1244
d;1497;504
d;1489;267
d;1481;208
d;1474;175
d;1471;124
d;1467;95
d;1464;92
d;1461;98
d;1457;102
d;1453;79
d;1448;70
e;1612522278.582049;2240
s;1612522278.704345;2240
d;1414;100
d;1413;119
d;1413;108
d;1410;81
e;1612522278.752819;2240
s;1612522279.498771;2240
d;2301;326
d;2295;492
d;2285;744
d;2274;1030
d;2262;1286
d;2253;1548
d;2243;1683
d;2233;1695
d;2224;1717
d;2214;1646
d;2206;1442
d;2197;1294
d;2189;1103
d;2182;878
d;2174;701
d;2169;510
d;2162;405
d;2157;321
d;2154;209
d;2154;146
d;2153;119
d;2152;99
d;2152;92
d;2151;86
d;2149;89
d;2148;86
d;2146;78
d;2145;65
e;1612522279.777507;2240
s;1612522281.089221;2240
d;1887;931
d;1684;2137
d;1654;3506
d;1634;5123
d;1615;6189
d;1597;5853
d;1580;4829
d;1561;3360
d;1543;1814
d;1527;684
d;1514;368
d;1501;375
d;1490;325
d;1477;515
d;1457;503
d;1455;128
d;1452;75
d;1447;69
e;1612522281.276140;2240
s;1612522281.401107;2240
d;1367;77
d;1368;67
e;1612522281.423734;2240
s;1612522297.761784;2240
d;1843;738
d;1690;1426
d;1665;2320
d;1648;3641
d;1632;5130
d;1617;6201
d;1603;6144
d;1589;5583
d;1575;4889
d;1560;3672
d;1545;2152
d;1531;775
d;1521;268
d;1514;181
d;1511;156
d;1507;107
d;1502;72
e;1612522297.939500;2240
s;1612522297.955126;2240
d;1174;69
d;1183;64
e;1612522297.973551;2240
s;1612522298.141549;2240
d;1393;64
e;1612522298.141549;2240
s;1612522299.128722;2240
d;1860;654
d;1724;1473
d;1700;2396
d;1682;3443
d;1666;4830
d;1651;5950
d;1636;6374
d;1621;5843
d;1606;5091
d;1591;3688
d;1575;2499
d;1560;900
d;1552;297
d;1550;142
d;1547;105
d;1543;81
e;1612522299.290081;2240
s;1612522299.323818;2240
d;1678;73
d;1685;74
d;1707;67
e;1612522299.362466;2240
s;1612522299.504919;2240
d;2316;79
d;2272;76
e;1612522299.521007;2240
s;1612522300.219574;2240
d;365;268
d;362;355
d;361;185
d;359;167
d;360;90
d;360;65
e;1612522300.279691;2240
s;1612522300.330157;2240
d;358;94
d;358;70
d;358;61
d;358;64
d;358;110
d;360;212
d;359;213
d;358;183
d;358;290
d;360;578
d;372;4489
d;387;4588
d;404;1715
d;424;1467
d;446;3052
d;462;6961
d;479;5546
d;500;5717
d;519;5270
d;538;5888
d;558;4869
d;590;2235
d;608;4429
d;627;6656
d;648;2943
d;1129;329
e;1612522300.586522;2240
s;1612522303.468151;2240
d;220;483
d;230;668
d;228;352
d;227;148
d;225;111
d;222;69
d;220;67
d;218;67
d;216;82
d;214;75
d;212;87
d;211;90
d;210;69
d;208;66
d;207;66
d;206;78
d;204;109
d;207;269
d;226;553
d;238;583
d;236;302
d;224;279
d;221;226
d;219;172
d;219;181
d;223;230
d;233;379
d;251;646
d;264;738
d;279;563
d;295;460
d;313;518
d;344;1613
d;363;1734
d;381;1225
d;398;853
d;413;577
d;428;414
d;449;514
d;467;765
d;483;836
d;500;550
d;551;188
e;1612522303.907787;2240
s;1612522309.201253;2240
d;147;620
d;225;564
d;263;866
d;253;1167
d;238;1572
d;241;1269
d;240;760
d;237;680
d;239;652
d;239;607
d;237;592
d;237;582
d;235;696
d;236;661
d;235;626
d;236;646
d;236;638
d;238;658
d;237;752
d;238;737
d;248;598
d;266;874
d;260;987
d;239;1598
d;240;3452
d;243;5387
d;259;12839
d;274;5792
d;285;4056
d;298;3560
d;313;3207
d;329;2793
d;345;2480
d;361;2215
d;378;2439
d;395;6969
d;413;6216
d;429;4913
d;447;3655
d;465;3319
d;483;5499
d;500;4630
d;517;8472
d;538;6810
d;553;3146
d;577;2703
d;1199;285
e;1612522309.684479;2240
s;1612522312.532189;2240
d;343;1181
d;286;4395
d;290;1724
d;285;2085
d;280;5198
d;282;7854
d;283;7993
d;282;7874
d;281;7980
d;281;8118
d;281;8295
d;281;8453
d;281;8608
d;281;8730
d;282;8867
d;282;8915
d;283;8962
d;284;8880
d;285;8064
d;284;7621
d;287;4384
d;297;1295
d;286;2927
d;282;7502
d;287;11161
d;294;11941
d;301;12703
d;310;13226
d;321;11727
d;333;10567
d;348;9595
d;363;9096
d;379;8406
d;395;7847
d;411;7112
d;428;6496
d;445;5901
d;461;5398
d;479;4856
d;497;4446
d;517;4332
d;534;3776
d;551;6591
d;573;4033
d;596;4018
d;1614;419
e;1612522313.004589;2240
s;1612522315.385049;2240
d;296;560
d;297;626
d;294;547
d;289;535
d;286;476
d;285;358
d;286;271
d;286;189
d;285;164
d;285;156
d;285;153
d;284;152
d;284;148
d;284;121
d;283;96
d;283;97
d;283;118
d;282;121
d;282;162
d;282;359
d;290;462
d;293;682
d;292;653
d;288;581
d;288;592
d;290;427
d;292;375
d;298;1048
d;303;3834
d;312;11206
d;325;7357
d;336;3927
d;352;1258
d;364;505
d;377;353
d;392;320
d;406;300
d;420;268
d;433;237
d;446;220
d;458;190
d;467;170
d;486;206
d;511;249
d;556;964
d;568;4421
d;584;4174
d;1046;508
d;1153;61
e;1612522315.881674;2240
s;1612522319.810881;2240
d;1005;257
d;827;289
d;731;274
d;691;217
d;688;142
d;684;135
d;681;81
d;679;64
d;677;73
d;674;84
d;673;66
d;672;64
d;671;67
d;669;68
d;668;72
d;666;85
d;663;83
d;661;84
d;659;75
d;658;72
d;656;82
d;655;93
d;652;120
d;640;190
d;630;194
d;629;137
d;629;130
d;628;123
d;627;125
d;626;126
d;625;134
d;624;147
d;618;225
d;600;557
d;598;689
d;610;457
d;624;310
d;638;276
d;653;252
d;667;236
d;682;225
d;697;218
d;712;219
d;727;211
d;742;214
d;758;212
d;773;208
d;788;201
d;801;193
d;806;157
d;809;114
d;813;78
e;1612522320.335299;2240
s;1612522320.352706;2240
d;866;69
e;1612522320.361865;2240
s;1612522321.886246;2240
d;757;110
d;752;184
d;740;233
d;734;229
d;728;240
d;725;221
d;722;212
d;722;200
d;721;207
d;721;207
d;720;204
d;719;198
d;719;194
d;718;204
d;718;227
d;715;251
d;716;250
d;718;243
d;702;544
d;678;1130
d;679;6462
d;690;10620
d;706;10697
d;722;9139
d;745;2903
d;769;451
d;774;162
d;777;120
d;780;112
d;785;106
d;790;105
d;796;114
d;809;162
d;849;229
d;907;419
d;952;6549
d;967;8374
d;983;8173
d;999;7634
d;1014;8814
d;1013;999
d;1014;108
e;1612522322.308276;2240
s;1612522327.531991;2240
d;1677;1889
d;1620;4066
d;1599;6397
d;1581;9106
d;1563;11012
d;1547;10563
d;1530;9109
d;1513;6632
d;1496;3664
d;1479;1262
d;1464;554
d;1447;526
d;1433;301
d;1430;153
d;1427;82
d;1423;88
d;1420;122
d;1417;127
d;1414;110
d;1409;87
d;1391;60
e;1612522327.735098;2240
s;1612522327.844454;2240
d;1337;139
d;1342;168
d;1343;154
d;1343;140
d;1342;89
e;1612522327.894789;2240
s;1612522330.302233;2240
d;1643;1961
d;1607;3482
d;1588;5558
d;1571;7599
d;1554;9275
d;1538;8988
d;1521;7513
d;1504;5601
d;1487;3140
d;1469;989
d;1457;236
d;1455;123
d;1451;93
e;1612522330.434808;2240
s;1612522330.467682;2240
d;1498;83
d;1491;100
d;1485;119
d;1478;134
d;1472;145
d;1462;157
d;1454;155
d;1446;157
d;1437;160
d;1429;159
d;1421;164
d;1412;170
d;1405;161
d;1402;147
d;1399;140
d;1396;132
d;1393;110
d;1389;84
d;1382;64
e;1612522330.659256;2240
s;1612522330.945702;2240
d;2204;437
d;2265;850
d;2260;1304
d;2244;1792
d;2228;2161
d;2212;2194
d;2197;2118
d;2183;1854
d;2168;1493
d;2155;1097
d;2142;759
d;2131;513
d;2123;352
d;2114;299
d;2106;267
d;2098;231
d;2092;193
d;2091;154
d;2090;129
d;2089;122
d;2088;108
d;2089;107
d;2089;109
d;2089;119
d;2089;132
d;2088;137
d;2088;140
d;2087;145
d;2086;142
d;2085;134
d;2085;127
d;2083;112
d;2083;96
d;2082;82
d;2081;63
e;1612522331.301416;2240
s;1612522332.560158;2240
d;1613;161
d;2039;464
d;2223;765
d;2243;1070
d;2228;1367
d;2212;1712
d;2196;1697
d;2182;1699
d;2169;1678
d;2154;1589
d;2139;1274
d;2125;964
d;2113;653
d;2111;246
d;2113;80
e;1612522332.713948;2240
s;1612522335.397055;2240
d;1729;971
d;1667;1869
d;1649;3051
d;1634;4241
d;1619;5225
d;1605;5709
d;1591;5141
d;1577;4076
d;1564;2931
d;1551;1617
d;1539;824
d;1529;409
d;1518;247
d;1511;181
d;1509;151
d;1506;131
d;1502;101
d;1496;75
e;1612522335.582396;2240
s;1612522335.624529;2240
d;1221;83
d;1229;92
d;1237;119
d;1246;136
d;1261;159
d;1292;185
d;1326;208
d;1360;242
d;1386;280
d;1403;290
d;1410;296
d;1413;290
d;1414;292
d;1413;294
d;1412;273
d;1410;266
d;1410;265
d;1411;261
d;1411;262
d;1410;260
d;1410;253
d;1410;256
d;1410;264
d;1411;263
d;1409;239
d;1407;217
d;1403;195
d;1402;178
d;1401;149
d;1400;133
d;1401;124
d;1401;131
d;1400;118
d;1399;102
d;1397;91
d;1369;70
e;1612522335.978180;2240
s;1612522339.241478;2240
d;1893;249
d;2138;390
d;2266;610
d;2294;870
d;2285;1089
d;2273;1230
d;2261;1332
d;2249;1344
d;2238;1419
d;2225;1354
d;2213;1210
d;2200;1119
d;2188;842
d;2179;577
d;2174;303
d;2171;196
d;2171;124
d;2170;110
d;2169;88
d;2168;65
e;1612522339.430771;2240
s;1612522344.013149;2240
d;2117;370
d;2226;686
d;2243;901
d;2233;1320
d;2221;1700
d;2209;1776
d;2198;1593
d;2190;1357
d;2180;1058
d;2151;548
d;1736;1285
d;1577;3163
d;1550;4952
d;1532;6997
d;1515;8337
d;1499;7789
d;1482;6499
d;1464;4335
d;1446;2405
d;1427;644
d;1418;178
d;1414;105
d;1408;70
e;1612522344.247387;2240
s;1612522344.269969;2240
d;1245;103
d;1249;113
d;1252;129
d;1253;89
d;1253;70
e;1612522344.321744;2240
s;1612522344.421307;2240
d;849;79
d;873;130
d;894;114
d;913;91
e;1612522344.472343;2240
s;1612522353.351306;2240
d;233;508
d;251;690
d;249;590
d;235;496
d;233;618
d;233;377
d;230;314
d;230;285
d;230;278
d;228;272
d;228;267
d;228;270
d;229;274
d;229;238
d;229;251
d;230;248
d;232;253
d;231;246
d;228;233
d;229;343
d;242;485
d;257;716
d;251;556
d;236;497
d;234;459
d;235;458
d;238;542
d;244;783
d;256;1975
d;266;6204
d;279;6494
d;296;2633
d;304;2944
d;317;2134
d;334;6454
d;348;11449
d;364;11501
d;381;4634
d;397;5145
d;413;4128
d;430;2753
d;446;2350
d;459;9782
d;479;2400
d;501;764
d;518;1516
d;532;787
d;565;177
e;1612522353.831037;2240
s;1612522356.202971;2240
d;240;5198
d;242;9408
d;242;10696
d;243;12455
d;244;12350
d;245;11420
d;245;10145
d;244;9018
d;244;9047
d;243;10864
d;244;11073
d;244;11419
d;244;11732
d;245;11620
d;245;11078
d;244;10277
d;243;9194
d;244;3701
d;241;1619
d;240;2739
d;240;13164
d;249;2854
d;258;3081
d;269;3397
d;281;3490
d;295;4945
d;308;11196
d;324;11641
d;340;13935
d;356;4220
d;372;8404
d;389;6763
d;405;8426
d;421;7313
d;438;10737
d;457;6171
d;483;4249
d;498;13101
d;511;9434
d;523;6316
d;542;4312
d;566;1148
d;599;109
e;1612522356.629308;2240
s;1612522367.087928;2240
d;415;222
d;394;232
d;379;213
d;359;292
d;353;197
d;352;153
d;350;129
d;350;122
d;349;108
d;348;108
d;347;119
d;347;97
d;346;76
d;346;87
d;345;114
d;346;193
d;346;217
d;344;204
d;342;546
d;348;2465
d;359;10354
d;374;9483
d;392;1780
d;411;908
d;431;1614
d;446;3223
d;464;3713
d;482;4320
d;499;4289
d;516;5609
d;535;5241
d;564;1090
d;587;1320
d;598;7072
d;618;3474
d;980;1260
e;1612522367.445085;2240
