1611328609.339254;538;326;2244
1611328609.342800;541;324;2248
1611328609.345937;542;327;2248
1611328609.348244;542;326;2246
1611328609.350066;542;325;2248
1611328609.352039;543;326;2240
1611328609.353996;544;323;2240
1611328609.356436;543;322;2240
1611328609.358569;543;328;2246
1611328609.360527;544;325;2242
1611328609.362504;544;319;2244
1611328609.364472;543;322;2246
1611328609.365463;542;325;2248
1611328609.367157;541;325;2248
1611328609.368504;542;329;2248
1611328609.369500;543;321;2248
1611328609.370800;544;327;2248
1611328609.371832;543;322;2246
1611328609.372822;545;321;2248
1611328609.373769;544;323;2248
1611328609.374766;543;327;2248
1611328609.375117;544;321;2248
1611328609.376118;544;325;2248
1611328609.384969;544;319;2242
1611328609.386080;543;329;2246
1611328609.387088;543;321;2244
1611328609.388079;543;326;2246
1611328609.388079;543;326;2248
1611328609.388968;545;327;2248
1611328609.389971;544;318;2246
1611328609.390985;543;326;2248
1611328609.391516;542;328;2248
1611328609.392523;544;318;2246
1611328609.393138;544;322;2242
1611328609.394145;542;323;2240
1611328609.394730;542;323;2248
1611328609.395738;543;327;2244
1611328609.396336;542;324;2246
1611328609.397345;542;326;2248
1611328609.398015;541;325;2242
1611328609.399084;541;329;2248
1611328609.399663;543;321;2246
1611328609.400671;542;321;2246
1611328609.401284;543;323;2244
1611328609.402517;542;321;2248
1611328609.403556;543;327;2244
1611328609.404535;543;324;2244
1611328609.405213;543;324;2248
1611328609.405213;544;328;2246
1611328609.406563;542;325;2248
1611328609.406563;543;325;2246
1611328609.407899;544;325;2242
1611328609.407899;545;321;2246
1611328609.409244;544;321;2246
1611328609.409244;544;322;2246
1611328609.410451;543;321;2244
1611328609.410451;543;323;2242
1611328609.411600;542;328;2248
1611328609.412839;523;321;2240
1611328609.413854;534;327;2240
1611328609.413985;539;319;2240
1611328609.415085;541;322;2240
1611328609.415085;542;323;2240
1611328609.416223;542;318;2240
1611328609.416223;544;320;2240
1611328609.417325;543;323;2240
1611328609.417325;544;320;2240
1611328609.418330;544;320;2240
1611328609.418966;544;320;2240
1611328609.419970;544;320;2240
1611328609.419970;544;321;2240
1611328609.420969;544;325;2240
1611328609.421830;543;328;2240
1611328609.421830;542;318;2240
1611328609.422837;542;317;2240
1611328609.422837;544;323;2240
1611328609.423834;544;324;2240
1611328609.423834;543;318;2240
1611328609.424834;543;328;2240
1611328609.424834;544;327;2240
1611328609.425833;544;326;2240
1611328609.426839;543;318;2240
1611328609.427473;543;322;2240
1611328609.427473;542;325;2240
1611328609.428622;544;325;2240
1611328609.428622;543;320;2240
1611328609.429792;543;323;2240
1611328609.429792;544;327;2240
1611328609.430940;544;332;2240
1611328609.430940;542;320;2240
1611328609.432105;543;318;2240
1611328609.432105;544;321;2240
1611328609.433111;545;322;2240
1611328609.433644;544;320;2240
1611328609.433644;543;324;2240
1611328609.434646;543;319;2240
1611328609.435643;543;322;2240
1611328609.436261;542;326;2240
1611328609.436261;542;321;2240
1611328609.437449;543;326;2240
1611328609.437449;542;327;2240
1611328609.438488;543;324;2240
1611328609.438640;543;322;2240
1611328609.439691;543;327;2240
1611328609.439691;543;324;2240
1611328609.440807;543;326;2240
1611328609.440807;544;322;2240
1611328609.441848;544;328;2240
1611328609.441997;544;323;2240
1611328609.443045;545;324;2240
1611328609.444232;544;329;2240
1611328609.450296;544;329;2240
1611328609.460598;544;324;2240
1611328609.470641;543;324;2240
1611328609.480767;544;321;2240
1611328609.491231;544;321;2240
1611328609.502117;544;331;2240
1611328609.512202;544;325;2240
1611328609.522283;544;326;2240
1611328609.533377;542;325;2240
1611328609.542382;543;325;2240
1611328609.553185;543;325;2240
1611328609.562492;542;324;2240
1611328609.578337;543;324;2240
1611328609.582526;541;326;2240
1611328609.596283;541;319;2240
1611328609.609096;541;326;2240
1611328609.616010;542;320;2240
1611328609.625381;543;322;2240
1611328609.638914;543;319;2240
1611328609.646878;542;321;2240
1611328609.656555;542;318;2240
1611328609.663931;542;321;2240
1611328609.679707;543;326;2242
1611328609.689364;543;317;2242
1611328609.692436;544;321;2240
1611328609.705849;544;317;2242
1611328609.712688;544;321;2240
1611328609.723259;543;332;2246
1611328609.734025;544;324;2246
1611328609.744004;543;320;2244
1611328609.753862;543;320;2244
1611328609.764158;543;323;2246
1611328609.772627;543;317;2242
1611328609.790325;542;325;2248
1611328609.800391;542;323;2246
1611328609.806374;543;328;2240
1611328609.815213;543;326;2242
1611328609.824978;544;323;2248
1611328609.840075;542;322;2248
1611328609.847189;544;323;2246
1611328609.860373;543;324;2244
1611328609.870965;543;321;2246
1611328609.874303;544;323;2246
1611328609.891122;543;321;2248
1611328609.893623;544;324;2244
1611328609.905470;544;323;2246
1611328609.921453;545;318;2246
1611328609.924606;543;326;2248
1611328609.938961;543;322;2248
1611328609.945444;543;327;2248
1611328609.955729;542;321;2248
1611328609.965590;544;326;2248
1611328609.975687;545;329;2248
1611328609.985713;545;328;2248
1611328609.996620;545;323;2248
1611328610.006055;543;320;2248
1611328610.022063;544;321;2248
1611328610.032012;545;324;2248
1611328610.042040;545;325;2248
1611328610.050079;545;324;2248
1611328610.058240;544;323;2248
1611328610.072400;544;318;2248
1611328610.075531;545;323;2240
1611328610.088783;544;318;2246
1611328610.095017;543;321;2248
1611328610.112582;543;318;2248
1611328610.122238;544;318;2248
1611328610.125863;543;321;2248
1611328610.139130;544;324;2248
1611328610.146465;545;319;2248
1611328610.156665;544;323;2248
1611328610.166596;543;320;2248
1611328610.178064;543;325;2248
1611328610.187392;543;322;2248
1611328610.198291;544;324;2248
1611328610.206052;544;325;2248
1611328610.217643;545;324;2248
1611328610.227542;543;320;2248
1611328610.243787;543;323;2248
1611328610.253454;544;328;2248
1611328610.263822;543;324;2248
1611328610.273910;545;325;2248
1611328610.276434;545;324;2248
1611328610.292773;546;326;2248
1611328610.303558;545;320;2248
1611328610.314097;545;323;2248
1611328610.323591;545;321;2248
1611328610.324810;544;321;2248
1611328610.343841;544;321;2248
1611328610.354415;546;323;2248
1611328610.356740;546;322;2248
1611328610.371658;546;323;2248
1611328610.377383;544;329;2248
1611328610.387477;544;324;2248
1611328610.397557;545;324;2248
1611328610.415024;545;320;2248
1611328610.424001;545;321;2248
1611328610.428977;544;325;2248
1611328610.440101;543;322;2248
1611328610.449118;543;326;2248
1611328610.465398;542;321;2248
1611328610.472155;544;325;2248
1611328610.481649;545;322;2248
1611328610.495592;544;324;2248
1611328610.505680;543;322;2248
1611328610.515815;543;321;2248
1611328610.522350;543;327;2248
1611328610.532995;544;323;2248
1611328610.541179;543;331;2248
1611328610.556212;545;324;2248
1611328610.557259;544;322;2248
1611328610.575333;543;325;2248
1611328610.578138;542;324;2248
1611328610.589520;543;327;2248
1611328610.606376;543;322;2248
1611328610.609277;543;331;2248
1611328610.622092;542;320;2248
1611328610.628907;545;329;2248
1611328610.640481;544;324;2248
1611328610.648898;545;322;2248
1611328610.660795;545;323;2248
1611328610.670974;543;324;2248
1611328610.686566;544;326;2248
1611328610.697048;544;324;2248
1611328610.705256;544;321;2248
1611328610.712266;543;323;2248
1611328610.727306;542;327;2248
1611328610.737301;543;324;2248
1611328610.739681;543;322;2248
1611328610.757518;543;333;2248
1611328610.759398;544;326;2248
1611328610.777684;544;322;2248
1611328610.787266;544;318;2248
1611328610.797547;543;321;2248
1611328610.804658;544;324;2248
1611328610.809730;544;317;2248
1611328610.820769;544;323;2248
1611328610.829962;545;326;2248
1611328610.846409;544;324;2248
1611328610.858307;543;326;2248
1611328610.865546;544;326;2248
1611328610.874512;545;324;2248
1611328610.888521;542;327;2248
1611328610.894585;541;322;2248
1611328610.908743;543;321;2248
1611328610.908743;544;323;2248
1611328610.923130;544;321;2248
1611328610.938939;542;328;2248
1611328610.942507;543;327;2248
1611328610.958440;543;325;2248
1611328610.962491;544;329;2248
1611328610.975712;543;324;2248
1611328610.989369;543;324;2248
1611328610.992378;542;322;2248
1611328611.005231;543;324;2248
1611328611.011472;542;324;2248
1611328611.023184;544;328;2248
1611328611.039769;544;331;2248
1611328611.039769;544;320;2248
1611328611.055924;543;325;2248
1611328611.062009;545;324;2248
1611328611.074224;544;324;2248
1611328611.082569;543;319;2248
1611328611.094404;545;325;2248
1611328611.104283;545;323;2248
1611328611.120330;545;324;2248
1611328611.130431;545;327;2248
1611328611.140484;545;328;2248
1611328611.150620;545;319;2248
1611328611.155181;545;326;2248
1611328611.170890;543;323;2248
1611328611.174872;545;327;2248
1611328611.190799;543;325;2248
1611328611.195024;543;324;2248
1611328611.210318;545;321;2248
1611328611.220938;544;325;2248
1611328611.223436;544;324;2248
1611328611.237612;544;322;2248
1611328611.242443;545;325;2248
1611328611.254555;544;329;2248
1611328611.262617;544;323;2248
1611328611.273540;543;325;2248
1611328611.282640;544;323;2248
1611328611.293976;544;326;2248
1611328611.303216;542;327;2248
1611328611.321686;542;322;2248
1611328611.324810;543;322;2248
1611328611.341349;542;322;2248
1611328611.343714;542;321;2248
1611328611.358542;543;324;2248
1611328611.372032;544;327;2248
1611328611.382092;543;322;2248
1611328611.388909;542;325;2248
1611328611.393783;543;323;2248
1611328611.412318;544;322;2248
1611328611.422391;545;320;2248
1611328611.432435;544;331;2248
1611328611.442503;543;328;2248
1611328611.445641;544;324;2248
1611328611.455574;545;331;2248
1611328611.465516;544;325;2248
1611328611.475563;543;326;2248
1611328611.487453;543;319;2248
1611328611.496824;543;321;2248
1611328611.507676;542;318;2248
1611328611.520382;542;321;2248
1611328611.528056;543;324;2248
1611328611.542917;543;329;2248
1611328611.547985;543;321;2248
1611328611.563582;543;324;2248
1611328611.571203;543;324;2248
1611328611.579604;543;324;2248
1611328611.591195;542;324;2248
1611328611.604914;540;321;2248
1611328611.614075;541;320;2248
1611328611.621271;542;321;2248
1611328611.634204;543;327;2248
1611328611.640885;542;325;2248
1611328611.653244;543;329;2248
1611328611.658760;542;324;2248
1611328611.669900;543;327;2248
1611328611.676679;544;321;2248
1611328611.687358;543;324;2248
1611328611.704451;544;320;2248
1611328611.705452;544;324;2248
1611328611.719768;542;321;2248
1611328611.728188;542;322;2248
1611328611.738308;542;324;2248
1611328611.748133;542;326;2248
1611328611.764234;542;327;2248
1611328611.775095;544;321;2248
1611328611.780175;543;321;2248
1611328611.795444;544;320;2248
1611328611.805331;543;322;2248
1611328611.815354;543;325;2248
1611328611.820308;543;326;2248
1611328611.835281;543;325;2248
1611328611.840655;543;327;2248
1611328611.855434;542;323;2248
1611328611.861667;541;328;2248
1611328611.869696;542;319;2248
1611328611.878542;542;326;2248
1611328611.890762;544;323;2248
1611328611.899604;543;321;2248
1611328611.910424;543;322;2248
1611328611.926143;544;330;2248
1611328611.936246;544;325;2248
1611328611.941615;542;321;2248
1611328611.955033;542;322;2248
1611328611.961523;543;323;2248
1611328611.971241;542;318;2248
1611328611.986710;543;324;2248
1611328611.991016;545;327;2248
1611328612.006380;545;324;2248
1611328612.011670;544;323;2248
1611328612.025877;543;327;2248
1611328612.036885;544;320;2248
1611328612.047418;543;322;2248
1611328612.057053;545;324;2248
1611328612.062137;543;329;2248
1611328612.076934;544;320;2248
1611328612.087564;546;331;2248
1611328612.092218;544;327;2248
1611328612.105012;544;323;2248
1611328612.110496;544;322;2248
1611328612.123045;545;318;2248
1611328612.131655;544;323;2248
1611328612.142331;543;319;2248
1611328612.152851;544;323;2248
1611328612.164808;544;321;2248
1611328612.170341;545;323;2248
1611328612.182084;544;329;2248
1611328612.192106;544;327;2248
1611328612.208277;545;331;2248
1611328612.209280;543;325;2248
1611328612.224519;544;328;2248
1611328612.238631;543;332;2248
1611328612.242853;542;323;2248
1611328612.258569;542;324;2248
1611328612.262439;544;323;2248
1611328612.275606;543;327;2248
1611328612.288922;543;329;2248
1611328612.298806;544;324;2248
1611328612.304785;543;320;2248
1611328612.311425;543;322;2248
1611328612.324065;544;323;2248
1611328612.339334;543;322;2248
1611328612.341535;543;326;2248
1611328612.352639;544;320;2248
1611328612.364159;543;324;2248
1611328612.379916;543;320;2248
1611328612.386321;542;323;2248
1611328612.395139;543;324;2248
1611328612.404885;543;323;2248
1611328612.414708;542;327;2248
1611328612.429225;544;324;2248
1611328612.440022;546;322;2248
1611328612.441020;544;325;2248
1611328612.459967;544;326;2248
1611328612.469730;545;327;2248
1611328612.477073;544;323;2248
1611328612.490241;544;329;2248
1611328612.499845;544;326;2248
1611328612.509683;544;325;2248
1611328612.520404;544;322;2248
1611328612.522110;543;326;2248
1611328612.537836;544;328;2248
1611328612.542241;545;327;2248
1611328612.554297;543;320;2248
1611328612.570710;543;322;2248
1611328612.573935;543;322;2248
1611328612.587549;543;326;2248
1611328612.596648;542;326;2248
1611328612.604564;544;321;2248
1611328612.614968;543;327;2248
1611328612.626084;542;321;2248
1611328612.636134;543;327;2248
1611328612.650840;543;328;2248
1611328612.654827;543;329;2248
1611328612.671319;543;326;2248
1611328612.676665;543;322;2248
1611328612.691940;543;325;2248
1611328612.702131;544;321;2248
1611328612.712090;543;320;2248
1611328612.722070;544;329;2248
1611328612.732179;543;322;2248
1611328612.738726;543;321;2248
1611328612.752539;543;322;2248
1611328612.758245;543;323;2248
1611328612.772443;546;326;2248
1611328612.778659;545;319;2248
1611328612.792623;546;323;2248
1611328612.802054;544;322;2248
1611328612.805034;545;323;2248
1611328612.820276;544;327;2248
1611328612.832311;545;328;2248
1611328612.835730;544;321;2248
1611328612.846286;544;323;2248
1611328612.857002;544;330;2248
1611328612.865021;545;324;2248
1611328612.881623;544;326;2248
1611328612.887827;544;323;2248
1611328612.903408;544;327;2248
1611328612.906402;544;325;2248
1611328612.920626;543;325;2248
1611328612.928603;542;323;2248
1611328612.943844;544;330;2248
1611328612.954295;543;326;2248
1611328612.963258;543;322;2248
1611328612.970210;542;324;2248
1611328612.978427;542;321;2248
1611328612.988036;544;322;2248
1611328613.003895;545;320;2248
1611328613.005028;543;318;2248
1611328613.019381;544;324;2248
1611328613.027565;544;319;2248
1611328613.037363;544;323;2248
1611328613.048635;542;322;2248
1611328613.059705;543;323;2248
1611328613.068903;543;320;2248
1611328613.080910;542;323;2248
1611328613.089774;542;327;2248
1611328613.104573;542;325;2248
1611328613.110354;541;327;2248
1611328613.110354;543;323;2248
1611328613.132099;544;320;2248
1611328613.139983;543;326;2248
1611328613.155310;543;326;2248
1611328613.160065;543;327;2248
1611328613.175678;543;328;2248
1611328613.185582;542;324;2248
1611328613.191678;543;321;2248
1611328613.205114;542;328;2248
1611328613.211181;542;322;2248
1611328613.220644;542;326;2248
1611328613.235837;542;320;2248
1611328613.240699;542;324;2248
1611328613.253765;542;327;2248
1611328613.260682;543;328;2248
1611328613.271261;543;324;2248
1611328613.280881;545;319;2248
1611328613.291441;544;321;2248
1611328613.300219;544;324;2248
1611328613.313541;543;328;2248
1611328613.318717;544;323;2248
1611328613.336054;544;326;2248
1611328613.341667;543;320;2248
1611328613.356683;543;322;2248
1611328613.363376;542;323;2248
1611328613.373891;544;326;2248
1611328613.386883;545;331;2248
1611328613.396973;544;325;2248
1611328613.407043;544;325;2248
1611328613.412651;544;330;2248
1611328613.423479;543;330;2248
1611328613.437158;544;328;2248
1611328613.442494;543;325;2248
1611328613.454108;544;320;2248
1611328613.461008;543;321;2248
1611328613.470068;543;321;2248
1611328613.486240;543;326;2248
1611328613.489046;543;332;2248
1611328613.507789;545;321;2248
1611328613.517509;544;321;2248
1611328613.521655;542;326;2248
1611328613.532146;540;322;2248
1611328613.547585;540;329;2248
1611328613.553052;541;321;2248
1611328613.568583;542;320;2248
1611328613.573161;544;323;2248
1611328613.588389;543;325;2248
1611328613.596812;543;324;2248
1611328613.604835;544;324;2248
1611328613.618440;543;328;2248
1611328613.622946;542;328;2248
1611328613.638716;542;332;2248
1611328613.648737;544;332;2248
1611328613.654225;544;332;2248
1611328613.668473;544;325;2248
1611328613.673244;545;329;2248
1611328613.686202;544;325;2248
1611328613.693722;545;326;2248
1611328613.703408;544;326;2248
1611328613.713784;544;328;2248
1611328613.724751;544;323;2248
1611328613.733886;543;330;2248
1611328613.744739;543;324;2248
1611328613.754976;544;324;2248
1611328613.769745;542;326;2248
1611328613.775432;543;332;2248
1611328613.789823;543;326;2248
1611328613.794966;543;323;2248
1611328613.809606;544;331;2248
1611328613.820199;543;329;2248
1611328613.824731;545;326;2248
1611328613.839646;545;321;2248
1611328613.844218;544;323;2248
1611328613.856748;544;321;2248
1611328613.870463;543;328;2248
1611328613.876493;543;326;2248
1611328613.885766;544;330;2248
1611328613.895301;543;329;2248
1611328613.909918;543;328;2248
1611328613.915437;543;318;2248
1611328613.926440;543;324;2248
1611328613.934661;543;322;2248
1611328613.951222;544;325;2248
1611328613.953870;544;327;2248
1611328613.971162;544;331;2248
1611328613.981259;544;329;2248
1611328613.987148;543;331;2248
1611328614.001091;543;323;2248
1611328614.011712;543;322;2248
1611328614.021245;543;325;2248
1611328614.027300;543;327;2248
1611328614.041696;541;324;2248
1611328614.052320;542;330;2248
1611328614.058320;543;323;2248
1611328614.070948;544;322;2248
1611328614.075891;543;323;2248
1611328614.088477;543;328;2248
1611328614.101527;543;324;2248
1611328614.106591;543;328;2248
1611328614.120571;543;331;2248
1611328614.126789;543;329;2248
1611328614.137609;541;328;2248
1611328614.146921;540;325;2248
1611328614.156923;542;325;2248
1611328614.167704;541;325;2248
1611328614.178972;540;328;2248
1611328614.188118;539;330;2248
1611328614.202630;539;335;2248
1611328614.208339;538;340;2248
1611328614.218854;534;343;2248
1611328614.228910;531;350;2248
1611328614.239330;527;361;2248
1611328614.253395;526;355;2248
1611328614.258569;527;351;2248
1611328614.269654;530;338;2248
1611328614.278686;532;334;2248
1611328614.291734;534;333;2248
1611328614.302633;534;338;2248
1611328614.308245;534;332;2248
1611328614.321521;535;338;2248
1611328614.326557;536;332;2248
1611328614.339263;535;333;2248
1611328614.353964;537;338;2248
1611328614.358754;537;333;2248
1611328614.369343;539;326;2248
1611328614.378606;541;329;2248
1611328614.389027;542;330;2248
1611328614.398883;543;330;2248
1611328614.411457;543;324;2248
1611328614.419667;543;327;2248
1611328614.434591;543;331;2248
1611328614.439988;541;328;2248
1611328614.450011;542;329;2248
1611328614.459746;542;329;2248
1611328614.474854;541;328;2248
1611328614.484338;541;324;2248
1611328614.494739;540;328;2248
1611328614.502639;539;326;2248
1611328614.510067;539;328;2248
1611328614.522246;539;328;2248
1611328614.534482;541;332;2248
1611328614.545347;541;331;2248
1611328614.553497;541;329;2248
1611328614.557695;540;329;2248
1611328614.568300;540;330;2248
1611328614.578283;541;322;2248
1611328614.588464;541;327;2248
1611328614.598705;540;326;2248
1611328614.610287;541;319;2248
1611328614.620584;540;325;2248
1611328614.634741;542;326;2248
1611328614.641688;540;327;2248
1611328614.656053;540;325;2248
1611328614.661647;540;326;2248
1611328614.668947;540;331;2248
1611328614.686101;541;328;2248
1611328614.696553;540;329;2248
1611328614.705893;540;331;2248
1611328614.711600;540;331;2248
1611328614.725796;540;325;2248
1611328614.736772;540;327;2248
1611328614.737828;539;329;2248
1611328614.756312;539;326;2248
1611328614.762453;538;326;2248
1611328614.777306;539;328;2248
1611328614.786952;539;331;2248
1611328614.789898;538;323;2248
1611328614.803248;537;324;2248
1611328614.812413;538;335;2248
1611328614.822915;540;327;2248
1611328614.832592;540;322;2248
1611328614.842658;541;324;2248
1611328614.850725;540;331;2248
1611328614.867616;539;330;2248
1611328614.875100;540;322;2248
1611328614.890933;542;325;2248
1611328614.890933;541;321;2248
1611328614.906593;543;321;2248
1611328614.918292;545;319;2248
1611328614.927975;547;317;2248
1611328614.935124;549;313;2248
1611328614.946205;551;307;2248
1611328614.958300;553;307;2248
1611328614.968559;553;311;2248
1611328614.974525;554;313;2248
1611328614.984089;555;311;2248
1611328614.998200;553;311;2248
1611328615.006545;554;309;2248
1611328615.018356;555;302;2248
1611328615.025062;556;304;2248
1611328615.035485;556;297;2248
1611328615.042863;558;301;2248
1611328615.054082;560;300;2248
1611328615.062854;561;301;2248
1611328615.075537;562;296;2248
1611328615.085230;563;294;2248
1611328615.094316;564;288;2248
1611328615.103594;566;289;2248
1611328615.119740;568;287;2248
1611328615.124410;570;285;2248
1611328615.136387;572;283;2248
1611328615.144552;573;282;2248
1611328615.155600;574;279;2248
1611328615.170017;576;278;2248
1611328615.179998;578;273;2248
1611328615.186275;581;274;2248
1611328615.196259;584;270;2248
1611328615.205556;588;265;2248
1611328615.220204;590;257;2248
1611328615.227551;593;260;2248
1611328615.235484;598;257;2248
1611328615.250459;603;248;2248
1611328615.255772;607;243;2248
1611328615.269317;610;244;2248
1611328615.274601;616;240;2248
1611328615.283544;621;229;2248
1611328615.294655;627;232;2248
1611328615.305308;631;231;2248
1611328615.315282;635;223;2248
1611328615.327024;640;218;2248
1611328615.336028;646;219;2248
1611328615.350969;650;222;2248
1611328615.356231;654;207;2248
1611328615.371353;658;206;2248
1611328615.375042;663;206;2248
1611328615.388789;668;203;2248
1611328615.401781;675;196;2248
1611328615.407541;682;196;2248
1611328615.420677;689;190;2248
1611328615.430974;696;185;2248
1611328615.438391;703;182;2248
1611328615.451233;710;179;2248
1611328615.453414;718;177;2248
1611328615.469359;723;170;2248
1611328615.476670;729;171;2248
1611328615.488305;735;164;2248
1611328615.502400;740;165;2248
1611328615.508496;746;163;2248
1611328615.519237;750;155;2248
1611328615.526150;754;154;2248
1611328615.538630;756;144;2248
1611328615.552734;760;144;2248
1611328615.557271;764;140;2248
1611328615.571549;767;138;2248
1611328615.578945;770;135;2248
1611328615.584573;774;133;2248
1611328615.603257;777;133;2248
1611328615.613086;781;131;2248
1611328615.622920;784;133;2248
1611328615.632443;787;136;2248
1611328615.643079;790;130;2248
1611328615.653151;793;136;2248
1611328615.660181;795;132;2248
1611328615.669794;797;137;2248
1611328615.683170;799;134;2248
1611328615.686158;801;136;2248
1611328615.695920;803;138;2248
1611328615.708775;805;137;2248
1611328615.718288;807;140;2248
1611328615.728051;808;133;2248
1611328615.739031;810;131;2248
1611328615.749961;812;133;2248
1611328615.759294;813;135;2248
1611328615.769408;815;136;2248
1611328615.779583;816;136;2248
1611328615.793996;817;135;2248
1611328615.799444;819;129;2248
1611328615.814483;820;134;2248
1611328615.821857;821;132;2248
1611328615.835217;823;128;2248
1611328615.844779;824;128;2248
1611328615.852080;825;131;2248
1611328615.864574;827;125;2248
1611328615.872459;829;126;2248
1611328615.884892;830;127;2248
1611328615.894838;832;126;2248
1611328615.900355;834;116;2248
1611328615.909699;836;118;2248
1611328615.921872;839;122;2248
1611328615.935806;840;124;2248
1611328615.944660;841;124;2248
1611328615.949797;843;121;2248
1611328615.960684;845;124;2248
1611328615.970597;846;116;2248
1611328615.981811;848;119;2248
1611328615.991275;850;113;2248
1611328616.005932;851;119;2248
1611328616.016040;853;120;2248
1611328616.026050;855;118;2248
1611328616.032499;858;114;2248
1611328616.041676;860;113;2248
1611328616.050080;862;110;2248
1611328616.066277;865;109;2248
1611328616.071076;867;114;2248
1611328616.086357;870;110;2248
1611328616.095597;872;103;2248
1611328616.102540;875;105;2248
1611328616.116325;877;104;2248
1611328616.122781;879;109;2248
1611328616.136706;881;105;2248
1611328616.144702;883;102;2248
1611328616.150639;885;108;2248
1611328616.166830;887;100;2248
1611328616.170086;890;104;2248
1611328616.184081;892;101;2248
1611328616.191118;895;100;2248
1611328616.203124;897;99;2248
1611328616.212448;900;102;2248
1611328616.226501;905;104;2248
1611328616.233029;909;99;2248
1611328616.247585;913;95;2248
1611328616.254521;916;101;2248
1611328616.267446;921;98;2248
1611328616.277863;925;100;2248
1611328616.285313;929;99;2248
1611328616.298298;933;100;2248
1611328616.306214;937;95;2248
1611328616.317930;941;94;2248
1611328616.328322;943;91;2248
1611328616.334364;947;86;2248
1611328616.343158;950;87;2248
1611328616.354139;955;90;2248
1611328616.368335;960;94;2248
1611328616.373095;965;88;2248
1611328616.384899;971;90;2248
1611328616.393178;977;87;2248
1611328616.403365;982;87;2248
1611328616.413877;986;91;2248
1611328616.425083;992;89;2248
1611328616.432730;997;85;2248
1611328616.449362;1001;81;2248
1611328616.458851;1005;80;2248
1611328616.464763;1008;68;2248
1611328616.464763;996;69;2248
1611328616.489395;1000;67;2248
1611328616.498889;1005;70;2248
1611328616.499886;1011;81;2248
1611328616.519227;1018;78;2248
1611328616.529685;1024;83;2248
1611328616.539600;1029;83;2248
1611328616.549578;1034;77;2248
1611328616.551579;1040;75;2248
1611328616.566402;1043;73;2248
1611328616.572035;1049;68;2248
1611328616.583236;1052;67;2248
1611328616.592280;1055;68;2248
1611328616.605315;1058;69;2248
1611328616.615983;1062;67;2248
1611328616.622681;1065;73;2248
1611328616.634053;1058;70;2248
1611328616.645052;1050;67;2248
1611328616.655250;1045;68;2248
1611328616.671049;1038;66;2248
1611328616.675910;1030;71;2248
1611328616.686133;1034;64;2248
1611328616.700673;1038;61;2248
1611328616.711010;1025;66;2248
1611328616.721041;1020;67;2248
1611328616.722044;1027;69;2248
1611328616.741171;1035;69;2248
1611328616.750433;1042;72;2248
1611328616.755894;1049;73;2248
1611328616.771452;1054;68;2248
1611328616.777022;1061;74;2248
1611328616.789119;1068;77;2248
1611328616.801603;1074;78;2248
1611328616.806091;1092;75;2248
1611328616.815879;1097;77;2248
1611328616.826370;1102;84;2248
1611328616.836238;1107;80;2248
1611328616.845733;1110;78;2248
1611328616.858069;1115;78;2248
1611328616.865669;1120;83;2248
1611328616.878360;1125;79;2248
1611328616.887191;1140;76;2248
1611328616.902224;1144;73;2248
1611328616.907290;1147;73;2248
1611328616.922425;1161;74;2248
1611328616.932955;1173;74;2248
1611328616.942466;1184;77;2248
1611328616.952662;1195;71;2248
1611328616.958687;1195;72;2248
1611328616.968276;1196;73;2248
1611328616.982805;1197;75;2248
1611328616.988254;1198;71;2248
1611328617.002872;1209;74;2248
1611328617.013061;1210;70;2248
1611328617.017038;1208;75;2248
1611328617.032391;1218;69;2248
1611328617.037590;1219;78;2248
1611328617.050262;1254;79;2248
1611328617.056659;1254;75;2248
1611328617.068844;1253;71;2248
1611328617.077961;1272;78;2248
1611328617.090855;1287;79;2248
1611328617.098974;1294;79;2248
1611328617.108763;1290;83;2248
1611328617.119396;1293;77;2248
1611328617.134084;1314;80;2248
1611328617.139053;1328;78;2248
1611328617.150172;1327;81;2248
1611328617.159837;1339;82;2248
1611328617.169562;1361;77;2248
1611328617.184382;1365;82;2248
1611328617.187835;1357;77;2248
1611328617.200192;1374;72;2248
1611328617.214966;1395;78;2248
1611328617.220290;1385;83;2248
1611328617.234651;1379;80;2248
1611328617.241287;1388;77;2248
1611328617.241287;1388;82;2248
1611328617.259199;1396;82;2248
1611328617.269865;1412;83;2248
1611328617.285045;1417;87;2248
1611328617.289721;1438;88;2248
1611328617.299897;1441;92;2248
1611328617.309755;1464;86;2248
1611328617.319732;1476;91;2248
1611328617.329755;1475;93;2248
1611328617.345479;1475;94;2248
1611328617.350789;1485;87;2248
1611328617.365626;1498;87;2248
1611328617.372421;1507;88;2248
1611328617.385758;1504;90;2248
1611328617.395832;1508;91;2248
1611328617.402682;1555;93;2248
1611328617.416855;1582;93;2248
1611328617.422104;1626;93;2248
1611328617.436120;1677;95;2248
1611328617.445988;1681;95;2248
1611328617.451704;1706;94;2248
1611328617.466143;1736;90;2248
1611328617.468379;1765;91;2248
1611328617.486308;1766;93;2248
1611328617.491085;1769;89;2248
1611328617.501282;1750;86;2248
1611328617.516673;1759;94;2248
1611328617.517688;1755;88;2248
1611328617.536900;1781;87;2248
1611328617.541877;1805;86;2248
1611328617.552963;1810;93;2248
1611328617.566989;1821;87;2248
1611328617.571883;1828;93;2248
1611328617.587445;1853;99;2248
1611328617.592988;1867;99;2248
1611328617.603391;1907;99;2248
1611328617.617757;1918;94;2248
1611328617.623638;1945;93;2248
1611328617.637619;1931;96;2248
1611328617.647761;1956;91;2248
1611328617.653394;1991;95;2248
1611328617.667416;2025;89;2248
1611328617.677724;2058;94;2248
1611328617.682577;2078;90;2248
1611328617.697253;2107;92;2248
1611328617.700396;2135;92;2248
1611328617.716433;2163;96;2248
1611328617.720293;2188;97;2248
1611328617.731369;2214;99;2248
1611328617.748116;2238;101;2248
1611328617.748116;2260;102;2248
1611328617.758599;2281;112;2248
1611328617.771280;2300;111;2248
1611328617.781410;2319;118;2248
1611328617.798444;2338;125;2248
1611328617.800764;2355;132;2248
1611328617.816535;2371;127;2248
1611328617.820003;2388;129;2248
1611328617.837319;2403;128;2248
1611328617.848501;2417;125;2248
1611328617.856409;2431;131;2248
1611328617.866182;2445;125;2248
1611328617.871483;2456;122;2248
1611328617.889057;2469;123;2248
1611328617.898800;2479;127;2248
1611328617.901804;2490;124;2248
1611328617.916202;2500;127;2248
1611328617.921319;2511;127;2248
1611328617.932316;2520;130;2250
1611328617.949371;2529;129;2248
1611328617.952368;2537;133;2248
1611328617.960950;2546;131;2248
1611328617.972073;2554;130;2248
1611328617.982141;2561;130;2248
1611328617.999307;2568;133;2248
1611328618.001305;2574;135;2248
1611328618.019944;2581;130;2248
1611328618.021945;2587;135;2248
1611328618.039010;2592;136;2248
1611328618.049368;2597;140;2248
1611328618.056675;2602;141;2248
1611328618.067844;2607;140;2248
1611328618.080325;2612;137;2248
1611328618.085929;2617;135;2250
1611328618.100466;2621;136;2248
1611328618.102608;2625;134;2250
1611328618.115809;2629;133;2254
1611328618.130629;2633;135;2248
1611328618.131618;2636;134;2248
1611328618.149220;2639;134;2250
1611328618.152526;2642;129;2248
1611328618.164358;2645;135;2248
1611328618.173303;2648;134;2248
1611328618.183209;2650;137;2252
1611328618.193377;2652;130;2254
1611328618.204457;2654;127;2252
1611328618.214449;2657;128;2256
1611328618.230992;2659;127;2256
1611328618.233596;2661;127;2254
1611328618.248698;2663;130;2248
1611328618.253178;2665;130;2254
1611328618.270396;2668;132;2252
1611328618.281649;2670;132;2250
1611328618.289864;2671;126;2250
1611328618.299314;2672;122;2250
1611328618.311378;2674;123;2248
1611328618.322035;2676;123;2250
1611328618.332377;2677;125;2252
1611328618.332377;2679;118;2248
1611328618.349552;2680;111;2248
1611328618.356083;2681;113;2248
1611328618.365422;2682;115;2248
1611328618.376026;2683;117;2248
1611328618.387201;2684;120;2248
1611328618.396515;2685;127;2248
1611328618.413426;2685;121;2248
1611328618.414418;2686;122;2248
1611328618.433160;2687;127;2248
1611328618.443379;2688;122;2250
1611328618.453239;2689;129;2248
1611328618.463458;2690;123;2248
1611328618.468454;2691;123;2250
1611328618.483558;2692;120;2248
1611328618.484541;2693;121;2250
1611328618.503559;2694;119;2250
1611328618.507324;2694;111;2250
1611328618.523613;2695;122;2248
1611328618.533003;2696;121;2248
1611328618.542987;2697;116;2250
1611328618.547681;2697;121;2248
1611328618.556088;2697;115;2250
1611328618.569049;2697;114;2248
1611328618.576108;2698;114;2248
1611328618.590294;2698;119;2256
1611328618.598673;2698;116;2252
1611328618.609141;2699;113;2248
1611328618.616554;2700;114;2252
1611328618.632000;2700;114;2256
1611328618.637404;2700;120;2254
1611328618.654788;2701;111;2252
1611328618.664708;2702;119;2250
1611328618.670396;2703;112;2248
1611328618.684598;2704;113;2256
1611328618.689559;2704;120;2250
1611328618.704375;2705;111;2256
1611328618.714409;2706;113;2256
1611328618.725033;2706;115;2256
1611328618.735093;2706;116;2256
1611328618.745118;2707;115;2256
1611328618.749132;2707;112;2254
1611328618.765695;2707;115;2254
1611328618.768065;2707;106;2252
1611328618.782329;2707;108;2256
1611328618.787498;2707;111;2256
1611328618.800084;2708;116;2252
1611328618.807816;2707;109;2252
1611328618.820050;2707;111;2252
1611328618.831010;2707;113;2252
1611328618.846571;2706;119;2256
1611328618.850823;2706;115;2256
1611328618.866366;2705;113;2252
1611328618.871242;2705;109;2256
1611328618.886515;2705;106;2254
1611328618.892308;2705;114;2254
1611328618.899302;2705;114;2254
1611328618.916653;2705;114;2256
1611328618.921709;2706;111;2256
1611328618.936905;2706;109;2256
1611328618.942372;2706;114;2254
1611328618.956310;2706;117;2256
1611328618.967006;2706;117;2256
1611328618.968002;2706;113;2256
1611328618.983812;2706;116;2256
1611328618.997847;2706;123;2256
1611328619.003330;2706;117;2256
1611328619.017381;2706;116;2256
1611328619.025214;2706;108;2254
1611328619.033153;2706;107;2248
1611328619.047520;2707;111;2250
1611328619.048810;2707;102;2252
1611328619.067174;2707;107;2256
1611328619.075078;2707;97;2252
1611328619.085186;2707;101;2250
1611328619.095788;2706;90;2250
1611328619.101805;2707;88;2256
1611328619.114630;2707;91;2256
1611328619.128095;2707;89;2252
1611328619.134177;2695;86;2252
1611328619.147553;2696;93;2256
1611328619.158097;2696;87;2256
1611328619.164317;2694;76;2256
1611328619.170398;2688;79;2254
1611328619.183379;2685;80;2250
1611328619.198337;2645;73;2256
1611328619.200890;2608;69;2256
1611328619.214515;2580;68;2252
1611328619.221139;2539;66;2256
1611328619.279809;1235;62;2256
1611328622.064173;692;102;2256
1611328622.083616;690;142;2256
1611328622.093430;682;175;2256
1611328622.103493;672;195;2256
1611328622.113729;667;179;2256
1611328622.128815;667;155;2256
1611328622.133321;666;120;2256
1611328622.149261;664;126;2256
1611328622.158848;663;137;2256
1611328622.169420;661;154;2256
1611328622.178512;657;171;2256
1611328622.186903;654;171;2256
1611328622.197309;653;152;2256
1611328622.201474;652;140;2256
1611328622.212892;651;143;2256
1611328622.229781;650;159;2256
1611328622.232420;645;199;2256
1611328622.246055;633;323;2256
1611328622.253087;604;841;2256
1611328622.264159;594;2842;2256
1611328622.280266;599;5742;2256
1611328622.281353;611;9919;2256
1611328622.295163;625;7001;2256
1611328622.305280;640;9281;2256
1611328622.316079;655;6991;2256
1611328622.326166;669;5689;2256
1611328622.341470;683;5475;2256
1611328622.346129;697;5237;2256
1611328622.361548;712;3245;2256
1611328622.371009;728;5093;2256
1611328622.381787;736;3461;2256
1611328622.384995;748;2530;2256
1611328622.402043;762;2194;2256
1611328622.412078;776;1982;2256
1611328622.420410;790;1873;2256
1611328622.432180;805;1697;2256
1611328622.434965;818;1555;2256
1611328622.447191;833;1420;2256
1611328622.463518;848;1253;2256
1611328622.466601;861;1106;2256
1611328622.477441;875;1005;2256
1611328622.485732;891;984;2256
1611328622.496085;905;1190;2256
1611328622.506904;922;1619;2256
1611328622.517418;938;1855;2256
1611328622.527537;951;1459;2256
1611328622.543684;964;1403;2256
1611328622.547860;980;1688;2256
1611328622.563134;994;2029;2256
1611328622.567800;1008;2784;2256
1611328622.583313;1022;3965;2256
1611328622.593361;1035;5591;2256
1611328622.603579;1049;8692;2256
1611328622.613390;1065;5088;2256
1611328622.618746;1080;3390;2256
1611328622.629095;1094;3971;2256
1611328622.636341;1107;3551;2256
1611328622.653162;1125;2898;2256
1611328622.663736;1141;7361;2256
1611328622.666253;1153;803;2256
1611328622.678320;1154;124;2256
1611328622.693974;1143;75;2256
1611328627.114533;581;248;2256
1611328627.123562;582;352;2256
1611328627.126252;581;410;2256
1611328627.141316;573;609;2256
1611328627.147514;564;846;2256
1611328627.164736;563;1124;2256
1611328627.167615;568;1447;2256
1611328627.177694;571;1477;2256
1611328627.187768;572;1349;2256
1611328627.198312;571;1312;2256
1611328627.207549;570;1313;2256
1611328627.219789;570;1315;2256
1611328627.229784;569;1325;2256
1611328627.239642;570;1329;2256
1611328627.249752;571;1292;2256
1611328627.264874;572;1230;2256
1611328627.269076;572;1130;2256
1611328627.281003;572;1012;2256
1611328627.295680;573;886;2256
1611328627.298413;576;742;2256
1611328627.312980;577;616;2256
1611328627.325238;576;546;2256
1611328627.332291;571;653;2256
1611328627.342164;559;1051;2256
1611328627.349029;560;1611;2256
1611328627.359058;566;2365;2256
1611328627.376437;575;3146;2256
1611328627.377482;585;3621;2256
1611328627.391314;595;3935;2256
1611328627.399733;606;4168;2256
1611328627.410090;618;4094;2256
1611328627.420764;630;3929;2256
1611328627.430799;643;3781;2256
1611328627.440405;657;3647;2256
1611328627.450784;670;3450;2256
1611328627.459185;684;3319;2256
1611328627.471061;698;3284;2256
1611328627.481286;713;3311;2256
1611328627.496804;729;4705;2256
1611328627.506335;745;7719;2256
1611328627.510654;761;12462;2256
1611328627.526389;776;15297;2256
1611328627.531728;793;2831;2256
1611328627.546742;809;3334;2256
1611328627.556640;824;3427;2256
1611328627.565684;838;3545;2256
1611328627.576024;852;3685;2256
1611328627.581828;867;3938;2256
1611328627.597836;881;3578;2256
1611328627.607705;895;2997;2256
1611328627.609598;909;2571;2256
1611328627.624456;923;2087;2256
1611328627.630985;935;10404;2256
1611328627.645639;950;5629;2256
1611328627.652104;971;3690;2256
1611328627.663471;994;10063;2256
1611328627.672254;1011;15850;2256
1611328627.683610;1027;3349;2256
1611328627.692550;1044;4718;2256
1611328627.702430;1057;3835;2256
1611328627.712861;1071;5322;2256
1611328627.727847;1085;7651;2256
1611328627.732806;1100;4067;2256
1611328627.746634;1117;7361;2256
1611328627.758520;1133;2564;2256
1611328627.765814;1145;823;2256
1611328627.778378;1145;107;2256
1611328627.779373;1120;69;2256
1611328644.546246;683;119;2264
1611328644.553828;682;151;2264
1611328644.563534;681;138;2264
1611328644.577589;680;121;2264
1611328644.583453;680;114;2264
1611328644.594063;679;106;2264
1611328644.603444;678;97;2264
1611328644.613946;678;81;2264
1611328644.623873;678;88;2264
1611328644.634001;677;88;2264
1611328644.644331;677;75;2264
1611328644.660056;678;74;2264
1611328644.670149;679;66;2264
1611328644.719476;700;108;2264
1611328644.728175;698;128;2264
1611328644.733049;697;138;2264
1611328644.744427;695;130;2264
1611328644.760499;684;186;2264
1611328644.763186;645;443;2264
1611328644.776749;617;1584;2264
1611328644.783557;621;8695;2264
1611328644.794241;633;5037;2264
1611328644.803774;644;10511;2264
1611328644.814288;656;12937;2264
1611328644.824214;669;12168;2264
1611328644.835342;682;11025;2264
1611328644.845935;694;8999;2264
1611328644.861179;709;6555;2264
1611328644.865283;719;2860;2264
1611328644.878561;735;1399;2264
1611328644.890501;751;2120;2264
1611328644.898394;763;4712;2264
1611328644.911410;776;7399;2264
1611328644.914220;790;11646;2264
1611328644.931230;804;10872;2264
1611328644.934146;820;3341;2264
1611328644.950779;834;3397;2264
1611328644.961755;848;3110;2264
1611328644.964301;861;3472;2264
1611328644.977000;874;3673;2264
1611328644.985065;888;3298;2264
1611328644.994711;902;2862;2264
1611328645.005494;915;2492;2264
1611328645.017509;928;8395;2264
1611328645.025972;939;10623;2264
1611328645.038009;953;8375;2264
1611328645.046754;970;6580;2264
1611328645.059312;988;9317;2264
1611328645.066946;1000;10925;2264
1611328645.082551;1016;11291;2264
1611328645.087085;1031;6018;2264
1611328645.097152;1045;5149;2264
1611328645.112789;1060;3882;2264
1611328645.117573;1072;3807;2264
1611328645.132148;1087;2691;2264
1611328645.142314;1105;9825;2264
1611328645.151589;1122;3978;2264
1611328645.161540;1132;537;2264
1611328645.167486;1132;105;2264
1611328645.183211;1112;72;2264
1611328656.400572;1921;68;2272
1611328656.417841;1920;66;2272
1611328656.434147;1918;74;2272
1611328656.437818;1957;69;2272
1611328656.449663;1953;79;2272
1611328656.458143;1949;85;2272
1611328656.468255;1969;72;2272
1611328656.478408;1998;62;2272
1611328656.488465;2007;69;2272
1611328656.500035;2025;63;2272
1611328656.508624;2031;72;2272
1611328656.518687;2020;76;2272
1611328656.533861;2018;79;2272
1611328656.538163;2050;80;2272
1611328656.551118;2039;74;2272
1611328656.563576;2025;68;2272
1611328656.574299;2021;78;2272
1611328656.584155;2032;73;2272
1611328656.586601;2047;77;2272
1611328656.604491;2068;81;2272
1611328656.607426;2079;74;2272
1611328656.624815;2059;69;2272
1611328656.633970;2102;64;2272
1611328656.637272;2100;62;2272
1611328656.650082;2148;60;2272
1611328656.658147;2181;62;2272
1611328656.702580;2775;70;2272
1611328656.709826;2731;70;2272
1611328656.725623;2683;74;2272
1611328656.728212;2641;84;2272
1611328656.740000;2589;95;2272
1611328656.755589;2556;95;2272
1611328656.760274;2518;93;2272
1611328656.770108;2472;105;2272
1611328656.785624;2438;100;2272
1611328656.791434;2395;100;2272
1611328656.803377;2354;102;2272
1611328656.816145;2315;98;2272
1611328656.826397;2293;100;2272
1611328656.835253;2256;97;2272
1611328656.840915;2237;86;2272
1611328656.851126;2237;78;2272
1611328656.866326;2204;72;2272
1611328656.868703;2200;65;2272
1611328657.803317;1102;231;2272
1611328657.822275;739;440;2272
1611328657.826580;583;564;2272
1611328657.842682;538;591;2272
1611328657.843670;527;460;2272
1611328657.857755;522;370;2272
1611328657.866764;519;341;2272
1611328657.882154;518;299;2272
1611328657.887116;518;240;2272
1611328657.902930;518;189;2272
1611328657.912859;518;145;2272
1611328657.918106;518;130;2272
1611328657.932192;519;128;2272
1611328657.938450;519;128;2272
1611328657.952938;519;93;2272
1611328657.955587;519;72;2272
1611328657.973322;518;101;2272
1611328657.982594;517;96;2272
1611328657.992306;516;168;2272
1611328658.002280;512;291;2272
1611328658.006509;509;493;2272
1611328658.016582;515;596;2272
1611328658.026510;520;599;2272
1611328658.037638;523;522;2272
1611328658.049899;527;337;2272
1611328658.057402;517;474;2272
1611328658.067939;495;1911;2272
1611328658.081830;502;4938;2272
1611328658.088047;516;6550;2272
1611328658.104186;530;4726;2272
1611328658.108232;543;4415;2272
1611328658.120011;556;5379;2272
1611328658.133498;569;6088;2272
1611328658.139906;583;4670;2272
1611328658.154222;600;2099;2272
1611328658.164251;618;1264;2272
1611328658.174596;637;978;2272
1611328658.184316;652;547;2272
1611328658.191071;667;676;2272
1611328658.200712;680;2797;2272
1611328658.214596;691;10703;2272
1611328658.216634;705;8759;2272
1611328658.234926;720;3730;2272
1611328658.235969;735;4414;2272
1611328658.249999;750;4741;2272
1611328658.258408;765;4539;2272
1611328658.269067;780;4388;2272
1611328658.279509;795;3918;2272
1611328658.289484;809;4081;2272
1611328658.299465;824;4372;2272
1611328658.310429;839;3864;2272
1611328658.319650;853;3253;2272
1611328658.335390;867;2596;2272
1611328658.345078;881;2110;2272
1611328658.349456;896;11824;2272
1611328658.365478;910;7485;2272
1611328658.372507;927;2839;2272
1611328658.382629;944;1336;2272
1611328658.389756;955;1516;2272
1611328658.401363;968;1333;2272
1611328658.415935;982;1348;2272
1611328658.416990;996;2514;2272
1611328658.435187;1011;2854;2272
1611328658.438882;1025;1253;2272
1611328658.449945;1038;874;2272
1611328658.466539;1050;656;2272
1611328658.469807;1063;457;2272
1611328658.482132;1075;288;2272
1611328658.490873;1079;167;2272
1611328658.498245;1057;91;2272
1611328658.516366;1014;61;2272
1611328668.981024;628;170;2272
1611328668.999445;613;272;2272
1611328669.009790;606;320;2272
1611328669.013793;602;347;2272
1611328669.029031;600;316;2272
1611328669.039205;596;300;2272
1611328669.049537;593;324;2272
1611328669.059330;592;355;2272
1611328669.065550;592;344;2272
1611328669.079436;591;308;2272
1611328669.090094;591;279;2272
1611328669.091708;592;261;2272
1611328669.107219;593;254;2272
1611328669.113405;592;251;2272
1611328669.123767;590;254;2272
1611328669.133761;589;254;2272
1611328669.145480;589;254;2272
1611328669.156274;589;240;2272
1611328669.164670;587;246;2272
1611328669.172930;586;248;2272
1611328669.184686;587;272;2272
1611328669.194716;584;284;2272
1611328669.204968;583;319;2272
1611328669.214754;583;315;2272
1611328669.230969;582;367;2272
1611328669.240601;578;530;2272
1611328669.245745;577;810;2272
1611328669.261175;583;1050;2272
1611328669.271199;591;1072;2272
1611328669.281153;600;925;2272
1611328669.290947;605;683;2272
1611328669.298238;605;490;2272
1611328669.307977;602;423;2272
1611328669.314324;588;519;2272
1611328669.324413;570;879;2272
1611328669.339197;567;1387;2272
1611328669.344615;570;1880;2272
1611328669.356716;578;2234;2272
1611328669.364760;587;2807;2272
1611328669.373608;597;3967;2272
1611328669.386060;609;5876;2272
1611328669.397114;620;7299;2272
1611328669.405962;632;7229;2272
1611328669.422123;645;6549;2272
1611328669.423115;658;5557;2272
1611328669.436176;671;4672;2272
1611328669.446275;684;4156;2272
1611328669.461903;697;3803;2272
1611328669.472435;710;3561;2272
1611328669.476418;723;3409;2272
1611328669.491578;736;3270;2272
1611328669.498345;749;3149;2272
1611328669.511971;762;3035;2272
1611328669.522078;776;2944;2272
1611328669.531282;789;2878;2272
1611328669.542806;802;2833;2272
1611328669.548904;816;2873;2272
1611328669.557162;829;2870;2272
1611328669.572432;842;2853;2272
1611328669.575736;855;2934;2272
1611328669.593322;868;3142;2272
1611328669.594369;881;3736;2272
1611328669.605499;894;4645;2272
1611328669.616295;906;5971;2272
1611328669.626662;918;8121;2272
1611328669.639223;930;10254;2272
1611328669.647452;942;12648;2272
1611328669.657361;955;14506;2272
1611328669.667448;968;15478;2272
1611328669.677533;982;17025;2272
1611328669.693800;997;2516;2272
1611328669.703624;1011;2344;2272
1611328669.708371;1024;2018;2272
1611328669.723960;1037;8042;2272
1611328669.728148;1050;11841;2272
1611328669.743320;1064;10718;2272
1611328669.746714;1077;9658;2272
1611328669.764313;1091;8111;2272
1611328669.773603;1104;6545;2272
1611328669.776687;1118;4755;2272
1611328669.790122;1132;2616;2272
1611328669.796985;1144;1283;2272
1611328669.806982;1155;925;2272
1611328669.817507;1165;678;2272
1611328669.828605;1175;479;2272
1611328669.839687;1181;310;2272
1611328669.852330;1183;158;2272
1611328669.857828;1173;80;2272
1611328674.553371;1952;62;2278
1611328674.565073;1959;64;2280
1611328674.581851;1965;70;2280
1611328674.586791;1969;64;2280
1611328674.602017;1972;73;2278
1611328674.610723;1975;94;2278
1611328674.619663;1976;93;2280
1611328674.632668;1976;100;2280
1611328674.635822;1975;113;2280
1611328674.652640;1973;117;2278
1611328674.652640;1970;123;2278
1611328674.672916;1967;130;2278
1611328674.675609;1963;132;2276
1611328674.686876;1959;140;2278
1611328674.703180;1953;153;2276
1611328674.705867;1947;138;2280
1611328674.719828;1941;136;2280
1611328674.727275;1935;143;2278
1611328674.737336;1918;164;2280
1611328674.746574;1895;178;2278
1611328674.756958;1857;218;2280
1611328674.768287;1820;244;2280
1611328674.784000;1788;250;2280
1611328674.787578;1766;230;2280
1611328674.803766;1744;240;2280
1611328674.813835;1728;224;2280
1611328674.819872;1713;229;2280
1611328674.831945;1698;228;2280
1611328674.837781;1691;185;2280
1611328674.853993;1685;167;2280
1611328674.856681;1680;165;2276
1611328674.874124;1674;164;2280
1611328674.884366;1667;166;2280
1611328674.894433;1659;166;2278
1611328674.903380;1652;166;2278
1611328674.905833;1648;153;2280
1611328674.919360;1645;147;2280
1611328674.934379;1642;138;2280
1611328674.937256;1639;137;2280
1611328674.947749;1636;135;2280
1611328674.958525;1633;127;2280
1611328674.968021;1631;118;2280
1611328674.978631;1628;126;2280
1611328674.988718;1625;129;2280
1611328675.001715;1623;134;2280
1611328675.009015;1621;132;2280
1611328675.025095;1618;139;2280
1611328675.035301;1616;137;2280
1611328675.038814;1614;132;2280
1611328675.054419;1612;130;2278
1611328675.064836;1610;134;2280
1611328675.075143;1608;133;2280
1611328675.084473;1607;132;2280
1611328675.095554;1605;124;2280
1611328675.103158;1603;109;2280
1611328675.109686;1601;106;2278
1611328675.125727;1608;89;2280
1611328675.135588;1604;94;2280
1611328675.138257;1609;75;2280
1611328675.152948;1649;67;2280
1611328675.158752;1685;63;2280
1611328675.169678;1745;61;2280
1611328677.332976;576;197;2280
1611328677.348314;576;282;2280
1611328677.351647;577;325;2280
1611328677.368135;580;291;2280
1611328677.371337;581;300;2280
1611328677.383445;573;400;2280
1611328677.391568;569;390;2280
1611328677.401772;570;494;2280
1611328677.416733;577;551;2280
1611328677.425489;588;356;2280
1611328677.432211;583;101;2280
1611328677.548833;434;195;2280
1611328677.558158;501;356;2280
1611328677.568238;544;441;2280
1611328677.574209;566;446;2280
1611328677.589072;573;416;2280
1611328677.599056;564;518;2280
1611328677.602724;539;1618;2280
1611328677.616628;536;5333;2280
1611328677.623151;547;8889;2280
1611328677.632229;558;8802;2280
1611328677.643687;570;7870;2280
1611328677.656416;582;6086;2280
1611328677.664591;594;8149;2280
1611328677.674709;605;9469;2280
1611328677.683059;616;8370;2280
1611328677.694618;628;7895;2280
1611328677.704661;640;6092;2280
1611328677.714860;651;5471;2280
1611328677.724856;664;4605;2280
1611328677.740622;676;3572;2280
1611328677.750885;690;2750;2280
1611328677.757679;706;2267;2280
1611328677.770526;718;4478;2280
1611328677.779315;731;12185;2280
1611328677.789072;744;11605;2280
1611328677.801052;759;3523;2280
1611328677.807938;772;4332;2280
1611328677.817260;785;5988;2280
1611328677.822797;798;7135;2280
1611328677.834572;811;7175;2280
1611328677.851741;824;7018;2280
1611328677.858570;837;7632;2280
1611328677.866235;849;7761;2280
1611328677.872037;862;8129;2280
1611328677.883918;874;7340;2280
1611328677.894554;887;6260;2280
1611328677.904846;899;5326;2280
1611328677.915447;912;4688;2280
1611328677.925761;925;3858;2280
1611328677.934129;939;2961;2280
1611328677.946018;951;7310;2280
1611328677.956101;965;3267;2280
1611328677.971494;982;1477;2280
1611328677.981717;996;1193;2280
1611328677.992254;1008;1047;2280
1611328678.002280;1021;982;2280
1611328678.006925;1033;1289;2280
1611328678.022232;1047;1859;2280
1611328678.031759;1060;1371;2280
1611328678.042725;1070;724;2280
1611328678.052180;1081;577;2280
1611328678.057644;1090;469;2280
1611328678.072798;1099;324;2280
1611328678.082003;1104;189;2280
1611328678.085372;1105;110;2280
1611328678.100004;1105;75;2280
1611328685.975276;574;238;2280
1611328685.980455;578;256;2280
1611328685.997660;585;244;2280
1611328686.001735;589;189;2280
1611328686.016298;589;132;2280
1611328686.028034;591;96;2280
1611328686.038085;592;75;2280
1611328686.048005;594;60;2280
1611328686.165706;582;111;2280
1611328686.182595;581;177;2280
1611328686.190032;575;279;2280
1611328686.204960;564;428;2280
1611328686.211642;539;909;2280
1611328686.229316;528;1629;2280
1611328686.233648;530;2818;2280
1611328686.249539;539;3051;2280
1611328686.258730;550;3214;2280
1611328686.268963;559;4694;2280
1611328686.277465;570;5164;2280
1611328686.285671;581;6175;2280
1611328686.299949;592;7209;2280
1611328686.309663;603;7187;2280
1611328686.310696;614;7763;2280
1611328686.320781;627;10254;2280
1611328686.332914;638;9461;2280
1611328686.341228;650;7454;2280
1611328686.353455;663;5185;2280
1611328686.361169;676;4382;2280
1611328686.374088;691;2666;2280
1611328686.390822;705;2386;2280
1611328686.394239;715;7681;2280
1611328686.404514;726;12570;2280
1611328686.414641;741;3692;2280
1611328686.424373;754;4273;2280
1611328686.440692;766;5274;2280
1611328686.450097;779;6578;2280
1611328686.460830;792;6898;2280
1611328686.468163;805;6081;2280
1611328686.476838;818;5384;2280
1611328686.488502;831;4828;2280
1611328686.493294;843;4750;2280
1611328686.511109;855;4479;2280
1611328686.512155;868;4210;2280
1611328686.531161;880;3760;2280
1611328686.541050;892;3439;2280
1611328686.544733;904;3165;2280
1611328686.561569;916;2511;2280
1611328686.562612;929;6400;2280
1611328686.577103;940;9907;2280
1611328686.583792;954;4985;2280
1611328686.595378;970;1790;2280
1611328686.603835;982;650;2280
1611328686.613777;993;469;2280
1611328686.625549;1005;426;2280
1611328686.641931;1016;462;2280
1611328686.642922;1031;659;2280
1611328686.661344;1044;678;2280
1611328686.672014;1056;516;2280
1611328686.676469;1062;300;2280
1611328686.691325;1069;244;2280
1611328686.702350;1074;190;2280
1611328686.712069;1076;144;2280
1611328686.719076;1077;101;2280
1611328686.731557;1070;80;2280
1611328688.647753;737;364;2280
1611328688.655504;712;1160;2280
1611328688.672462;715;3352;2280
1611328688.683328;724;5790;2280
1611328688.691544;736;7037;2280
1611328688.702523;749;6690;2280
1611328688.711078;762;5201;2280
1611328688.722649;775;4792;2280
1611328688.726161;788;6208;2280
1611328688.743255;801;7620;2280
1611328688.746081;813;7928;2280
1611328688.756988;825;8950;2280
1611328688.773369;839;5329;2280
1611328688.776125;852;3551;2280
1611328688.791181;868;2495;2280
1611328688.795648;883;1378;2280
1611328688.807216;897;930;2280
1611328688.816261;909;759;2280
1611328688.828703;921;716;2280
1611328688.840279;933;780;2280
1611328688.846776;946;770;2280
1611328688.858807;958;748;2280
1611328688.868966;972;698;2280
1611328688.876959;984;637;2280
1611328688.894607;997;669;2280
1611328688.904571;1015;765;2280
1611328688.909253;1036;1076;2280
1611328688.924515;1053;1643;2280
1611328688.930741;1069;2915;2280
1611328688.944311;1081;3759;2280
1611328688.945312;1096;3410;2280
1611328688.964460;1108;2635;2280
1611328688.974083;1120;2024;2280
1611328688.981897;1133;2050;2280
1611328688.991099;1147;2243;2280
1611328688.997849;1160;2245;2280
1611328689.008524;1173;2000;2280
1611328689.025207;1184;2574;2280
1611328689.028073;1195;3175;2280
1611328689.039928;1207;2811;2280
1611328689.047964;1220;2214;2280
1611328689.065588;1231;1276;2280
1611328689.066624;1243;1067;2280
1611328689.078009;1254;840;2280
1611328689.089671;1266;603;2280
1611328689.097778;1273;396;2280
1611328689.115600;1277;231;2280
1611328689.124574;1278;134;2280
1611328689.127662;1276;84;2280
1611328689.145435;1240;65;2280
1611328689.790978;670;129;2280
1611328689.809504;676;176;2280
1611328689.816598;684;190;2280
1611328689.829647;691;188;2280
1611328689.839114;693;138;2280
1611328689.849810;696;83;2280
1611328689.974560;700;100;2280
1611328689.983132;699;153;2280
1611328690.000879;689;246;2280
1611328690.005568;662;491;2280
1611328690.014628;628;1684;2280
1611328690.031014;623;5867;2280
1611328690.040922;629;13567;2280
1611328690.051078;639;3574;2280
1611328690.056021;651;3504;2280
1611328690.071109;664;3096;2280
1611328690.074027;678;2946;2280
1611328690.091077;690;3659;2280
1611328690.093896;702;9762;2280
1611328690.105499;715;11497;2280
1611328690.113249;728;12147;2280
1611328690.124543;740;9011;2280
1611328690.140012;754;4735;2280
1611328690.143817;767;4865;2280
1611328690.160845;785;1788;2280
1611328690.165781;801;439;2280
1611328690.174015;814;314;2280
1611328690.185783;827;335;2280
1611328690.196151;846;551;2280
1611328690.206194;861;880;2280
1611328690.221969;876;1479;2280
1611328690.227045;889;2678;2280
1611328690.241938;902;4719;2280
1611328690.251738;914;7536;2280
1611328690.256973;927;10617;2280
1611328690.271766;941;12134;2280
1611328690.282454;955;13565;2280
1611328690.292121;969;14183;2280
1611328690.298824;983;13266;2280
1611328690.312723;997;13086;2280
1611328690.321692;1012;13747;2280
1611328690.324720;1027;14484;2280
1611328690.339164;1042;13270;2280
1611328690.344530;1058;10055;2280
1611328690.356044;1074;5014;2280
1611328690.364513;1092;2280;2280
1611328690.374665;1106;2565;2280
1611328690.386906;1122;3074;2280
1611328690.397159;1134;2670;2280
1611328690.407479;1146;2701;2280
1611328690.417442;1157;3515;2280
1611328690.425694;1172;3214;2280
1611328690.437441;1184;2080;2280
1611328690.445803;1196;1526;2280
1611328690.463417;1209;1274;2280
1611328690.464418;1221;846;2280
1611328690.479247;1230;460;2280
1611328690.493633;1236;222;2280
1611328690.499322;1236;129;2280
1611328690.510100;1225;77;2280
1611328690.523232;1190;61;2280
1611328708.627434;454;272;2288
1611328708.636396;463;389;2288
1611328708.648997;469;526;2288
1611328708.657352;471;653;2288
1611328708.668097;473;958;2288
1611328708.678095;466;829;2288
1611328708.693329;459;1073;2288
1611328708.697996;462;1375;2288
1611328708.708613;463;1420;2288
1611328708.723644;460;1336;2288
1611328708.727542;460;1376;2288
1611328708.741229;455;1327;2288
1611328708.746343;450;1270;2288
1611328708.764184;448;1307;2288
1611328708.773579;458;1468;2288
1611328708.783314;465;1434;2288
1611328708.791174;465;1329;2288
1611328708.796984;447;1043;2288
1611328708.808354;414;621;2288
1611328708.824557;432;745;2288
1611328708.827329;457;605;2288
1611328708.841136;466;576;2286
1611328708.847861;468;831;2288
1611328708.857349;470;808;2288
1611328708.869100;465;837;2288
1611328708.879172;456;1448;2288
1611328708.890517;454;3159;2288
1611328708.899213;456;11174;2288
1611328708.907537;464;3799;2288
1611328708.925154;477;3483;2288
1611328708.935302;490;3460;2288
1611328708.941346;503;3422;2288
1611328708.954134;517;2887;2288
1611328708.959995;531;4565;2288
1611328708.975279;542;11517;2288
1611328708.977512;555;8143;2288
1611328708.991312;569;7974;2288
1611328708.997792;581;11542;2288
1611328709.008459;596;6938;2288
1611328709.025346;610;4251;2288
1611328709.028176;624;4494;2288
1611328709.040117;637;10453;2288
1611328709.048742;653;4891;2288
1611328709.060845;666;6938;2288
1611328709.068746;680;8235;2288
1611328709.078944;695;10133;2288
1611328709.089926;709;10676;2288
1611328709.099967;724;10590;2288
1611328709.109834;738;10707;2288
1611328709.120044;752;9689;2288
1611328709.129972;767;9435;2288
1611328709.146289;782;8871;2288
1611328709.156439;797;7668;2288
1611328709.166367;811;5982;2288
1611328709.168923;825;4879;2288
1611328709.186700;839;3783;2286
1611328709.191383;855;2648;2288
1611328709.206228;871;8631;2288
1611328709.209109;888;3726;2288
1611328709.222953;900;2554;2288
1611328709.229439;914;2336;2288
1611328709.240393;929;2205;2288
1611328709.256657;944;2154;2288
1611328709.259589;958;2170;2288
1611328709.274526;972;2278;2288
1611328709.280191;987;1558;2288
1611328709.290926;1001;1047;2288
1611328709.301077;1014;759;2288
1611328709.312463;1025;474;2288
1611328709.321284;1028;224;2288
1611328709.331312;1010;65;2288
1611328709.425322;1833;64;2288
1611328709.431824;1862;71;2288
1611328709.447798;1873;71;2288
1611328709.458001;1880;68;2288
1611328709.460552;1893;63;2288
1611328709.507977;2665;68;2288
1611328709.510400;2656;79;2288
1611328709.522449;2616;80;2288
1611328709.532480;2569;89;2288
1611328709.540785;2550;85;2288
1611328709.556611;2533;77;2288
1611328709.562526;2496;84;2288
1611328709.578058;2463;77;2288
1611328709.588830;2463;69;2288
1611328709.592701;2458;70;2288
1611328709.606315;2437;67;2288
1611328714.223568;1927;75;2288
1611328714.233403;1925;86;2288
1611328714.241467;1924;91;2288
1611328714.253297;1921;109;2288
1611328714.263874;1918;113;2288
1611328714.270923;1914;121;2288
1611328714.276648;1910;124;2288
1611328714.287231;1905;129;2288
1611328714.304376;1900;140;2288
1611328714.306523;1894;125;2288
1611328714.320988;1888;116;2288
1611328714.327675;1882;114;2288
1611328714.337916;1875;138;2288
1611328714.348489;1867;143;2288
1611328714.358696;1851;162;2288
1611328714.368691;1830;169;2288
1611328714.379798;1818;159;2288
1611328714.389061;1799;168;2288
1611328714.403725;1775;179;2288
1611328714.408976;1750;186;2288
1611328714.420195;1726;189;2288
1611328714.434004;1714;164;2288
1611328714.438857;1709;149;2288
1611328714.454317;1704;138;2288
1611328714.463625;1699;129;2288
1611328714.471473;1693;131;2288
1611328714.478999;1688;124;2288
1611328714.488575;1683;137;2288
1611328714.505269;1678;141;2288
1611328714.508178;1672;146;2288
1611328714.519665;1667;145;2288
1611328714.535346;1661;147;2288
1611328714.538776;1655;146;2288
1611328714.548782;1649;145;2288
1611328714.558837;1643;140;2288
1611328714.569092;1637;143;2288
1611328714.579709;1631;128;2288
1611328714.589645;1625;122;2288
1611328714.602283;1618;109;2288
1611328714.609758;1613;94;2288
1611328714.625633;1607;80;2288
1611328714.635340;1618;66;2288
1611328735.302607;2424;70;2288
1611328735.308321;2396;67;2288
1611328735.319652;2387;67;2288
1611328735.329092;2380;78;2288
1611328735.339593;2379;75;2288
1611328735.349483;2357;79;2288
1611328735.359526;2325;64;2288
1611328735.368238;2317;69;2288
1611328735.380523;2306;81;2288
1611328735.389669;2281;99;2288
1611328735.399683;2248;108;2288
1611328735.409570;2216;112;2288
1611328735.425485;2185;108;2288
1611328735.435262;2154;104;2288
1611328735.439205;2125;108;2288
1611328735.454076;2096;117;2288
1611328735.460680;2068;117;2288
1611328735.475334;2040;123;2288
1611328735.485916;2013;110;2288
1611328735.494378;1986;102;2288
1611328735.504057;1964;91;2288
1611328735.510048;1945;73;2288
1611328736.380668;2083;167;2288
1611328736.388239;2079;153;2288
1611328736.471342;1941;60;2288
1611328736.475278;1963;67;2288
1611328736.488978;1963;77;2288
1611328736.495770;1959;98;2288
1611328736.505836;1955;93;2288
1611328736.517683;1950;114;2288
1611328736.531721;1945;100;2288
1611328736.535506;1939;108;2288
1611328736.551136;1933;126;2288
1611328736.561903;1927;121;2288
1611328736.568855;1920;96;2288
1611328736.581516;1913;79;2288
1611328736.584240;1906;70;2288
1611328736.601671;1940;67;2288
1611328736.604410;1980;60;2288
1611328736.652222;2731;65;2288
1611328736.654859;2701;68;2288
1611328736.672085;2689;72;2288
1611328736.682791;2665;77;2288
1611328736.686508;2622;79;2288
1611328736.696391;2586;69;2288
1611328736.707363;2545;67;2288
1611328736.715836;2506;74;2288
1611328736.726686;2500;65;2288
1611328736.735068;2457;68;2288
1611328736.752992;2426;64;2288
1611328736.762410;2398;69;2288
1611328736.768431;2366;72;2288
1611328736.776484;2326;76;2288
1611328736.792907;2297;78;2288
1611328736.802899;2259;81;2288
1611328736.809908;2245;89;2288
1611328736.820321;2216;83;2288
1611328736.825818;2184;95;2288
1611328736.836457;2151;102;2288
1611328736.852449;2119;102;2288
1611328736.856074;2089;106;2288
1611328736.873168;2060;109;2288
1611328736.883442;2032;106;2288
1611328736.886286;2004;103;2288
1611328736.903717;1979;115;2288
1611328736.904767;1954;105;2288
1611328736.919838;1930;89;2288
1611328736.934038;1907;86;2288
1611328736.937887;1896;80;2288
1611328736.947725;1892;71;2288
1611328736.963954;1897;72;2288
1611328736.968210;1918;63;2288
1611328736.983973;1907;65;2288
1611328736.988705;1884;63;2288
1611328737.003928;1872;62;2288
1611328737.006488;1861;60;2288
1611328738.139477;1858;81;2288
1611328738.149458;1855;80;2288
1611328738.152162;1853;99;2288
1611328738.167339;1850;99;2288
1611328738.172095;1846;107;2288
1611328738.186082;1851;118;2288
1611328738.192245;1845;131;2288
1611328738.203490;1840;134;2288
1611328738.211487;1834;138;2288
1611328738.224485;1827;146;2288
1611328738.234765;1820;152;2288
1611328738.245199;1809;156;2288
1611328738.254807;1802;151;2288
1611328738.269895;1792;154;2288
1611328738.275027;1755;200;2288
1611328738.286526;1713;242;2288
1611328738.295974;1680;249;2288
1611328738.310443;1654;250;2288
1611328738.320887;1629;290;2288
1611328738.327130;1611;309;2288
1611328738.340087;1594;367;2288
1611328738.351005;1580;366;2288
1611328738.358802;1567;371;2288
1611328738.367181;1555;374;2288
1611328738.373824;1545;292;2288
1611328738.384541;1534;305;2288
1611328738.401694;1526;256;2288
1611328738.405406;1522;163;2288
1611328738.416128;1519;93;2288
1611328752.323183;584;187;2288
1611328752.324188;586;191;2288
1611328752.339093;587;158;2288
1611328752.346132;588;104;2288
1611328752.356172;590;86;2288
1611328752.366839;590;87;2288
1611328752.443670;2676;123;2288
1611328752.450970;2607;93;2288
1611328752.503993;1107;172;2288
1611328752.513973;798;370;2288
1611328752.524011;565;900;2288
1611328752.532227;521;2416;2288
1611328752.538719;520;5087;2288
1611328752.554049;526;8595;2288
1611328752.557054;536;10651;2288
1611328752.574189;547;9605;2288
1611328752.575204;558;9124;2288
1611328752.588900;569;10247;2288
1611328752.597825;580;10914;2288
1611328752.607793;592;10669;2288
1611328752.617795;605;7883;2288
1611328752.629195;618;4864;2288
1611328752.638704;632;2797;2288
1611328752.648365;647;2616;2288
1611328752.658312;659;2116;2288
1611328752.674838;669;2472;2288
1611328752.684879;681;2362;2288
1611328752.690923;691;2381;2288
1611328752.704035;703;2605;2288
1611328752.709383;715;2899;2288
1611328752.725045;727;3688;2288
1611328752.728255;736;7755;2288
1611328752.739616;748;11506;2288
1611328752.754748;760;13525;2288
1611328752.756599;773;13805;2288
1611328752.775205;786;13379;2288
1611328752.776204;799;11931;2288
1611328752.789270;812;10526;2288
1611328752.805481;825;9503;2288
1611328752.808688;838;7802;2288
1611328752.822105;851;6322;2288
1611328752.822105;865;5805;2288
1611328752.841077;880;5910;2288
1611328752.849582;896;6758;2288
1611328752.859668;914;6752;2288
1611328752.871077;932;10130;2288
1611328752.885183;951;4908;2288
1611328752.895915;966;6742;2288
1611328752.905921;978;10094;2288
1611328752.908642;990;10951;2288
1611328752.923228;1003;10928;2288
1611328752.927382;1015;12091;2288
1611328752.942915;1027;10508;2288
1611328752.956016;1039;11238;2288
1611328752.959580;1053;7284;2288
1611328752.971756;1067;4587;2288
1611328752.986213;1081;6945;2288
1611328752.988380;1095;5398;2288
1611328753.004085;1105;1248;2288
1611328753.016467;1109;425;2288
1611328753.020439;1114;236;2288
1611328753.029572;1115;145;2288
1611328753.038065;1073;91;2288
1611328753.049501;1029;72;2288
1611328782.150689;573;85;2296
1611328782.155655;580;136;2296
1611328782.167434;587;142;2296
1611328782.175814;593;147;2296
1611328782.187583;599;147;2296
1611328782.196011;604;146;2296
1611328782.213655;610;139;2296
1611328782.216890;616;114;2296
1611328782.233689;621;104;2296
1611328782.243519;626;106;2296
1611328782.247859;629;128;2296
1611328782.263592;634;132;2296
1611328782.271145;637;136;2296
1611328782.281034;641;149;2296
1611328782.288406;644;139;2296
1611328782.298533;648;126;2296
1611328782.314113;651;114;2296
1611328782.316787;654;112;2296
1611328782.330662;657;123;2296
1611328782.337145;659;125;2296
1611328782.346947;662;153;2296
1611328782.358159;669;186;2296
1611328782.368661;675;229;2296
1611328782.378710;674;312;2296
1611328782.388779;663;472;2296
1611328782.397095;656;639;2296
1611328782.409625;657;813;2296
1611328782.419102;664;1059;2296
1611328782.434110;674;1572;2296
1611328782.444684;684;2539;2296
1611328782.449745;696;5717;2296
1611328782.464294;708;8595;2296
1611328782.474859;719;10352;2296
1611328782.484771;731;9765;2296
1611328782.486683;744;9661;2296
1611328782.505117;757;8525;2296
1611328782.514088;771;8222;2296
1611328782.522645;784;6414;2296
1611328782.532031;797;5093;2296
1611328782.536630;811;5841;2296
1611328782.548436;825;12129;2296
1611328782.564590;839;10668;2296
1611328782.568256;852;3603;2296
1611328782.580998;865;4483;2296
1611328782.588541;878;5450;2296
1611328782.598248;890;6141;2296
1611328782.608782;903;6744;2296
1611328782.619635;916;6651;2296
1611328782.629465;928;5687;2296
1611328782.639922;941;5721;2296
1611328782.647397;954;6101;2296
1611328782.665802;967;5893;2296
1611328782.672491;980;5152;2296
1611328782.680946;994;4433;2296
1611328782.696002;1007;3645;2296
1611328782.705892;1020;2894;2296
1611328782.715755;1034;2315;2296
1611328782.726354;1045;8771;2296
1611328782.731420;1058;7054;2296
1611328782.745976;1074;3494;2296
1611328782.749437;1089;1060;2296
1611328782.764893;1097;567;2296
1611328782.768089;1109;533;2296
1611328782.780734;1123;588;2296
1611328782.796199;1136;546;2296
1611328782.799447;1147;462;2296
1611328782.813604;1154;312;2296
1611328782.820552;1159;235;2296
1611328782.830497;1163;181;2296
1611328782.841144;1164;150;2296
1611328782.850971;1165;125;2296
1611328782.861096;1166;84;2296
1611328782.870938;1127;64;2296
1611328787.230688;702;137;2296
1611328787.248553;702;123;2296
1611328787.251318;703;117;2296
1611328787.261438;704;91;2296
1611328787.277806;705;91;2296
1611328787.279287;704;92;2296
1611328787.292710;705;90;2296
1611328787.301760;705;81;2296
1611328787.330270;749;61;2296
1611328787.342429;748;63;2296
1611328787.353137;746;75;2296
1611328787.363119;744;78;2296
1611328787.376064;742;84;2296
1611328787.383257;740;81;2296
1611328787.399338;738;77;2296
1611328787.409712;737;73;2296
1611328787.413826;736;76;2296
1611328787.427263;734;79;2296
1611328787.435386;733;94;2296
1611328787.446496;731;136;2296
1611328787.458589;728;155;2296
1611328787.469513;726;146;2296
1611328787.479638;725;140;2296
1611328787.483617;723;143;2296
1611328787.499899;715;179;2296
1611328787.509859;693;284;2296
1611328787.512598;669;610;2296
1611328787.526345;661;2315;2296
1611328787.533119;668;5228;2296
1611328787.543930;678;9909;2296
1611328787.554139;689;9601;2296
1611328787.565131;700;5970;2296
1611328787.575886;712;8972;2296
1611328787.585062;724;9949;2296
1611328787.594216;737;11025;2296
1611328787.605505;750;9926;2296
1611328787.614501;762;9038;2296
1611328787.630272;775;6823;2296
1611328787.633960;788;4872;2296
1611328787.650547;802;2563;2296
1611328787.659848;815;11104;2296
1611328787.670583;828;14992;2296
1611328787.676641;841;6513;2296
1611328787.683306;855;4326;2296
1611328787.700155;867;5060;2296
1611328787.710864;878;5905;2296
1611328787.718672;891;6568;2296
1611328787.727143;904;6597;2296
1611328787.733417;917;5930;2296
1611328787.743382;929;5698;2296
1611328787.761392;942;5734;2296
1611328787.762443;956;5552;2296
1611328787.776340;969;4680;2296
1611328787.784327;982;3735;2296
1611328787.794095;995;3063;2296
1611328787.805487;1008;2496;2296
1611328787.815511;1021;2173;2296
1611328787.825455;1035;7431;2296
1611328787.835483;1048;8855;2296
1611328787.845585;1064;5594;2296
1611328787.861171;1080;4214;2296
1611328787.871740;1093;8810;2296
1611328787.875910;1106;10812;2296
1611328787.892333;1119;4607;2296
1611328787.895740;1133;6365;2296
1611328787.911717;1146;7075;2296
1611328787.914086;1158;7089;2296
1611328787.931867;1172;5573;2296
1611328787.941823;1188;3689;2296
1611328787.952238;1202;5727;2296
1611328787.960938;1215;2216;2296
1611328787.963603;1218;260;2296
1611328787.974839;1217;97;2296
1611328787.992261;1192;64;2296
1611328789.901821;518;342;2296
1611328789.910919;524;410;2296
1611328789.921910;531;435;2296
1611328789.931463;532;360;2296
1611328789.941479;530;308;2296
1611328789.952262;527;310;2296
1611328789.962005;525;311;2296
1611328789.964781;525;287;2296
1611328789.975349;527;236;2296
1611328789.992267;528;177;2296
1611328789.994937;527;145;2296
1611328790.007164;528;128;2296
1611328790.014690;528;115;2296
1611328790.026026;528;106;2296
1611328790.034793;527;110;2296
1611328790.044851;527;130;2296
1611328790.056983;527;114;2296
1611328790.066773;527;100;2296
1611328790.075070;526;88;2296
1611328790.091341;525;68;2296
1611328790.103016;523;87;2296
1611328790.108469;523;121;2296
1611328790.122561;518;210;2296
1611328790.132121;515;375;2296
1611328790.142979;519;500;2296
1611328790.143979;525;493;2296
1611328790.163020;529;411;2296
1611328790.173137;532;267;2296
1611328790.175610;533;209;2296
1611328790.192895;534;194;2296
1611328790.195974;534;231;2296
1611328790.206215;531;395;2296
1611328790.215249;523;875;2296
1611328790.224940;526;3614;2296
1611328790.235692;534;7603;2296
1611328790.247345;545;10238;2296
1611328790.255925;555;12199;2296
1611328790.267456;566;10696;2296
1611328790.276019;577;10664;2296
1611328790.290398;588;8482;2296
1611328790.295928;599;6087;2296
1611328790.314043;612;3788;2296
1611328790.323914;623;6291;2296
1611328790.327361;629;5607;2296
1611328790.338907;638;3764;2296
1611328790.347882;651;3302;2296
1611328790.364059;665;6185;2296
1611328790.373600;678;11008;2296
1611328790.383862;689;15735;2296
1611328790.391006;703;3198;2296
1611328790.397064;715;4133;2296
1611328790.407205;727;4757;2296
1611328790.423762;741;4509;2296
1611328790.426234;753;4240;2296
1611328790.441197;766;4083;2296
1611328790.446444;778;4295;2296
1611328790.461772;790;4365;2296
1611328790.466797;803;4300;2296
1611328790.478670;815;3830;2296
1611328790.490132;827;3322;2296
1611328790.498816;839;2985;2296
1611328790.508566;853;3022;2296
1611328790.519329;866;2881;2296
1611328790.527107;878;5793;2296
1611328790.545067;889;9435;2296
1611328790.555259;904;10919;2296
1611328790.559294;917;8471;2296
1611328790.574419;929;6578;2296
1611328790.581160;940;6073;2296
1611328790.592142;952;9651;2296
1611328790.599427;962;8307;2296
1611328790.615100;976;4933;2296
1611328790.625337;989;3875;2296
1611328790.632568;1000;3616;2296
1611328790.641441;1012;2578;2296
1611328790.655599;1025;5326;2296
1611328790.658516;1041;3344;2296
1611328790.675659;1055;5651;2296
1611328790.677817;1066;764;2296
1611328790.687951;1071;279;2296
1611328790.700177;1072;144;2296
1611328790.708100;1070;85;2296
1611328792.404556;639;161;2296
1611328792.407764;631;218;2296
1611328792.423048;626;236;2296
1611328792.426254;623;242;2296
1611328792.438418;621;216;2296
1611328792.446812;619;210;2296
1611328792.461851;618;196;2296
1611328792.470747;618;196;2296
1611328792.484372;619;195;2296
1611328792.494270;618;177;2296
1611328792.504306;619;147;2296
1611328792.514651;619;129;2296
1611328792.524685;619;132;2296
1611328792.531959;619;134;2296
1611328792.540421;619;150;2296
1611328792.554886;618;146;2296
1611328792.563906;618;159;2296
1611328792.573306;618;167;2296
1611328792.580861;619;165;2296
1611328792.595257;620;129;2296
1611328792.604774;620;116;2296
1611328792.615026;621;109;2296
1611328792.624213;622;111;2296
1611328792.626966;622;106;2296
1611328792.639606;623;99;2296
1611328792.655110;624;92;2296
1611328792.657110;624;125;2296
1611328792.667930;623;153;2296
1611328792.679995;619;202;2296
1611328792.689868;614;243;2296
1611328792.699641;612;227;2296
1611328792.706466;613;220;2296
1611328792.719061;613;224;2296
1611328792.727724;606;293;2296
1611328792.738952;593;419;2296
1611328792.747117;584;591;2296
1611328792.766221;584;904;2296
1611328792.770496;588;1742;2296
1611328792.781504;595;3009;2296
1611328792.791795;605;4177;2296
1611328792.805584;615;5108;2296
1611328792.806623;626;5818;2296
1611328792.836777;638;6127;2296
1611328792.837790;649;5854;2296
1611328792.846095;661;5210;2296
1611328792.856460;672;4721;2296
1611328792.859319;684;4352;2296
1611328792.871549;696;3886;2296
1611328792.879691;709;3564;2296
1611328792.889692;721;3247;2296
1611328792.900090;734;2973;2296
1611328792.911859;747;3380;2296
1611328792.921409;760;7343;2296
1611328792.930392;772;10213;2296
1611328792.939177;784;4568;2296
1611328792.950285;797;5474;2296
1611328792.960186;808;6507;2296
1611328792.970270;820;7281;2296
1611328792.980353;831;8259;2296
1611328792.997232;843;8714;2296
1611328793.007269;854;8370;2296
1611328793.012340;866;7250;2296
1611328793.027506;878;6522;2296
1611328793.037565;889;6236;2296
1611328793.046347;901;6139;2296
1611328793.055153;913;5785;2296
1611328793.060215;924;5073;2296
1611328793.077536;936;4667;2296
1611328793.087666;947;4367;2296
1611328793.090268;959;3618;2296
1611328793.105563;971;2708;2296
1611328793.110755;983;4136;2296
1611328793.122602;994;8667;2296
1611328793.131710;1007;4520;2296
1611328793.143255;1020;2122;2296
1611328793.152498;1031;1368;2296
1611328793.162519;1042;1190;2296
1611328793.170805;1053;1142;2296
1611328793.182516;1065;1422;2296
1611328793.192551;1078;2015;2296
1611328793.203539;1090;2326;2296
1611328793.212718;1103;2160;2296
1611328793.227428;1114;1887;2296
1611328793.232334;1125;1460;2296
1611328793.244219;1137;1038;2296
1611328793.258379;1146;750;2296
1611328793.265734;1155;523;2296
1611328793.278284;1164;376;2296
1611328793.288527;1169;258;2296
1611328793.298937;1172;173;2296
1611328793.306294;1172;115;2296
1611328793.314742;1148;75;2296
1611328799.706534;528;231;2296
1611328799.719996;527;328;2296
1611328799.728080;532;329;2296
1611328799.734142;534;270;2296
1611328799.750868;533;222;2296
1611328799.753087;529;246;2296
1611328799.765890;525;250;2296
1611328799.781133;522;170;2296
1611328799.784003;570;92;2296
1611328799.801244;1095;616;2296
1611328799.802295;1223;583;2296
1611328799.833128;503;100;2296
1611328799.881694;523;190;2296
1611328799.891035;524;178;2296
1611328799.895956;524;185;2296
1611328799.906871;521;261;2296
1611328799.919983;517;383;2296
1611328799.931711;519;488;2296
1611328799.941559;524;448;2296
1611328799.951877;530;326;2296
1611328799.961860;529;280;2296
1611328799.972209;516;481;2296
1611328799.981656;494;1228;2296
1611328799.984649;491;3636;2296
1611328799.999878;498;8013;2296
1611328800.005229;510;10708;2296
1611328800.017822;523;12274;2296
1611328800.031890;536;9922;2296
1611328800.034869;549;5291;2296
1611328800.050545;559;12778;2296
1611328800.055569;570;15885;2296
1611328800.066993;583;13051;2296
1611328800.076298;594;5377;2296
1611328800.091525;606;5885;2296
1611328800.098464;615;4675;2296
1611328800.108993;627;4034;2296
1611328800.122793;640;3521;2296
1611328800.133074;654;1929;2296
1611328800.134122;667;1533;2296
1611328800.149754;680;1328;2296
1611328800.155608;694;1190;2296
1611328800.172865;707;1079;2296
1611328800.182480;720;985;2296
1611328800.185700;734;906;2296
1611328800.199949;748;853;2296
1611328800.206296;763;809;2296
1611328800.216448;776;782;2296
1611328800.226719;791;752;2296
1611328800.237108;804;740;2296
1611328800.247477;817;733;2296
1611328800.257778;834;772;2296
1611328800.266048;849;854;2296
1611328800.277900;866;1138;2296
1611328800.287883;881;2030;2296
1611328800.297842;897;3929;2296
1611328800.308016;912;4380;2296
1611328800.323967;925;3198;2296
1611328800.328224;936;2057;2296
1611328800.343746;947;1807;2296
1611328800.352033;958;2102;2296
1611328800.359144;970;2253;2296
1611328800.373925;982;2224;2296
1611328800.383986;995;3545;2296
1611328800.394321;1010;3954;2296
1611328800.404142;1025;2594;2296
1611328800.405156;1037;1813;2296
1611328800.417490;1049;1529;2296
1611328800.434417;1064;957;2296
1611328800.435466;1075;439;2296
1611328800.449864;1082;201;2296
1611328800.458050;1083;103;2296
1611328800.468964;1068;66;2296
1611328807.311271;2619;104;2296
1611328807.327252;2573;87;2296
1611328807.331685;2528;71;2296
1611328807.343204;2526;85;2296
1611328807.351808;2483;130;2296
1611328807.368581;2441;110;2296
1611328811.373737;711;75;2296
1611328811.381096;712;66;2296
1611328811.569667;662;173;2296
1611328811.576611;625;394;2296
1611328811.589245;600;719;2296
1611328811.592271;596;1096;2296
1611328811.606749;600;1421;2296
1611328811.611459;607;1635;2296
1611328811.623472;616;1901;2296
1611328811.633129;625;2146;2296
1611328811.643450;636;2293;2296
1611328811.655997;647;2607;2296
1611328811.665270;658;3181;2296
1611328811.674238;669;4174;2296
1611328811.684164;679;5019;2296
1611328811.694356;691;5753;2296
1611328811.704261;703;6569;2296
1611328811.714504;716;6505;2296
1611328811.730399;729;5599;2296
1611328811.740713;744;2438;2296
1611328811.746186;755;1476;2296
1611328811.759694;767;2349;2296
1611328811.770657;777;9765;2296
1611328811.774797;790;11755;2296
1611328811.790153;803;4202;2296
1611328811.798629;814;5528;2296
1611328811.806214;826;6519;2296
1611328811.814660;838;8829;2296
1611328811.823877;849;9685;2296
1611328811.841228;861;9783;2296
1611328811.842278;873;9711;2296
1611328811.856036;884;8700;2296
1611328811.864492;895;8930;2296
1611328811.873173;906;9053;2296
1611328811.885321;918;8846;2296
1611328811.895445;930;7403;2296
1611328811.905601;942;6451;2296
1611328811.915523;953;6037;2296
1611328811.923611;964;4741;2296
1611328811.936505;976;4149;2296
1611328811.945591;988;3401;2296
1611328811.961683;1000;2465;2296
1611328811.965620;1011;8969;2296
1611328811.977982;1026;3515;2296
1611328811.991773;1040;695;2296
1611328811.997756;1044;252;2296
1611328812.011881;1051;282;2296
1611328812.022004;1067;415;2296
1611328812.031770;1083;494;2296
1611328812.041780;1095;421;2296
1611328812.048786;1103;338;2296
1611328812.062406;1110;229;2296
1611328812.072021;1113;188;2296
1611328812.074826;1114;146;2296
1611328812.090177;1116;132;2296
1611328812.095413;1118;116;2296
1611328812.105349;1104;79;2296
1611328813.830885;584;229;2296
1611328813.840835;584;296;2296
1611328813.848005;586;329;2296
1611328813.861212;587;321;2296
1611328813.870642;588;299;2296
1611328813.873637;585;282;2296
1611328813.888122;584;281;2296
1611328813.894321;585;257;2296
1611328813.903933;585;216;2296
1611328813.915372;584;191;2296
1611328813.925514;584;191;2296
1611328813.935402;584;196;2296
1611328813.945520;580;241;2296
1611328813.955686;575;257;2296
1611328813.966849;574;247;2296
1611328813.975898;575;242;2296
1611328813.990780;578;206;2296
1611328814.001843;579;176;2296
1611328814.006538;579;138;2296
1611328814.021885;579;174;2296
1611328814.032019;577;199;2296
1611328814.042031;576;231;2296
1611328814.043798;572;305;2296
1611328814.061163;572;412;2296
1611328814.071416;576;456;2296
1611328814.082308;582;461;2296
1611328814.089538;583;456;2296
1611328814.093655;575;531;2296
1611328814.105363;567;847;2296
1611328814.122476;569;1585;2296
1611328814.122476;576;3075;2296
1611328814.137800;586;5709;2296
1611328814.146853;597;9212;2296
1611328814.162643;608;14610;2296
1611328814.167260;621;2992;2296
1611328814.176895;633;4057;2296
1611328814.191360;645;4622;2296
1611328814.197165;657;5600;2296
1611328814.212756;668;8251;2296
1611328814.222798;679;8069;2296
1611328814.226771;690;4726;2296
1611328814.239640;690;5052;2296
1611328814.246816;700;5248;2296
1611328814.263104;712;8956;2296
1611328814.271991;724;15036;2296
1611328814.280263;737;6192;2296
1611328814.293063;750;4746;2296
1611328814.303182;762;5820;2296
1611328814.306173;774;7250;2296
1611328814.321462;786;8220;2296
1611328814.326450;799;8393;2296
1611328814.338012;811;8037;2296
1611328814.346848;823;7382;2296
1611328814.356994;835;7150;2296
1611328814.367272;846;7191;2296
1611328814.377314;858;7073;2296
1611328814.387461;870;6545;2296
1611328814.397858;882;5811;2296
1611328814.408123;894;5030;2296
1611328814.418047;906;4347;2296
1611328814.428204;919;3658;2296
1611328814.442791;931;2939;2296
1611328814.447819;944;2388;2296
1611328814.460309;959;2044;2296
1611328814.473176;976;11215;2296
1611328814.481218;992;8294;2296
1611328814.488631;1005;4847;2296
1611328814.504481;1017;5376;2296
1611328814.514165;1030;4342;2296
1611328814.524329;1040;6268;2296
1611328814.530255;1051;15915;2296
1611328814.538607;1067;4687;2296
1611328814.554224;1080;3947;2296
1611328814.557241;1093;2661;2296
1611328814.574498;1104;7459;2296
1611328814.577240;1116;4607;2296
1611328814.586836;1132;7626;2296
1611328814.597627;1146;3658;2296
1611328814.607670;1157;1047;2296
1611328814.618089;1159;354;2296
1611328814.629358;1160;173;2296
1611328814.638240;1160;96;2296
1611328814.648954;1122;70;2296
